,motion_thresh,age_l,age_u,n,med_rsq,CI_95,med_icc,CI_95_icc
0,50.0,6.0,18.0,20.0,0.788842119035,0.0171214563848,0.89566230036,0.0107721006546
