,motion_thresh,age_l,age_u,n,med_rsq,CI_95,med_icc,CI_95_icc
0,20.0,6.0,18.0,10.0,0.761292796511,0.459857447607,0.883241336838,0.207014000472
