,motion_thresh,age_l,age_u,n,med_rsq,CI_95,med_icc,CI_95_icc
0,50.0,6.0,18.0,10.0,0.778115541594,0.157489567006,0.891827896297,0.0584634872772
