,motion_thresh,age_l,age_u,n,med_rsq,CI_95,med_icc,CI_95_icc
0,30.0,6.0,18.0,10.0,0.780066510727,0.261087737571,0.889055634585,0.125208707023
