,motion_thresh,age_l,age_u,n,med_rsq,CI_95,med_icc,CI_95_icc
0,40.0,6.0,18.0,10.0,0.76022709287,0.591845226394,0.877518881771,0.215397722372
