,motion_thresh,age_l,age_u,n,med_rsq,CI_95,med_icc,CI_95_icc
0,20.0,6.0,18.0,20.0,0.883509038335,0.190308971548,0.941718747124,0.0835361254776
