,motion_thresh,age_l,age_u,n,med_rsq,CI_95,med_icc,CI_95_icc
0,30.0,6.0,18.0,20.0,0.885524305018,0.146259889343,0.943035990049,0.0729954922458
