,motion_thresh,age_l,age_u,n,med_rsq,CI_95,med_icc,CI_95_icc
0,10.0,6.0,18.0,10.0,0.733078510128,0.319546080395,0.872659619535,0.154097142372
