,motion_thresh,age_l,age_u,n,med_rsq,med_icc,CI_95_icc
0,10.0,6.0,18.0,30.0,-0.347812067489,0.956720358722,0.0674469456384
