,motion_thresh,age_l,age_u,n,med_rsq,med_icc,CI_95_icc
0,5.0,6.0,18.0,90.0,0.240020391757,0.984926242058,0.0175462761423
