,motion_thresh,age_l,age_u,n,med_rsq,med_icc,CI_95_icc
0,15.0,6.0,18.0,100.0,0.295968376308,0.986497089496,0.0235068497334
