,motion_thresh,age_l,age_u,n,med_rsq,med_icc,CI_95_icc
0,45.0,6.0,18.0,10.0,-0.798490426503,0.87126962521,0.149586602524
