,motion_thresh,age_l,age_u,n,med_rsq,med_icc,CI_95_icc
0,10.0,6.0,18.0,40.0,-0.21885899939,0.968037457335,0.0424265981406
