,motion_thresh,age_l,age_u,n,med_rsq,med_icc,CI_95_icc
0,30.0,6.0,18.0,40.0,-0.127741985556,0.967548212613,0.030894518888
