,motion_thresh,age_l,age_u,n,med_rsq,med_icc,CI_95_icc
0,40.0,6.0,18.0,10.0,-0.799701104725,0.873370020666,0.163771668128
