,motion_thresh,age_l,age_u,n,med_rsq,med_icc,CI_95_icc
0,25.0,6.0,18.0,100.0,0.308551513586,0.986356816096,0.0166294673494
