,motion_thresh,age_l,age_u,n,med_rsq,med_icc,CI_95_icc
0,5.0,6.0,18.0,80.0,0.195521286175,0.98335146956,0.0196088847437
