,motion_thresh,age_l,age_u,n,med_rsq,med_icc,CI_95_icc
0,35.0,6.0,18.0,40.0,-0.176038117319,0.965285071026,0.0601075789111
