,motion_thresh,age_l,age_u,n,med_rsq,med_icc,CI_95_icc
0,40.0,6.0,18.0,80.0,0.222972303454,0.983647319613,0.0287220499135
