,motion_thresh,age_l,age_u,n,med_rsq,med_icc,CI_95_icc
0,40.0,6.0,18.0,100.0,0.308590162193,0.985778364599,0.0289081580273
