,motion_thresh,age_l,age_u,n,med_rsq,med_icc,CI_95_icc
0,10.0,6.0,18.0,20.0,-0.541905140791,0.936515608163,0.0746883659452
