,motion_thresh,age_l,age_u,n,med_rsq,med_icc,CI_95_icc
0,5.0,6.0,18.0,20.0,-0.519246388269,0.933430368673,0.073571815982
