,motion_thresh,age_l,age_u,n,med_rsq,med_icc,CI_95_icc
0,5.0,6.0,18.0,10.0,-0.749134781665,0.872276987206,0.173490872867
