,motion_thresh,age_l,age_u,n,med_rsq,med_icc,CI_95_icc
0,20.0,6.0,18.0,100.0,0.304851028121,0.986296267488,0.0207740403365
