,motion_thresh,age_l,age_u,n,med_rsq,med_icc,CI_95_icc
0,40.0,6.0,18.0,40.0,-0.144051714479,0.966176959614,0.039313532154
