,motion_thresh,age_l,age_u,n,med_rsq,med_icc,CI_95_icc
0,40.0,6.0,18.0,60.0,0.0221243196826,0.977462270825,0.0465217629552
