,motion_thresh,age_l,age_u,n,med_rsq,med_icc,CI_95_icc
0,50.0,6.0,18.0,50.0,-0.0543392547143,0.973159199799,0.0221805343077
