,motion_thresh,age_l,age_u,n,med_rsq,med_icc,CI_95_icc
0,40.0,6.0,18.0,30.0,-0.294470762849,0.954502471314,0.0705360105369
