,motion_thresh,age_l,age_u,n,med_rsq,med_icc,CI_95_icc
0,25.0,6.0,18.0,10.0,-0.814697587895,0.876662799003,0.132041708354
