,motion_thresh,age_l,age_u,n,med_rsq,med_icc,CI_95_icc
0,45.0,6.0,18.0,40.0,-0.16906611004,0.96577971878,0.053620436936
