,motion_thresh,age_l,age_u,n,med_rsq,med_icc,CI_95_icc
0,5.0,6.0,18.0,100.0,0.293839295294,0.986796771261,0.016714650255
