,motion_thresh,age_l,age_u,n,med_rsq,med_icc,CI_95_icc
0,40.0,6.0,18.0,50.0,-0.0793142041216,0.972989609689,0.0310715751788
