,motion_thresh,age_l,age_u,n,med_rsq,med_icc,CI_95_icc
0,25.0,6.0,18.0,20.0,-0.551360811809,0.933570726649,0.106869447447
