,motion_thresh,age_l,age_u,n,med_rsq,med_icc,CI_95_icc
0,35.0,6.0,18.0,80.0,0.203335770772,0.98235980047,0.0291675928949
