,motion_thresh,age_l,age_u,n,med_rsq,med_icc,CI_95_icc
0,45.0,6.0,18.0,80.0,0.223395309045,0.984269004498,0.0252980097299
