,motion_thresh,age_l,age_u,n,med_rsq,med_icc,CI_95_icc
0,15.0,6.0,18.0,70.0,0.102186412082,0.981670919167,0.0289191203534
