,motion_thresh,age_l,age_u,n,med_rsq,med_icc,CI_95_icc
0,10.0,6.0,18.0,20.0,-0.603723245111,0.932997479763,0.0715067151962
