,motion_thresh,age_l,age_u,n,med_rsq,med_icc,CI_95_icc
0,40.0,6.0,18.0,40.0,-0.153623231742,0.967132830924,0.0446299010792
