,motion_thresh,age_l,age_u,n,med_rsq,med_icc,CI_95_icc
0,40.0,6.0,18.0,20.0,-0.510100385775,0.935046156769,0.104001516231
