,motion_thresh,age_l,age_u,n,med_rsq,med_icc,CI_95_icc
0,10.0,6.0,18.0,50.0,-0.0800705610425,0.972583548206,0.0313163445073
