,motion_thresh,age_l,age_u,n,med_rsq,med_icc,CI_95_icc
0,15.0,6.0,18.0,90.0,0.252898438489,0.985089646355,0.0220341403591
