,motion_thresh,age_l,age_u,n,med_rsq,med_icc,CI_95_icc
0,20.0,6.0,18.0,90.0,0.253170695022,0.984947571971,0.0224003163001
