,motion_thresh,age_l,age_u,n,med_rsq,med_icc,CI_95_icc
0,30.0,6.0,18.0,80.0,0.188991546174,0.983585760814,0.0339567667449
