,motion_thresh,age_l,age_u,n,med_rsq,med_icc,CI_95_icc
0,20.0,6.0,18.0,50.0,-0.0585178216807,0.972428907325,0.0299587336595
