,motion_thresh,age_l,age_u,n,med_rsq,med_icc,CI_95_icc
0,50.0,6.0,18.0,50.0,-0.0605468667766,0.972162096523,0.0327486923535
