,motion_thresh,age_l,age_u,n,med_rsq,med_icc,CI_95_icc
0,10.0,6.0,18.0,40.0,-0.230441889844,0.966756811225,0.0456289940403
