,motion_thresh,age_l,age_u,n,med_rsq,med_icc,CI_95_icc
0,15.0,6.0,18.0,60.0,0.0196057965815,0.977932968497,0.0254404424703
