,motion_thresh,age_l,age_u,n,med_rsq,med_icc,CI_95_icc
0,25.0,6.0,18.0,50.0,-0.0505091565632,0.972993822085,0.0344912950025
