,motion_thresh,age_l,age_u,n,med_rsq,med_icc,CI_95_icc
0,20.0,6.0,18.0,90.0,0.247827707151,0.985268029199,0.0201992870556
