,motion_thresh,age_l,age_u,n,med_rsq,med_icc,CI_95_icc
0,25.0,6.0,18.0,60.0,0.0602645692153,0.978769491216,0.0278560109696
