,motion_thresh,age_l,age_u,n,med_rsq,med_icc,CI_95_icc
0,40.0,6.0,18.0,20.0,-0.516551921732,0.934847946006,0.0877416022949
