,motion_thresh,age_l,age_u,n,med_rsq,med_icc,CI_95_icc
0,20.0,6.0,18.0,40.0,-0.188089343995,0.965487776496,0.0470495028975
