,motion_thresh,age_l,age_u,n,med_rsq,med_icc,CI_95_icc
0,30.0,6.0,18.0,50.0,-0.0602182378302,0.973754427929,0.0345092248758
