,motion_thresh,age_l,age_u,n,med_rsq,med_icc,CI_95_icc
0,30.0,6.0,18.0,70.0,0.129319246519,0.980163212293,0.0264118998403
