,motion_thresh,age_l,age_u,n,med_rsq,med_icc,CI_95_icc
0,10.0,6.0,18.0,10.0,-0.771925238472,0.878076161462,0.126833817764
