,motion_thresh,age_l,age_u,n,med_rsq,med_icc,CI_95_icc
0,20.0,6.0,18.0,20.0,-0.518004844211,0.932629088645,0.0856566611808
