,motion_thresh,age_l,age_u,n,med_rsq,med_icc,CI_95_icc
0,10.0,6.0,18.0,90.0,0.227235658086,0.985418864779,0.0132098028502
