,motion_thresh,age_l,age_u,n,med_rsq,med_icc,CI_95_icc
0,20.0,6.0,18.0,70.0,0.120439484707,0.981513761861,0.0346257603641
