,motion_thresh,age_l,age_u,n,med_rsq,med_icc,CI_95_icc
0,50.0,6.0,18.0,90.0,0.276028355356,0.985340429378,0.0236634780802
