,motion_thresh,age_l,age_u,n,med_rsq,med_icc,CI_95_icc
0,40.0,6.0,18.0,70.0,0.137797476923,0.980339097369,0.0261379515568
