,motion_thresh,age_l,age_u,n,med_rsq,med_icc,CI_95_icc
0,10.0,6.0,18.0,30.0,-0.337680517976,0.955807183465,0.0525869101527
