,motion_thresh,age_l,age_u,n,med_rsq,med_icc,CI_95_icc
0,30.0,6.0,18.0,60.0,0.0227484513509,0.977069138721,0.0334644772247
