,motion_thresh,age_l,age_u,n,med_rsq,med_icc,CI_95_icc
0,40.0,6.0,18.0,60.0,0.043090899732,0.978065612136,0.0383626246637
