,motion_thresh,age_l,age_u,n,med_rsq,med_icc,CI_95_icc
0,50.0,6.0,18.0,10.0,-0.831676433206,0.871010592058,0.189410715908
