,motion_thresh,age_l,age_u,n,med_rsq,med_icc,CI_95_icc
0,35.0,6.0,18.0,90.0,0.230036255823,0.983946736188,0.0245651914837
