,motion_thresh,age_l,age_u,n,med_rsq,med_icc,CI_95_icc
0,40.0,6.0,18.0,90.0,0.257943717846,0.985366958683,0.017154013977
