,motion_thresh,age_l,age_u,n,med_rsq,med_icc,CI_95_icc
0,40.0,6.0,18.0,100.0,0.320441879374,0.985753686355,0.0193418300061
