,motion_thresh,age_l,age_u,n,med_rsq,med_icc,CI_95_icc
0,10.0,6.0,18.0,80.0,0.145008101923,0.982716967062,0.0240149285896
