,motion_thresh,age_l,age_u,n,med_rsq,med_icc,CI_95_icc
0,20.0,6.0,18.0,70.0,0.137007116003,0.980487019514,0.0244132435638
