,motion_thresh,age_l,age_u,n,med_rsq,med_icc,CI_95_icc
0,25.0,6.0,18.0,40.0,-0.140224830939,0.966802092407,0.0413463468934
