,motion_thresh,age_l,age_u,n,med_rsq,med_icc,CI_95_icc
0,30.0,6.0,18.0,30.0,-0.32104199915,0.957859064204,0.0560445959719
