,motion_thresh,age_l,age_u,n,med_rsq,med_icc,CI_95_icc
0,50.0,6.0,18.0,20.0,-0.488114733893,0.933002409244,0.134951781537
