,motion_thresh,age_l,age_u,n,med_rsq,med_icc,CI_95_icc
0,5.0,6.0,18.0,40.0,-0.187271824163,0.966752457755,0.0450407613703
