,motion_thresh,age_l,age_u,n,med_rsq,med_icc,CI_95_icc
0,30.0,6.0,18.0,10.0,-0.79651856397,0.874669045148,0.191310960356
