,motion_thresh,age_l,age_u,n,med_rsq,med_icc,CI_95_icc
0,30.0,6.0,18.0,50.0,-0.0632204514958,0.973746450786,0.0291510932806
