,motion_thresh,age_l,age_u,n,med_rsq,med_icc,CI_95_icc
0,50.0,6.0,18.0,80.0,0.223678660613,0.983112522386,0.0331689075566
