,motion_thresh,age_l,age_u,n,med_rsq,med_icc,CI_95_icc
0,15.0,6.0,18.0,40.0,-0.188292500173,0.967886119656,0.0390436688817
