,motion_thresh,age_l,age_u,n,med_rsq,med_icc,CI_95_icc
0,35.0,6.0,18.0,30.0,-0.308424207504,0.955743400574,0.0577521490011
