,motion_thresh,age_l,age_u,n,med_rsq,med_icc,CI_95_icc
0,50.0,6.0,18.0,100.0,0.284919657208,0.987125834261,0.0208937424126
