,motion_thresh,age_l,age_u,n,med_rsq,med_icc,CI_95_icc
0,50.0,6.0,18.0,40.0,-0.124311995555,0.964846041193,0.0512577702912
