,motion_thresh,age_l,age_u,n,med_rsq,med_icc,CI_95_icc
0,35.0,6.0,18.0,20.0,-0.487175057568,0.934208153449,0.0937617325747
