,motion_thresh,age_l,age_u,n,med_rsq,med_icc,CI_95_icc
0,45.0,6.0,18.0,90.0,0.281603923088,0.984017814612,0.0166561021656
