,motion_thresh,age_l,age_u,n,med_rsq,med_icc,CI_95_icc
0,15.0,6.0,18.0,30.0,-0.339321621589,0.95448249569,0.0705289955676
