,motion_thresh,age_l,age_u,n,med_rsq,med_icc,CI_95_icc
0,35.0,6.0,18.0,60.0,0.0427344868925,0.977102654117,0.0346436135511
