,motion_thresh,age_l,age_u,n,med_rsq,med_icc,CI_95_icc
0,50.0,6.0,18.0,80.0,0.222282774378,0.983300304988,0.0292348447644
