,motion_thresh,age_l,age_u,n,med_rsq,med_icc,CI_95_icc
0,10.0,6.0,18.0,80.0,0.167739055725,0.9829237369,0.0203843248174
