,motion_thresh,age_l,age_u,n,med_rsq,med_icc,CI_95_icc
0,50.0,6.0,18.0,70.0,0.128447643623,0.980555745252,0.0249019973422
