,motion_thresh,age_l,age_u,n,med_rsq,med_icc,CI_95_icc
0,15.0,6.0,18.0,20.0,-0.532267164148,0.937135404743,0.0573861469939
