,motion_thresh,age_l,age_u,n,med_rsq,med_icc,CI_95_icc
0,40.0,6.0,18.0,80.0,0.240335858213,0.983581230209,0.0242634513014
