,motion_thresh,age_l,age_u,n,med_rsq,med_icc,CI_95_icc
0,20.0,6.0,18.0,80.0,0.218977853093,0.983833538943,0.0225252779715
