,motion_thresh,age_l,age_u,n,med_rsq,med_icc,CI_95_icc
0,20.0,6.0,18.0,60.0,0.00714911643272,0.978769720738,0.02500744502
