,motion_thresh,age_l,age_u,n,med_rsq,med_icc,CI_95_icc
0,50.0,6.0,18.0,60.0,0.0497615153711,0.976624171635,0.0315060546933
