,motion_thresh,age_l,age_u,n,med_rsq,med_icc,CI_95_icc
0,10.0,6.0,18.0,70.0,0.09970779883,0.98082164612,0.0217537190215
