,motion_thresh,age_l,age_u,n,med_rsq,med_icc,CI_95_icc
0,45.0,6.0,18.0,100.0,0.312498378344,0.986294295457,0.0241926834288
