,motion_thresh,age_l,age_u,n,med_rsq,med_icc,CI_95_icc
0,40.0,6.0,18.0,30.0,-0.347183263679,0.954284554535,0.0782218400923
