,motion_thresh,age_l,age_u,n,med_rsq,med_icc,CI_95_icc
0,50.0,6.0,18.0,70.0,0.136267751245,0.979870798139,0.0270148248575
