,motion_thresh,age_l,age_u,n,med_rsq,med_icc,CI_95_icc
0,25.0,6.0,18.0,30.0,-0.337912625026,0.955203844675,0.0666153866318
