,motion_thresh,age_l,age_u,n,med_rsq,med_icc,CI_95_icc
0,15.0,6.0,18.0,10.0,-0.820265423419,0.875979601701,0.202368253853
