,motion_thresh,age_l,age_u,n,med_rsq,med_icc,CI_95_icc
0,50.0,6.0,18.0,40.0,-0.141180902562,0.966910137839,0.0468860364072
