,motion_thresh,age_l,age_u,n,med_rsq,med_icc,CI_95_icc
0,45.0,6.0,18.0,60.0,0.0538366134064,0.977155988111,0.0362845255316
