,motion_thresh,age_l,age_u,n,med_rsq,med_icc,CI_95_icc
0,35.0,6.0,18.0,50.0,-0.0580165453054,0.973930224379,0.0341968227718
