,motion_thresh,age_l,age_u,n,med_rsq,med_icc,CI_95_icc
0,25.0,6.0,18.0,80.0,0.200119942611,0.983000290442,0.0376188306592
