,motion_thresh,age_l,age_u,n,med_rsq,med_icc,CI_95_icc
0,30.0,6.0,18.0,10.0,-0.720936031836,0.867358768606,0.156465679349
