,motion_thresh,age_l,age_u,n,med_rsq,med_icc,CI_95_icc
0,50.0,6.0,18.0,30.0,-0.334004575409,0.956915577527,0.0600168219095
