,motion_thresh,age_l,age_u,n,med_rsq,med_icc,CI_95_icc
0,30.0,6.0,18.0,70.0,0.0917076792104,0.98067880234,0.0281777569647
