,motion_thresh,age_l,age_u,n,med_rsq,med_icc,CI_95_icc
0,30.0,6.0,18.0,90.0,0.266749347334,0.984907437451,0.0226712905709
