,motion_thresh,age_l,age_u,n,med_rsq,med_icc,CI_95_icc
0,30.0,6.0,18.0,90.0,0.24543554183,0.984387499424,0.0199604732872
