,motion_thresh,age_l,age_u,n,med_rsq,med_icc,CI_95_icc
0,30.0,6.0,18.0,20.0,-0.516119459135,0.934061996493,0.0836508763182
