,motion_thresh,age_l,age_u,n,med_rsq,med_icc,CI_95_icc
0,15.0,6.0,18.0,80.0,0.17611967835,0.982991864619,0.025135730409
