,motion_thresh,age_l,age_u,n,med_rsq,med_icc,CI_95_icc
0,20.0,6.0,18.0,30.0,-0.354982640252,0.955400830704,0.088400669545
