,motion_thresh,age_l,age_u,n,med_rsq,med_icc,CI_95_icc
0,40.0,6.0,18.0,70.0,0.13725509061,0.98073918133,0.0310031346448
