,motion_thresh,age_l,age_u,n,med_rsq,med_icc,CI_95_icc
0,20.0,6.0,18.0,60.0,0.011144684252,0.979066119252,0.0365046061938
