,motion_thresh,age_l,age_u,n,med_rsq,med_icc,CI_95_icc
0,30.0,6.0,18.0,20.0,-0.491221669252,0.933716416741,0.0780570241195
