,motion_thresh,age_l,age_u,n,med_rsq,med_icc,CI_95_icc
0,20.0,6.0,18.0,40.0,-0.169273495067,0.96544031577,0.0371021869977
