,motion_thresh,age_l,age_u,n,med_rsq,med_icc,CI_95_icc
0,50.0,6.0,18.0,30.0,-0.316572271091,0.955403685135,0.0547941962928
