,motion_thresh,age_l,age_u,n,med_rsq,med_icc,CI_95_icc
0,30.0,6.0,18.0,40.0,-0.176673004775,0.966337888196,0.0380564814649
