,motion_thresh,age_l,age_u,n,med_rsq,med_icc,CI_95_icc
0,30.0,6.0,18.0,60.0,0.0470380945148,0.978656718919,0.0191801188756
