,motion_thresh,age_l,age_u,n,med_rsq,med_icc,CI_95_icc
0,15.0,6.0,18.0,50.0,-0.0908490223255,0.973276499831,0.0361289272895
