,motion_thresh,age_l,age_u,n,med_rsq,med_icc,CI_95_icc
0,45.0,6.0,18.0,30.0,-0.295789124927,0.954636461206,0.0964993305286
