,motion_thresh,age_l,age_u,n,med_rsq,med_icc,CI_95_icc
0,35.0,6.0,18.0,100.0,0.319256175927,0.987207776646,0.0181108228907
