,motion_thresh,age_l,age_u,n,med_rsq,med_icc,CI_95_icc
0,20.0,6.0,18.0,80.0,0.204966397851,0.983185089689,0.0202389621572
