,motion_thresh,age_l,age_u,n,med_rsq,med_icc,CI_95_icc
0,20.0,6.0,18.0,10.0,-0.806861685954,0.876502488266,0.145562748878
