,motion_thresh,age_l,age_u,n,med_rsq,med_icc,CI_95_icc
0,10.0,6.0,18.0,100.0,0.283757121295,0.985776909011,0.0212813188067
