,motion_thresh,age_l,age_u,n,med_rsq,med_icc,CI_95_icc
0,5.0,6.0,18.0,70.0,0.102317096789,0.980199905525,0.0327708084173
