,motion_thresh,age_l,age_u,n,med_rsq,med_icc,CI_95_icc
0,35.0,6.0,18.0,10.0,-0.779406432452,0.868581895335,0.202385140226
