,motion_thresh,age_l,age_u,n,med_rsq,med_icc,CI_95_icc
0,10.0,6.0,18.0,10.0,-0.80065802618,0.874420117908,0.121504867939
