,motion_thresh,age_l,age_u,n,med_rsq,med_icc,CI_95_icc
0,40.0,6.0,18.0,50.0,-0.0425210072858,0.972592121313,0.0302858998209
