,motion_thresh,age_l,age_u,n,med_rsq,med_icc,CI_95_icc
0,5.0,6.0,18.0,60.0,0.0245066786741,0.976748483747,0.025119777632
