,motion_thresh,age_l,age_u,n,med_rsq,med_icc,CI_95_icc
0,5.0,6.0,18.0,30.0,-0.357746277726,0.953723893967,0.0497627364475
