,motion_thresh,age_l,age_u,n,med_rsq,med_icc,CI_95_icc
0,30.0,6.0,18.0,30.0,-0.309313382805,0.95550911037,0.0589998083478
