,motion_thresh,age_l,age_u,n,med_rsq,med_icc,CI_95_icc
0,10.0,6.0,18.0,70.0,0.0979482351412,0.980250811292,0.0263770019555
