,motion_thresh,age_l,age_u,n,med_rsq,med_icc,CI_95_icc
0,5.0,6.0,18.0,50.0,-0.0775958480094,0.973564301522,0.0300668473262
