,motion_thresh,age_l,age_u,n,med_rsq,med_icc,CI_95_icc
0,30.0,6.0,18.0,80.0,0.191321012003,0.983067674613,0.0246982060285
