,motion_thresh,age_l,age_u,n,med_rsq,med_icc,CI_95_icc
0,50.0,6.0,18.0,100.0,0.303238108189,0.986857928796,0.0247548629088
