,motion_thresh,age_l,age_u,n,med_rsq,med_icc,CI_95_icc
0,35.0,6.0,18.0,70.0,0.143473526239,0.981001074082,0.02815953045
