,motion_thresh,age_l,age_u,n,med_rsq,med_icc,CI_95_icc
0,30.0,6.0,18.0,100.0,0.297728859984,0.985243423336,0.0209072275832
