,motion_thresh,age_l,age_u,n,med_rsq,med_icc,CI_95_icc
0,50.0,6.0,18.0,10.0,-0.787789255172,0.868069534175,0.170755877805
