,motion_thresh,age_l,age_u,n,med_rsq,med_icc,CI_95_icc
0,45.0,6.0,18.0,70.0,0.173470212716,0.980928955317,0.0312079286838
