,motion_thresh,age_l,age_u,n,med_rsq,med_icc,CI_95_icc
0,10.0,6.0,18.0,60.0,-0.0130363156467,0.977325958619,0.0230929153017
