,motion_thresh,age_l,age_u,n,med_rsq,med_icc,CI_95_icc
0,50.0,6.0,18.0,20.0,-0.504844160282,0.930352885892,0.107498553012
