,motion_thresh,age_l,age_u,n,med_rsq,med_icc,CI_95_icc
0,20.0,6.0,18.0,20.0,-0.570688440576,0.93119988586,0.110818573585
