,motion_thresh,age_l,age_u,n,med_rsq,med_icc,CI_95_icc
0,20.0,6.0,18.0,10.0,-0.761692641905,0.872567371372,0.122901292916
