,motion_thresh,age_l,age_u,n,med_rsq,med_icc,CI_95_icc
0,20.0,6.0,18.0,100.0,0.298921987556,0.986386694646,0.0181311303426
