,motion_thresh,age_l,age_u,n,med_rsq,med_icc,CI_95_icc
0,10.0,6.0,18.0,50.0,-0.0687904806022,0.972465246745,0.0274535611624
