,motion_thresh,age_l,age_u,n,med_rsq,med_icc,CI_95_icc
0,25.0,6.0,18.0,90.0,0.243544819393,0.984814182678,0.0134036812147
