,motion_thresh,age_l,age_u,n,med_rsq,med_icc,CI_95_icc
0,10.0,6.0,18.0,100.0,0.288852808982,0.987086804791,0.0154267174977
