,motion_thresh,age_l,age_u,n,med_rsq,med_icc,CI_95_icc
0,10.0,6.0,18.0,60.0,0.0397710947489,0.977500000697,0.0336597967982
