,motion_thresh,age_l,age_u,n,med_rsq,med_icc,CI_95_icc
0,45.0,6.0,18.0,50.0,-0.0564270418588,0.972792254235,0.0478912891813
