,motion_thresh,age_l,age_u,n,med_rsq,med_icc,CI_95_icc
0,45.0,6.0,18.0,20.0,-0.501844296356,0.935138456992,0.0859441547599
