,motion_thresh,age_l,age_u,n,med_rsq,med_icc,CI_95_icc
0,30.0,6.0,18.0,100.0,0.294074679985,0.987023008172,0.0177553345043
