,motion_thresh,age_l,age_u,n,med_rsq,CI_95,med_icc,CI_95_icc
0,0.05,6.0,18.0,70.0,0.959186657795,0.0445689029385,0.97992470221,0.0217218489427
