,motion_thresh,age_l,age_u,n,med_rsq,CI_95,med_icc,CI_95_icc
0,0.25,6.0,18.0,20.0,0.874340798382,0.21294145909,0.937184069725,0.0986924259268
