,motion_thresh,age_l,age_u,n,med_rsq,CI_95,med_icc,CI_95_icc
0,1.0,6.0,18.0,20.0,0.856468581776,0.186529697606,0.9296998075,0.0926124612526
