,motion_thresh,age_l,age_u,n,med_rsq,CI_95,med_icc,CI_95_icc
0,0.65,6.0,18.0,40.0,0.932886722211,0.110880193428,0.96626505573,0.0572234416004
