,motion_thresh,age_l,age_u,n,med_rsq,CI_95,med_icc,CI_95_icc
0,0.8,6.0,18.0,40.0,0.931730981387,0.148367085048,0.966413629488,0.0684669282494
