,motion_thresh,age_l,age_u,n,med_rsq,CI_95,med_icc,CI_95_icc
0,0.25,6.0,18.0,50.0,0.946402760588,0.0769985503009,0.972867712629,0.035660846194
