,motion_thresh,age_l,age_u,n,med_rsq,CI_95,med_icc,CI_95_icc
0,0.6,6.0,18.0,40.0,0.93122023489,0.119549075541,0.966285424225,0.0625877138195
