,motion_thresh,age_l,age_u,n,med_rsq,CI_95,med_icc,CI_95_icc
0,0.2,6.0,18.0,10.0,0.743642639637,0.44461185538,0.870478179174,0.179849878915
