,motion_thresh,age_l,age_u,n,med_rsq,CI_95,med_icc,CI_95_icc
0,0.2,6.0,18.0,90.0,0.968478487682,0.0429259602699,0.984260126179,0.0211739659805
