,motion_thresh,age_l,age_u,n,med_rsq,CI_95,med_icc,CI_95_icc
0,0.8,6.0,18.0,80.0,0.96574103937,0.0683022776148,0.98300637299,0.0309967005347
