,motion_thresh,age_l,age_u,n,med_rsq,CI_95,med_icc,CI_95_icc
0,0.05,6.0,18.0,20.0,0.867416525134,0.110752081246,0.933914632047,0.050567803121
