,motion_thresh,age_l,age_u,n,med_rsq,CI_95,med_icc,CI_95_icc
0,0.8,6.0,18.0,60.0,0.954567166685,0.0569532915836,0.977204598037,0.0295149438378
