,motion_thresh,age_l,age_u,n,med_rsq,CI_95,med_icc,CI_95_icc
0,0.55,6.0,18.0,40.0,0.929071174883,0.104018136735,0.964703820665,0.0513891211524
