,motion_thresh,age_l,age_u,n,med_rsq,CI_95,med_icc,CI_95_icc
0,0.45,6.0,18.0,60.0,0.954548027674,0.0508249638909,0.977081973393,0.0242608006383
