,motion_thresh,age_l,age_u,n,med_rsq,CI_95,med_icc,CI_95_icc
0,0.95,6.0,18.0,70.0,0.961197645609,0.0755754508893,0.980343083973,0.0369662268109
