,motion_thresh,age_l,age_u,n,med_rsq,CI_95,med_icc,CI_95_icc
0,0.9,6.0,18.0,20.0,0.861295630573,0.266541917354,0.930128413492,0.127831434142
