,motion_thresh,age_l,age_u,n,med_rsq,CI_95,med_icc,CI_95_icc
0,0.5,6.0,18.0,60.0,0.956175642483,0.0821797891583,0.977751748236,0.0411368881583
