,motion_thresh,age_l,age_u,n,med_rsq,CI_95,med_icc,CI_95_icc
0,0.8,6.0,18.0,10.0,0.751226113143,0.355518623116,0.876936140064,0.148955913108
