,motion_thresh,age_l,age_u,n,med_rsq,CI_95,med_icc,CI_95_icc
0,0.95,6.0,18.0,20.0,0.860900016983,0.309761638859,0.932799189059,0.136567709515
