,motion_thresh,age_l,age_u,n,med_rsq,CI_95,med_icc,CI_95_icc
0,0.35,6.0,18.0,20.0,0.862352477839,0.23126540212,0.932870798539,0.101992388925
