,motion_thresh,age_l,age_u,n,med_rsq,CI_95,med_icc,CI_95_icc
0,0.65,6.0,18.0,70.0,0.961621191945,0.0525012285721,0.980935617064,0.0252143116301
