,motion_thresh,age_l,age_u,n,med_rsq,CI_95,med_icc,CI_95_icc
0,0.65,6.0,18.0,30.0,0.906847759391,0.158744124652,0.953033507941,0.069823391937
