,motion_thresh,age_l,age_u,n,med_rsq,CI_95,med_icc,CI_95_icc
0,0.35,6.0,18.0,10.0,0.740602189221,0.517248532923,0.872684697448,0.192296886527
