,motion_thresh,age_l,age_u,n,med_rsq,CI_95,med_icc,CI_95_icc
0,0.05,6.0,18.0,80.0,0.965575401763,0.0477535948293,0.982689697294,0.0237305269469
