,motion_thresh,age_l,age_u,n,med_rsq,CI_95,med_icc,CI_95_icc
0,1.0,6.0,18.0,10.0,0.740413322598,0.42675552122,0.869951333257,0.172606313698
