,motion_thresh,age_l,age_u,n,med_rsq,CI_95,med_icc,CI_95_icc
0,0.2,6.0,18.0,50.0,0.945894741118,0.0744764949257,0.972633799394,0.037036664812
