,motion_thresh,age_l,age_u,n,med_rsq,CI_95,med_icc,CI_95_icc
0,0.2,6.0,18.0,40.0,0.931455445095,0.127468762942,0.966618297407,0.0640266911524
