,motion_thresh,age_l,age_u,n,med_rsq,CI_95,med_icc,CI_95_icc
0,0.45,6.0,18.0,10.0,0.751515455926,0.368491059412,0.876766359336,0.17657229212
