,motion_thresh,age_l,age_u,n,med_rsq,CI_95,med_icc,CI_95_icc
0,0.7,6.0,18.0,50.0,0.946025668368,0.096565691244,0.973415739753,0.0469627984539
