,motion_thresh,age_l,age_u,n,med_rsq,CI_95,med_icc,CI_95_icc
0,0.2,6.0,18.0,80.0,0.966355338071,0.0601866227113,0.983120412672,0.0310339354512
