,motion_thresh,age_l,age_u,n,med_rsq,CI_95,med_icc,CI_95_icc
0,0.8,6.0,18.0,20.0,0.872183824339,0.27946859405,0.937799438262,0.129856684621
