,motion_thresh,age_l,age_u,n,med_rsq,CI_95,med_icc,CI_95_icc
0,0.7,6.0,18.0,10.0,0.751893519547,0.352242800346,0.8767332309,0.16353263563
