,motion_thresh,age_l,age_u,n,med_rsq,CI_95,med_icc,CI_95_icc
0,0.15,6.0,18.0,60.0,0.955687591664,0.0985599032932,0.977897405377,0.0484383916433
