,motion_thresh,age_l,age_u,n,med_rsq,CI_95,med_icc,CI_95_icc
0,0.6,6.0,18.0,10.0,0.741832661108,0.631339713974,0.873296741187,0.235059840508
