,motion_thresh,age_l,age_u,n,med_rsq,CI_95,med_icc,CI_95_icc
0,0.85,6.0,18.0,70.0,0.961431626227,0.0573262223452,0.980399311429,0.0285185420313
