,motion_thresh,age_l,age_u,n,med_rsq,CI_95,med_icc,CI_95_icc
0,1.0,6.0,18.0,60.0,0.951566523794,0.0628006279966,0.975386173634,0.0309558297324
