,motion_thresh,age_l,age_u,n,med_rsq,CI_95,med_icc,CI_95_icc
0,0.85,6.0,18.0,10.0,0.725025395956,0.442074862722,0.863906745211,0.189814617065
