,motion_thresh,age_l,age_u,n,med_rsq,CI_95,med_icc,CI_95_icc
0,0.25,6.0,18.0,10.0,0.756556193696,0.352606770844,0.878673621033,0.16587690444
