,motion_thresh,age_l,age_u,n,med_rsq,CI_95,med_icc,CI_95_icc
0,0.6,6.0,18.0,90.0,0.970529160378,0.0537669070472,0.984972263919,0.026312846968
