,motion_thresh,age_l,age_u,n,med_rsq,CI_95,med_icc,CI_95_icc
0,0.3,6.0,18.0,70.0,0.961653229722,0.0527918160058,0.980585332264,0.0264847844686
