,motion_thresh,age_l,age_u,n,med_rsq,CI_95,med_icc,CI_95_icc
0,0.65,6.0,18.0,60.0,0.954826694436,0.0990995591715,0.977409113034,0.0462331845853
