,motion_thresh,age_l,age_u,n,med_rsq,CI_95,med_icc,CI_95_icc
0,0.2,6.0,18.0,30.0,0.907214848669,0.128624723958,0.953474513313,0.0645518535589
