,motion_thresh,age_l,age_u,n,med_rsq,CI_95,med_icc,CI_95_icc
0,0.75,6.0,18.0,50.0,0.944992831558,0.0972683091043,0.97291998705,0.0470468367878
