,motion_thresh,age_l,age_u,n,med_rsq,CI_95,med_icc,CI_95_icc
0,0.5,6.0,18.0,10.0,0.745394671481,0.515506647212,0.873050769549,0.238066220851
