,motion_thresh,age_l,age_u,n,med_rsq,CI_95,med_icc,CI_95_icc
0,1.0,6.0,18.0,50.0,0.944487476287,0.0824186543956,0.972677477951,0.0432857866902
