,motion_thresh,age_l,age_u,n,med_rsq,CI_95,med_icc,CI_95_icc
0,0.35,6.0,18.0,100.0,0.973444864898,0.0492655611062,0.986745554532,0.0237937579677
