,motion_thresh,age_l,age_u,n,med_rsq,CI_95,med_icc,CI_95_icc
0,0.65,6.0,18.0,100.0,0.972027359368,0.0507446775034,0.986019941313,0.0235732898532
