,motion_thresh,age_l,age_u,n,med_rsq,CI_95,med_icc,CI_95_icc
0,0.3,6.0,18.0,10.0,0.738538530854,0.306684347726,0.872790033609,0.147392057003
