,motion_thresh,age_l,age_u,n,med_rsq,CI_95,med_icc,CI_95_icc
0,0.45,6.0,18.0,50.0,0.946898496769,0.0907238094023,0.973357909321,0.0419703122913
