,motion_thresh,age_l,age_u,n,med_rsq,CI_95,med_icc,CI_95_icc
0,0.15,6.0,18.0,40.0,0.931027776242,0.105484303924,0.965438308632,0.0483721090827
