,motion_thresh,age_l,age_u,n,med_rsq,CI_95,med_icc,CI_95_icc
0,0.05,6.0,18.0,40.0,0.93183469884,0.0894909758453,0.966280783989,0.0435033194689
