,motion_thresh,age_l,age_u,n,med_rsq,CI_95,med_icc,CI_95_icc
0,0.85,6.0,18.0,10.0,0.745150874452,0.40226425118,0.874596682206,0.187232352065
