,motion_thresh,age_l,age_u,n,med_rsq,CI_95,med_icc,CI_95_icc
0,0.85,6.0,18.0,50.0,0.945221385946,0.0889592694751,0.972668214433,0.0426063895987
