,motion_thresh,age_l,age_u,n,med_rsq,CI_95,med_icc,CI_95_icc
0,0.1,6.0,18.0,10.0,0.745907238806,0.337250083572,0.875577338674,0.146441670233
