,motion_thresh,age_l,age_u,n,med_rsq,CI_95,med_icc,CI_95_icc
0,0.55,6.0,18.0,90.0,0.970838674786,0.058208127303,0.985244975143,0.0277869690396
