,motion_thresh,age_l,age_u,n,med_rsq,CI_95,med_icc,CI_95_icc
0,0.3,6.0,18.0,20.0,0.864476507294,0.243533764263,0.93121571565,0.103275003109
