,motion_thresh,age_l,age_u,n,med_rsq,CI_95,med_icc,CI_95_icc
0,0.85,6.0,18.0,60.0,0.953232913672,0.0923307702736,0.977023534936,0.0470104027154
