,motion_thresh,age_l,age_u,n,med_rsq,CI_95,med_icc,CI_95_icc
0,0.35,6.0,18.0,20.0,0.867895466079,0.225840400332,0.934622118224,0.105183085254
