,motion_thresh,age_l,age_u,n,med_rsq,CI_95,med_icc,CI_95_icc
0,0.35,6.0,18.0,60.0,0.956217565198,0.0646133240741,0.978171306168,0.031351498579
