,motion_thresh,age_l,age_u,n,med_rsq,CI_95,med_icc,CI_95_icc
0,0.3,6.0,18.0,50.0,0.9469341376,0.0804290223607,0.973502436058,0.0391320522559
