,motion_thresh,age_l,age_u,n,med_rsq,CI_95,med_icc,CI_95_icc
0,0.05,6.0,18.0,60.0,0.953171418979,0.0602424734158,0.976115958063,0.0306722589215
