,motion_thresh,age_l,age_u,n,med_rsq,CI_95,med_icc,CI_95_icc
0,1.0,6.0,18.0,90.0,0.968752227432,0.0455909340351,0.984403852412,0.0221452993551
