,motion_thresh,age_l,age_u,n,med_rsq,CI_95,med_icc,CI_95_icc
0,0.8,6.0,18.0,30.0,0.909398762378,0.144632847333,0.95503370265,0.071309538045
