,motion_thresh,age_l,age_u,n,med_rsq,CI_95,med_icc,CI_95_icc
0,0.85,6.0,18.0,30.0,0.910872701974,0.0994106735978,0.955972063589,0.0479952399368
