,motion_thresh,age_l,age_u,n,med_rsq,CI_95,med_icc,CI_95_icc
0,0.05,6.0,18.0,30.0,0.914126889074,0.107209661987,0.957033769926,0.0535245680998
