,motion_thresh,age_l,age_u,n,med_rsq,CI_95,med_icc,CI_95_icc
0,1.0,6.0,18.0,20.0,0.868004902476,0.246675890044,0.933749823036,0.104085204902
