,motion_thresh,age_l,age_u,n,med_rsq,CI_95,med_icc,CI_95_icc
0,0.4,6.0,18.0,80.0,0.962376282971,0.0802870280387,0.981155881422,0.0402061724532
