,motion_thresh,age_l,age_u,n,med_rsq,CI_95,med_icc,CI_95_icc
0,0.95,6.0,18.0,60.0,0.952807959068,0.0681770486743,0.976582220639,0.032322173001
