,motion_thresh,age_l,age_u,n,med_rsq,CI_95,med_icc,CI_95_icc
0,0.5,6.0,18.0,50.0,0.945930028193,0.12856863947,0.972389355748,0.0660047213025
