,motion_thresh,age_l,age_u,n,med_rsq,CI_95,med_icc,CI_95_icc
0,0.25,6.0,18.0,70.0,0.961420902227,0.0744090409786,0.981069531179,0.0357194575372
