,motion_thresh,age_l,age_u,n,med_rsq,CI_95,med_icc,CI_95_icc
0,1.0,6.0,18.0,100.0,0.973466980756,0.0398261449004,0.986720606647,0.0200484764939
