,motion_thresh,age_l,age_u,n,med_rsq,CI_95,med_icc,CI_95_icc
0,0.8,6.0,18.0,90.0,0.97010603762,0.0547167060831,0.985065460256,0.0264525973851
