,motion_thresh,age_l,age_u,n,med_rsq,CI_95,med_icc,CI_95_icc
0,0.9,6.0,18.0,40.0,0.928382250023,0.105215463898,0.964711317847,0.0458920572412
