,motion_thresh,age_l,age_u,n,med_rsq,CI_95,med_icc,CI_95_icc
0,0.85,6.0,18.0,90.0,0.970329817402,0.0473532629509,0.985207389135,0.0226848496588
