,motion_thresh,age_l,age_u,n,med_rsq,CI_95,med_icc,CI_95_icc
0,0.7,6.0,18.0,20.0,0.868087845927,0.293831751133,0.933547993197,0.135822137723
