,motion_thresh,age_l,age_u,n,med_rsq,CI_95,med_icc,CI_95_icc
0,0.75,6.0,18.0,100.0,0.972255122102,0.0545959413337,0.986201090082,0.0258797192528
