,motion_thresh,age_l,age_u,n,med_rsq,CI_95,med_icc,CI_95_icc
0,0.4,6.0,18.0,50.0,0.942246101601,0.0765556819269,0.970952055367,0.035163355752
