,motion_thresh,age_l,age_u,n,med_rsq,CI_95,med_icc,CI_95_icc
0,0.45,6.0,18.0,70.0,0.962116297968,0.0376437426231,0.980947942839,0.0189033877128
