,motion_thresh,age_l,age_u,n,med_rsq,CI_95,med_icc,CI_95_icc
0,0.75,6.0,18.0,90.0,0.968434050467,0.0619962541404,0.984105771768,0.031882272171
