,motion_thresh,age_l,age_u,n,med_rsq,CI_95,med_icc,CI_95_icc
0,0.25,6.0,18.0,10.0,0.73995783799,0.397863788787,0.871617039346,0.163918766846
