,motion_thresh,age_l,age_u,n,med_rsq,CI_95,med_icc,CI_95_icc
0,0.5,6.0,18.0,20.0,0.866383237695,0.165317392227,0.934134269126,0.0709662915813
