,motion_thresh,age_l,age_u,n,med_rsq,CI_95,med_icc,CI_95_icc
0,0.5,6.0,18.0,30.0,0.912248381479,0.125075221199,0.956176309903,0.0629470942946
