,motion_thresh,age_l,age_u,n,med_rsq,CI_95,med_icc,CI_95_icc
0,0.25,6.0,18.0,90.0,0.970943479705,0.0431827844338,0.985641136459,0.0225550365761
