,motion_thresh,age_l,age_u,n,med_rsq,CI_95,med_icc,CI_95_icc
0,0.95,6.0,18.0,90.0,0.969422410341,0.050882003867,0.98475219748,0.0241995116459
