,motion_thresh,age_l,age_u,n,med_rsq,CI_95,med_icc,CI_95_icc
0,0.3,6.0,18.0,80.0,0.966220854857,0.0523278968957,0.983405343636,0.0258786264492
