,motion_thresh,age_l,age_u,n,med_rsq,CI_95,med_icc,CI_95_icc
0,0.65,6.0,18.0,10.0,0.730887013771,0.499889348012,0.86364206726,0.222824630206
