,motion_thresh,age_l,age_u,n,med_rsq,CI_95,med_icc,CI_95_icc
0,0.9,6.0,18.0,30.0,0.909186719705,0.125465461936,0.954759385627,0.0617522601304
