,motion_thresh,age_l,age_u,n,med_rsq,CI_95,med_icc,CI_95_icc
0,0.45,6.0,18.0,20.0,0.865232248356,0.268352005771,0.933652752183,0.110083216207
