,motion_thresh,age_l,age_u,n,med_rsq,CI_95,med_icc,CI_95_icc
0,0.75,6.0,18.0,30.0,0.910318633556,0.124580601673,0.955166353861,0.0589980933507
