,motion_thresh,age_l,age_u,n,med_rsq,CI_95,med_icc,CI_95_icc
0,1.0,6.0,18.0,30.0,0.909960740377,0.132449800566,0.956095613714,0.0633111456391
