,motion_thresh,age_l,age_u,n,med_rsq,CI_95,med_icc,CI_95_icc
0,0.9,6.0,18.0,80.0,0.965586045919,0.0445510777326,0.98280410281,0.0227916241605
