,motion_thresh,age_l,age_u,n,med_rsq,CI_95,med_icc,CI_95_icc
0,0.1,6.0,18.0,90.0,0.969304262654,0.0361964539314,0.984602286439,0.0180434634196
