,motion_thresh,age_l,age_u,n,med_rsq,CI_95,med_icc,CI_95_icc
0,0.5,6.0,18.0,40.0,0.935998394914,0.11361957646,0.968122736455,0.0543724727506
