,motion_thresh,age_l,age_u,n,med_rsq,CI_95,med_icc,CI_95_icc
0,0.4,6.0,18.0,70.0,0.963478881954,0.0596516686007,0.981656461292,0.0283571727978
