,motion_thresh,age_l,age_u,n,med_rsq,CI_95,med_icc,CI_95_icc
0,0.4,6.0,18.0,20.0,0.86873257318,0.295637155331,0.934784259373,0.135922501629
