,motion_thresh,age_l,age_u,n,med_rsq,CI_95,med_icc,CI_95_icc
0,0.65,6.0,18.0,80.0,0.965238921081,0.0601384876303,0.982484632744,0.0296473109704
