,motion_thresh,age_l,age_u,n,med_rsq,CI_95,med_icc,CI_95_icc
0,0.35,6.0,18.0,90.0,0.968927635317,0.0365528813797,0.984612671264,0.0178397994952
