,motion_thresh,age_l,age_u,n,med_rsq,CI_95,med_icc,CI_95_icc
0,0.35,6.0,18.0,50.0,0.940639912664,0.0865731202968,0.97049121121,0.0444075185858
