,motion_thresh,age_l,age_u,n,med_rsq,CI_95,med_icc,CI_95_icc
0,0.55,6.0,18.0,80.0,0.964998717872,0.0676228022247,0.982880851049,0.0313870240911
