,motion_thresh,age_l,age_u,n,med_rsq,CI_95,med_icc,CI_95_icc
0,0.65,6.0,18.0,90.0,0.970819949137,0.0508829846067,0.98557141735,0.0236876167778
