,motion_thresh,age_l,age_u,n,med_rsq,CI_95,med_icc,CI_95_icc
0,0.2,6.0,18.0,60.0,0.954009765703,0.0721547382759,0.977149169561,0.0339379329707
