,motion_thresh,age_l,age_u,n,med_rsq,CI_95,med_icc,CI_95_icc
0,0.65,6.0,18.0,50.0,0.947878472536,0.093099484973,0.974271522663,0.0433074557697
