,motion_thresh,age_l,age_u,n,med_rsq,CI_95,med_icc,CI_95_icc
0,0.15,6.0,18.0,100.0,0.973920369731,0.0365367810919,0.987017277705,0.0176888194758
