,motion_thresh,age_l,age_u,n,med_rsq,CI_95,med_icc,CI_95_icc
0,0.75,6.0,18.0,80.0,0.964890530646,0.0525136213317,0.982228402266,0.0242660906955
