,motion_thresh,age_l,age_u,n,med_rsq,CI_95,med_icc,CI_95_icc
0,0.6,6.0,18.0,100.0,0.97294323525,0.0402721100723,0.98615714781,0.019146987609
