,motion_thresh,age_l,age_u,n,med_rsq,CI_95,med_icc,CI_95_icc
0,0.95,6.0,18.0,50.0,0.945806351454,0.100999087134,0.973190187519,0.0453472337195
