,motion_thresh,age_l,age_u,n,med_rsq,CI_95,med_icc,CI_95_icc
0,0.3,6.0,18.0,60.0,0.953233302818,0.0639920450145,0.976789012664,0.0315876595463
