,motion_thresh,age_l,age_u,n,med_rsq,CI_95,med_icc,CI_95_icc
0,0.4,6.0,18.0,10.0,0.7334368973,0.466335588145,0.867564432635,0.205834805676
