,motion_thresh,age_l,age_u,n,med_rsq,CI_95,med_icc,CI_95_icc
0,0.8,6.0,18.0,100.0,0.972938915648,0.0353414295608,0.986579135639,0.017016280684
