,motion_thresh,age_l,age_u,n,med_rsq,CI_95,med_icc,CI_95_icc
0,0.95,6.0,18.0,80.0,0.967127221381,0.0463169030775,0.983767752201,0.0219418094601
