,motion_thresh,age_l,age_u,n,med_rsq,CI_95,med_icc,CI_95_icc
0,1.0,6.0,18.0,70.0,0.959452100137,0.0489024469842,0.980002858264,0.0247564355742
