,motion_thresh,age_l,age_u,n,med_rsq,CI_95,med_icc,CI_95_icc
0,0.4,6.0,18.0,30.0,0.909889734403,0.139564824832,0.955806059252,0.0656349059694
