,motion_thresh,age_l,age_u,n,med_rsq,CI_95,med_icc,CI_95_icc
0,0.25,6.0,18.0,20.0,0.873690661567,0.168282627234,0.936367230969,0.0817284826099
