,motion_thresh,age_l,age_u,n,med_rsq,CI_95,med_icc,CI_95_icc
0,0.9,6.0,18.0,10.0,0.726690396366,0.39550638301,0.869497562266,0.163004487043
