,motion_thresh,age_l,age_u,n,med_rsq,CI_95,med_icc,CI_95_icc
0,0.75,6.0,18.0,10.0,0.739626999564,0.511860772658,0.871281378561,0.236087769396
