,motion_thresh,age_l,age_u,n,med_rsq,CI_95,med_icc,CI_95_icc
0,0.05,6.0,18.0,90.0,0.969559774095,0.0351722328209,0.984881452625,0.0172933278418
