,motion_thresh,age_l,age_u,n,med_rsq,CI_95,med_icc,CI_95_icc
0,0.55,6.0,18.0,10.0,0.740202438716,0.450086511357,0.871103846868,0.199086331467
