,motion_thresh,age_l,age_u,n,med_rsq,CI_95,med_icc,CI_95_icc
0,0.65,6.0,18.0,20.0,0.865714798942,0.233605728896,0.931962478307,0.102550501123
