,motion_thresh,age_l,age_u,n,med_rsq,CI_95,med_icc,CI_95_icc
0,1.0,6.0,18.0,40.0,0.928436096432,0.105002807747,0.964653545005,0.047718724331
