,motion_thresh,age_l,age_u,n,med_rsq,CI_95,med_icc,CI_95_icc
0,0.4,6.0,18.0,100.0,0.973828689287,0.053371686257,0.986773281241,0.0262748867822
