,motion_thresh,age_l,age_u,n,med_rsq,CI_95,med_icc,CI_95_icc
0,0.9,6.0,18.0,100.0,0.972470976242,0.0339023468,0.986234027909,0.017294171371
