,motion_thresh,age_l,age_u,n,med_rsq,CI_95,med_icc,CI_95_icc
0,0.7,6.0,18.0,60.0,0.953566505119,0.0840089482996,0.976856779252,0.0382024139775
