,motion_thresh,age_l,age_u,n,med_rsq,CI_95,med_icc,CI_95_icc
0,0.6,6.0,18.0,20.0,0.855590329852,0.210684682889,0.92677673297,0.101155108807
