,motion_thresh,age_l,age_u,n,med_rsq,CI_95,med_icc,CI_95_icc
0,0.3,6.0,18.0,100.0,0.973584788263,0.0395164622166,0.986777230989,0.0195530715601
