,motion_thresh,age_l,age_u,n,med_rsq,CI_95,med_icc,CI_95_icc
0,0.55,6.0,18.0,50.0,0.942699855141,0.141402091402,0.97137158235,0.0673154993698
