,motion_thresh,age_l,age_u,n,med_rsq,CI_95,med_icc,CI_95_icc
0,0.75,6.0,18.0,70.0,0.959115167687,0.0588097637156,0.97958327927,0.0299379025438
