,motion_thresh,age_l,age_u,n,med_rsq,CI_95,med_icc,CI_95_icc
0,0.8,6.0,18.0,10.0,0.737638923672,0.55049488187,0.872621068536,0.20920217341
