,motion_thresh,age_l,age_u,n,med_rsq,CI_95,med_icc,CI_95_icc
0,0.9,6.0,18.0,10.0,0.735384523615,0.409521673826,0.86711168062,0.176802729905
