,motion_thresh,age_l,age_u,n,med_rsq,CI_95,med_icc,CI_95_icc
0,0.1,6.0,18.0,70.0,0.961445624773,0.0494870567527,0.980523460784,0.025265296412
