,motion_thresh,age_l,age_u,n,med_rsq,CI_95,med_icc,CI_95_icc
0,0.7,6.0,18.0,10.0,0.74982865461,0.539063353629,0.877052888049,0.22666649629
