,motion_thresh,age_l,age_u,n,med_rsq,CI_95,med_icc,CI_95_icc
0,0.5,6.0,18.0,10.0,0.748755426623,0.366559347739,0.875903096999,0.157056644319
