,motion_thresh,age_l,age_u,n,med_rsq,CI_95,med_icc,CI_95_icc
0,0.85,6.0,18.0,20.0,0.862749801973,0.275073825527,0.931673378062,0.136969100866
