,motion_thresh,age_l,age_u,n,med_rsq,CI_95,med_icc,CI_95_icc
0,0.75,6.0,18.0,60.0,0.956126523228,0.0740018274237,0.978254254218,0.0359747127348
