,motion_thresh,age_l,age_u,n,med_rsq,CI_95,med_icc,CI_95_icc
0,0.3,6.0,18.0,90.0,0.970442983792,0.0466621082897,0.985260878107,0.0223492782644
