,motion_thresh,age_l,age_u,n,med_rsq,CI_95,med_icc,CI_95_icc
0,0.4,6.0,18.0,40.0,0.929113770575,0.100540368152,0.965323441054,0.0532088690133
