,motion_thresh,age_l,age_u,n,med_rsq,CI_95,med_icc,CI_95_icc
0,0.7,6.0,18.0,100.0,0.971480735812,0.0443732678852,0.985795701841,0.0224062057023
