,motion_thresh,age_l,age_u,n,med_rsq,CI_95,med_icc,CI_95_icc
0,0.05,6.0,18.0,100.0,0.974887155868,0.00785811352999,0.987324597555,0.00392001031143
