,motion_thresh,age_l,age_u,n,med_rsq,CI_95,med_icc,CI_95_icc
0,0.65,6.0,18.0,20.0,0.866534105246,0.182407689667,0.932804818421,0.0895840202401
