,motion_thresh,age_l,age_u,n,med_rsq,CI_95,med_icc,CI_95_icc
0,0.15,6.0,18.0,80.0,0.965555498493,0.0439698487152,0.982611799768,0.0218384922723
