,motion_thresh,age_l,age_u,n,med_rsq,CI_95,med_icc,CI_95_icc
0,0.3,6.0,18.0,10.0,0.748673095591,0.510411049722,0.874365661122,0.206095863021
