,motion_thresh,age_l,age_u,n,med_rsq,CI_95,med_icc,CI_95_icc
0,0.35,6.0,18.0,30.0,0.910389905537,0.184813414112,0.954712091267,0.0908131436084
