,motion_thresh,age_l,age_u,n,med_rsq,CI_95,med_icc,CI_95_icc
0,0.2,6.0,18.0,70.0,0.962093033721,0.0648314876128,0.981077893041,0.0329356810341
