,motion_thresh,age_l,age_u,n,med_rsq,CI_95,med_icc,CI_95_icc
0,1.0,6.0,18.0,10.0,0.74157965462,0.513924007213,0.873158040145,0.182931460426
