,motion_thresh,age_l,age_u,n,med_rsq,CI_95,med_icc,CI_95_icc
0,0.15,6.0,18.0,20.0,0.867770359084,0.155979371333,0.934447573032,0.0701469442391
