,motion_thresh,age_l,age_u,n,med_rsq,CI_95,med_icc,CI_95_icc
0,0.5,6.0,18.0,70.0,0.961783811787,0.062060244723,0.981089141561,0.0286980569776
