,motion_thresh,age_l,age_u,n,med_rsq,CI_95,med_icc,CI_95_icc
0,0.8,6.0,18.0,20.0,0.862139277886,0.258161586465,0.930586957538,0.117503456831
