,motion_thresh,age_l,age_u,n,med_rsq,CI_95,med_icc,CI_95_icc
0,0.05,6.0,18.0,50.0,0.945630448228,0.0699230801348,0.972750917664,0.0325931122544
