,motion_thresh,age_l,age_u,n,med_rsq,CI_95,med_icc,CI_95_icc
0,0.85,6.0,18.0,40.0,0.934611253708,0.0984311373719,0.967263096049,0.0479065092579
