,motion_thresh,age_l,age_u,n,med_rsq,CI_95,med_icc,CI_95_icc
0,0.6,6.0,18.0,30.0,0.908568651818,0.182347608746,0.954687476431,0.0884647762423
