,motion_thresh,age_l,age_u,n,med_rsq,CI_95,med_icc,CI_95_icc
0,0.25,6.0,18.0,30.0,0.903914006471,0.156856368204,0.952747306112,0.0735591313076
