,motion_thresh,age_l,age_u,n,med_rsq,CI_95,med_icc,CI_95_icc
0,0.85,6.0,18.0,20.0,0.868729727599,0.253529697766,0.933903362473,0.109499312331
