,motion_thresh,age_l,age_u,n,med_rsq,CI_95,med_icc,CI_95_icc
0,0.95,6.0,18.0,20.0,0.862521439392,0.173347187641,0.932517381619,0.0870202967656
