,motion_thresh,age_l,age_u,n,med_rsq,CI_95,med_icc,CI_95_icc
0,0.55,6.0,18.0,20.0,0.871001269976,0.20239442469,0.934984922399,0.100217340412
