,motion_thresh,age_l,age_u,n,med_rsq,CI_95,med_icc,CI_95_icc
0,0.1,6.0,18.0,30.0,0.915863884024,0.104928315658,0.95783714124,0.0456225257216
