,motion_thresh,age_l,age_u,n,med_rsq,CI_95,med_icc,CI_95_icc
0,0.1,6.0,18.0,100.0,0.972929701488,0.0271162708388,0.986451171687,0.0134270938115
