,motion_thresh,age_l,age_u,n,med_rsq,CI_95,med_icc,CI_95_icc
0,0.35,6.0,18.0,70.0,0.960893633606,0.0527974707073,0.980442346361,0.0264724858997
