,motion_thresh,age_l,age_u,n,med_rsq,CI_95,med_icc,CI_95_icc
0,0.2,6.0,18.0,100.0,0.972652382054,0.0377947819499,0.986294576789,0.0181154771599
