,motion_thresh,age_l,age_u,n,med_rsq,CI_95,med_icc,CI_95_icc
0,0.05,6.0,18.0,10.0,0.739738300128,0.323969092632,0.873488890764,0.142462563586
