,motion_thresh,age_l,age_u,n,med_rsq,CI_95,med_icc,CI_95_icc
0,0.45,6.0,18.0,30.0,0.910404111108,0.113720590001,0.955094378168,0.0548190218977
