,motion_thresh,age_l,age_u,n,med_rsq,CI_95,med_icc,CI_95_icc
0,0.7,6.0,18.0,30.0,0.910810039713,0.153329456488,0.955279639899,0.0755364992717
