,motion_thresh,age_l,age_u,n,med_rsq,CI_95,med_icc,CI_95_icc
0,0.6,6.0,18.0,70.0,0.960383946432,0.0632157240818,0.980398720938,0.0300796417014
