,motion_thresh,age_l,age_u,n,med_rsq,CI_95,med_icc,CI_95_icc
0,0.75,6.0,18.0,40.0,0.933168419076,0.120058292125,0.966554895447,0.0571841824207
