,motion_thresh,age_l,age_u,n,med_rsq,CI_95,med_icc,CI_95_icc
0,0.55,6.0,18.0,10.0,0.741807402402,0.417973466717,0.872909831565,0.17630271234
