,motion_thresh,age_l,age_u,n,med_rsq,CI_95,med_icc,CI_95_icc
0,0.6,6.0,18.0,20.0,0.870628961149,0.198196877683,0.935865354636,0.0916628291795
