,motion_thresh,age_l,age_u,n,med_rsq,CI_95,med_icc,CI_95_icc
0,0.1,6.0,18.0,50.0,0.944118069361,0.0671702315656,0.971940437965,0.0327556823675
