,motion_thresh,age_l,age_u,n,med_rsq,CI_95,med_icc,CI_95_icc
0,0.85,6.0,18.0,100.0,0.970340034762,0.0414755085774,0.985189028323,0.0204563669446
