,motion_thresh,age_l,age_u,n,med_rsq,CI_95,med_icc,CI_95_icc
0,0.55,6.0,18.0,60.0,0.952227498057,0.0786680300621,0.975823396258,0.0381572731794
