,motion_thresh,age_l,age_u,n,med_rsq,CI_95,med_icc,CI_95_icc
0,0.5,6.0,18.0,20.0,0.863759595021,0.303006190568,0.932307174646,0.131540455671
