,motion_thresh,age_l,age_u,n,med_rsq,CI_95,med_icc,CI_95_icc
0,0.3,6.0,18.0,20.0,0.86490172714,0.188528988833,0.932835779404,0.0945175921006
