,motion_thresh,age_l,age_u,n,med_rsq,CI_95,med_icc,CI_95_icc
0,0.1,6.0,18.0,60.0,0.954071493054,0.0530739514202,0.977074982573,0.0250213873519
