,motion_thresh,age_l,age_u,n,med_rsq,CI_95,med_icc,CI_95_icc
0,0.7,6.0,18.0,90.0,0.968666387029,0.0708302355135,0.984248771388,0.0343864615656
