,motion_thresh,age_l,age_u,n,med_rsq,CI_95,med_icc,CI_95_icc
0,0.35,6.0,18.0,10.0,0.74804089572,0.333801608264,0.873306140886,0.146353144143
