,motion_thresh,age_l,age_u,n,med_rsq,CI_95,med_icc,CI_95_icc
0,0.95,6.0,18.0,40.0,0.926969505536,0.11053254255,0.962604456466,0.0509327932771
