,motion_thresh,age_l,age_u,n,med_rsq,CI_95,med_icc,CI_95_icc
0,0.15,6.0,18.0,20.0,0.868401925558,0.208464995993,0.933261678983,0.0848912721781
