,motion_thresh,age_l,age_u,n,med_rsq,CI_95,med_icc,CI_95_icc
0,0.45,6.0,18.0,100.0,0.973513035657,0.0569553254082,0.986607694891,0.0276084117296
