,motion_thresh,age_l,age_u,n,med_rsq,CI_95,med_icc,CI_95_icc
0,0.1,6.0,18.0,10.0,0.749596551198,0.308155031506,0.874762260025,0.154378949036
