,motion_thresh,age_l,age_u,n,med_rsq,CI_95,med_icc,CI_95_icc
0,0.7,6.0,18.0,20.0,0.868325856005,0.160500009312,0.934213253833,0.0728756208628
