,motion_thresh,age_l,age_u,n,med_rsq,CI_95,med_icc,CI_95_icc
0,0.9,6.0,18.0,60.0,0.953539170293,0.0721777116796,0.976953382199,0.0354404130718
