,motion_thresh,age_l,age_u,n,med_rsq,CI_95,med_icc,CI_95_icc
0,0.4,6.0,18.0,60.0,0.955857289129,0.0663205852382,0.978216959949,0.0351727056235
