,motion_thresh,age_l,age_u,n,med_rsq,CI_95,med_icc,CI_95_icc
0,0.9,6.0,18.0,70.0,0.96218589195,0.0517860844225,0.981111573427,0.0257195409986
