,motion_thresh,age_l,age_u,n,med_rsq,CI_95,med_icc,CI_95_icc
0,0.1,6.0,18.0,20.0,0.864235503796,0.148796312443,0.932471838012,0.070574260936
