,motion_thresh,age_l,age_u,n,med_rsq,CI_95,med_icc,CI_95_icc
0,0.1,6.0,18.0,80.0,0.965912860205,0.0410802064677,0.982934910318,0.0215053236472
