,motion_thresh,age_l,age_u,n,med_rsq,CI_95,med_icc,CI_95_icc
0,0.15,6.0,18.0,50.0,0.946220610021,0.0769529942468,0.972398573169,0.0365355099593
