,motion_thresh,age_l,age_u,n,med_rsq,CI_95,med_icc,CI_95_icc
0,0.75,6.0,18.0,10.0,0.730556476042,0.480996835305,0.869944636056,0.200376960425
