,motion_thresh,age_l,age_u,n,med_rsq,CI_95,med_icc,CI_95_icc
0,0.25,6.0,18.0,80.0,0.96593466156,0.0532152362604,0.982966498106,0.0264392446132
