,motion_thresh,age_l,age_u,n,med_rsq,CI_95,med_icc,CI_95_icc
0,0.45,6.0,18.0,10.0,0.747226588809,0.355760777112,0.874826203364,0.189989725919
