,motion_thresh,age_l,age_u,n,med_rsq,CI_95,med_icc,CI_95_icc
0,0.1,6.0,18.0,40.0,0.931003322707,0.0819150548736,0.965550583639,0.0404316921017
