,motion_thresh,age_l,age_u,n,med_rsq,CI_95,med_icc,CI_95_icc
0,0.5,6.0,18.0,80.0,0.966452234034,0.0647474183957,0.98344278428,0.0305736202243
