,motion_thresh,age_l,age_u,n,med_rsq,CI_95,med_icc,CI_95_icc
0,0.35,6.0,18.0,40.0,0.932155794944,0.100170681378,0.966088351302,0.045463217607
