,motion_thresh,age_l,age_u,n,med_rsq,CI_95,med_icc,CI_95_icc
0,0.7,6.0,18.0,80.0,0.967868230161,0.0651037533041,0.983898838965,0.0316477149929
