,motion_thresh,age_l,age_u,n,med_rsq,CI_95,med_icc,CI_95_icc
0,0.55,6.0,18.0,20.0,0.864713714478,0.227911965368,0.933295083965,0.105920961285
