,motion_thresh,age_l,age_u,n,med_rsq,CI_95,med_icc,CI_95_icc
0,0.45,6.0,18.0,20.0,0.863430741589,0.262100842761,0.932304509358,0.109220248326
