,motion_thresh,age_l,age_u,n,med_rsq,CI_95,med_icc,CI_95_icc
0,0.6,6.0,18.0,60.0,0.95499232434,0.0748917038139,0.977961828621,0.0358802583132
