,motion_thresh,age_l,age_u,n,med_rsq,CI_95,med_icc,CI_95_icc
0,0.4,6.0,18.0,20.0,0.864357606279,0.159424980244,0.931576322949,0.0743818495144
