,motion_thresh,age_l,age_u,n,med_rsq,CI_95,med_icc,CI_95_icc
0,0.35,6.0,18.0,80.0,0.965854729492,0.0623297351904,0.982811348378,0.0289163486045
