,motion_thresh,age_l,age_u,n,med_rsq,CI_95,med_icc,CI_95_icc
0,1.0,6.0,18.0,80.0,0.966674180136,0.0559823388954,0.983251265559,0.0259024527129
