,motion_thresh,age_l,age_u,n,med_rsq,CI_95,med_icc,CI_95_icc
0,0.95,6.0,18.0,10.0,0.742907444265,0.3425440157,0.873400490037,0.156228655324
