,motion_thresh,age_l,age_u,n,med_rsq,CI_95,med_icc,CI_95_icc
0,0.85,6.0,18.0,80.0,0.964524429049,0.051290107174,0.982477197995,0.0245978279217
