,motion_thresh,age_l,age_u,n,med_rsq,CI_95,med_icc,CI_95_icc
0,0.95,6.0,18.0,100.0,0.972435569961,0.050214559605,0.986270062247,0.0232624684547
