,motion_thresh,age_l,age_u,n,med_rsq,CI_95,med_icc,CI_95_icc
0,0.1,6.0,18.0,20.0,0.864524760449,0.182562990046,0.932557635718,0.0846145456564
