,motion_thresh,age_l,age_u,n,med_rsq,CI_95,med_icc,CI_95_icc
0,0.9,6.0,18.0,90.0,0.968813290925,0.0478694034874,0.98434080826,0.0237808852071
