,motion_thresh,age_l,age_u,n,med_rsq,CI_95,med_icc,CI_95_icc
0,0.15,6.0,18.0,90.0,0.968902898625,0.0322865218654,0.984539024025,0.0157701589872
