,motion_thresh,age_l,age_u,n,med_rsq,CI_95,med_icc,CI_95_icc
0,0.45,6.0,18.0,40.0,0.930471918469,0.121892252111,0.965875317165,0.0583272651649
