,motion_thresh,age_l,age_u,n,med_rsq,CI_95,med_icc,CI_95_icc
0,0.2,6.0,18.0,20.0,0.869119900175,0.217226555871,0.935731215451,0.0970934524655
