,motion_thresh,age_l,age_u,n,med_rsq,CI_95,med_icc,CI_95_icc
0,0.45,6.0,18.0,90.0,0.969715402491,0.0715790151153,0.984595809682,0.0340962434186
