,motion_thresh,age_l,age_u,n,med_rsq,CI_95,med_icc,CI_95_icc
0,0.55,6.0,18.0,70.0,0.960390385951,0.0637579496883,0.979907651348,0.0301669865435
