,motion_thresh,age_l,age_u,n,med_rsq,CI_95,med_icc,CI_95_icc
0,0.05,6.0,18.0,10.0,0.745407962273,0.250810860782,0.875055633547,0.110951894042
