,motion_thresh,age_l,age_u,n,med_rsq,CI_95,med_icc,CI_95_icc
0,0.55,6.0,18.0,100.0,0.972708043521,0.0414867467175,0.986281293952,0.0214368142104
