,motion_thresh,age_l,age_u,n,med_rsq,CI_95,med_icc,CI_95_icc
0,0.65,6.0,18.0,10.0,0.725377707695,0.368081815882,0.865782288832,0.172138057094
