,motion_thresh,age_l,age_u,n,med_rsq,CI_95,med_icc,CI_95_icc
0,0.6,6.0,18.0,50.0,0.947285095657,0.0630154869742,0.973307493847,0.0301720509308
