,motion_thresh,age_l,age_u,n,med_rsq,CI_95,med_icc,CI_95_icc
0,0.25,6.0,18.0,60.0,0.953292825227,0.112548921406,0.976308645806,0.0545461605155
