,motion_thresh,age_l,age_u,n,med_rsq,CI_95,med_icc,CI_95_icc
0,0.6,6.0,18.0,10.0,0.745742507791,0.369619344779,0.870883780687,0.176567634405
