,motion_thresh,age_l,age_u,n,med_rsq,CI_95,med_icc,CI_95_icc
0,0.75,6.0,18.0,20.0,0.86695850702,0.186739881816,0.933681907116,0.0845452849772
