,motion_thresh,age_l,age_u,n,med_rsq,CI_95,med_icc,CI_95_icc
0,0.25,6.0,18.0,100.0,0.973512520152,0.0327397820072,0.986861634649,0.016553959354
