,motion_thresh,age_l,age_u,n,med_rsq,CI_95,med_icc,CI_95_icc
0,0.5,6.0,18.0,100.0,0.972706969877,0.043605717925,0.986482015557,0.0215322606425
