,motion_thresh,age_l,age_u,n,med_rsq,CI_95,med_icc,CI_95_icc
0,0.7,6.0,18.0,40.0,0.930638120559,0.104575329497,0.965452834147,0.0508091275964
