,motion_thresh,age_l,age_u,n,med_rsq,CI_95,med_icc,CI_95_icc
0,0.3,6.0,18.0,40.0,0.936389863194,0.094747848949,0.967578989619,0.0479950272255
