,motion_thresh,age_l,age_u,n,med_rsq,CI_95,med_icc,CI_95_icc
0,0.45,6.0,18.0,80.0,0.966130756462,0.0525163788412,0.983066680162,0.0263634581014
