,motion_thresh,age_l,age_u,n,med_rsq,CI_95,med_icc,CI_95_icc
0,0.25,6.0,18.0,40.0,0.932135418448,0.0671207417899,0.966676504215,0.0326013713462
