,motion_thresh,age_l,age_u,n,med_rsq,CI_95,med_icc,CI_95_icc
0,0.9,6.0,18.0,20.0,0.870868261018,0.181440841549,0.936674100275,0.0928812745809
