,motion_thresh,age_l,age_u,n,med_rsq,CI_95,med_icc,CI_95_icc
0,0.05,6.0,18.0,20.0,0.870966293528,0.120507348319,0.934777648833,0.0521803603095
