,motion_thresh,age_l,age_u,n,med_rsq,CI_95,med_icc,CI_95_icc
0,0.95,6.0,18.0,30.0,0.908385328482,0.189363596647,0.953759461404,0.0944484864693
