,motion_thresh,age_l,age_u,n,med_rsq,CI_95,med_icc,CI_95_icc
0,0.7,6.0,18.0,70.0,0.961518368485,0.0865026605295,0.980768803271,0.0404895393275
