,motion_thresh,age_l,age_u,n,med_rsq,CI_95,med_icc,CI_95_icc
0,0.5,6.0,18.0,90.0,0.969068164458,0.0567080623839,0.984542016055,0.0286376417217
