,motion_thresh,age_l,age_u,n,med_rsq,CI_95,med_icc,CI_95_icc
0,0.9,6.0,18.0,50.0,0.946620390842,0.097167942361,0.973627148417,0.049312366805
