,motion_thresh,age_l,age_u,n,med_rsq,CI_95,med_icc,CI_95_icc
0,0.75,6.0,18.0,20.0,0.874958516691,0.20411784965,0.937583565882,0.0913196928274
