,motion_thresh,age_l,age_u,n,med_rsq,CI_95,med_icc,CI_95_icc
0,0.3,6.0,18.0,30.0,0.91230673994,0.0809729659983,0.955889699861,0.0406158655109
