,motion_thresh,age_l,age_u,n,med_rsq,CI_95,med_icc,CI_95_icc
0,0.2,6.0,18.0,20.0,0.863058650221,0.166911562984,0.932912195381,0.0757385127967
