,motion_thresh,age_l,age_u,n,med_rsq,CI_95,med_icc,CI_95_icc,med_pear_r,pear_r_CI,med_spear_r,spear_R_CI
0,40.0,6.0,18.0,70.0,0.960965634689,0.0531610900884,0.980815027557,0.0250585576022,0.261751356626,0.29018317814,0.251208267283,0.283101390242
