,motion_thresh,age_l,age_u,n,med_rsq,CI_95,med_icc,CI_95_icc,med_pear_r,pear_r_CI,med_spear_r,spear_R_CI
0,35.0,6.0,18.0,90.0,0.970673621294,0.0385877299348,0.985431537425,0.0189270392998,0.304751371622,0.273797936341,0.298364118182,0.270953242752
