,motion_thresh,age_l,age_u,n,med_rsq,CI_95,med_icc,CI_95_icc,med_pear_r,pear_r_CI,med_spear_r,spear_R_CI
0,50.0,6.0,18.0,130.0,0.979734000494,0.0298937276809,0.989772051855,0.0154017652908,0.407233282878,0.249064792115,0.389492649286,0.247672311789
