,motion_thresh,age_l,age_u,n,med_rsq,CI_95,med_icc,CI_95_icc,med_pear_r,pear_r_CI,med_spear_r,spear_R_CI
0,5.0,6.0,18.0,10.0,0.743744613046,0.281716310496,0.871540634588,0.118789957184,0.0238337023785,0.366022242932,0.0273106082493,0.365168729885
