,motion_thresh,age_l,age_u,n,med_rsq,CI_95,med_icc,CI_95_icc,med_pear_r,pear_r_CI,med_spear_r,spear_R_CI
0,20.0,6.0,18.0,90.0,0.969070868425,0.0536039453138,0.984526025144,0.0257603542098,0.265683804098,0.327258045125,0.2535724459,0.302989123981
