,motion_thresh,age_l,age_u,n,med_rsq,CI_95,med_icc,CI_95_icc,med_pear_r,pear_r_CI,med_spear_r,spear_R_CI
0,40.0,6.0,18.0,130.0,0.979311224584,0.0263281064409,0.98968244913,0.0129962657461,0.373218206644,0.253725856688,0.359724169449,0.251146029896
