,motion_thresh,age_l,age_u,n,med_rsq,CI_95,med_icc,CI_95_icc,med_pear_r,pear_r_CI,med_spear_r,spear_R_CI
0,40.0,6.0,18.0,50.0,0.947601612333,0.068800047784,0.974233867798,0.0318823057099,0.192691290067,0.290949582261,0.191984785077,0.2893091731
