,motion_thresh,age_l,age_u,n,med_rsq,CI_95,med_icc,CI_95_icc,med_pear_r,pear_r_CI,med_spear_r,spear_R_CI
0,60.0,6.0,18.0,70.0,0.963503752604,0.0628646583554,0.981732414481,0.0307524476777,0.257441229917,0.301129637546,0.253933312782,0.290027383003
