,motion_thresh,age_l,age_u,n,med_rsq,CI_95,med_icc,CI_95_icc,med_pear_r,pear_r_CI,med_spear_r,spear_R_CI
0,40.0,6.0,18.0,10.0,0.745883842626,0.503412303187,0.870259637575,0.212927180864,0.0470423738782,0.306300642633,0.0410063777393,0.304495153094
