,motion_thresh,age_l,age_u,n,med_rsq,CI_95,med_icc,CI_95_icc,med_pear_r,pear_r_CI,med_spear_r,spear_R_CI
0,10.0,6.0,18.0,50.0,0.945822353494,0.0818824018301,0.973254747105,0.0376150516197,0.165900191386,0.333805106699,0.163025335407,0.314559813912
