,motion_thresh,age_l,age_u,n,med_rsq,CI_95,med_icc,CI_95_icc,med_pear_r,pear_r_CI,med_spear_r,spear_R_CI
0,40.0,6.0,18.0,30.0,0.909687973669,0.152309461138,0.95543177462,0.0719261609218,0.118708962921,0.333443761189,0.115964687109,0.323212169606
