,motion_thresh,age_l,age_u,n,med_rsq,CI_95,med_icc,CI_95_icc,med_pear_r,pear_r_CI,med_spear_r,spear_R_CI
0,30.0,6.0,18.0,10.0,0.753221760482,0.34864546186,0.876414945163,0.170538311796,0.0357142701626,0.381808123835,0.0346455858099,0.380835022521
