,motion_thresh,age_l,age_u,n,med_rsq,CI_95,med_icc,CI_95_icc,med_pear_r,pear_r_CI,med_spear_r,spear_R_CI
0,30.0,6.0,18.0,50.0,0.948007708615,0.0683166456563,0.973778537466,0.032688773766,0.183656729942,0.375041413484,0.175700609101,0.35386531443
