,motion_thresh,age_l,age_u,n,med_rsq,CI_95,med_icc,CI_95_icc,med_pear_r,pear_r_CI,med_spear_r,spear_R_CI
0,10.0,6.0,18.0,30.0,0.911031271303,0.0936526983533,0.956843523585,0.0458409740419,0.108122508117,0.272481599662,0.108800190392,0.27681439446
