,motion_thresh,age_l,age_u,n,med_rsq,CI_95,med_icc,CI_95_icc,med_pear_r,pear_r_CI,med_spear_r,spear_R_CI
0,20.0,6.0,18.0,90.0,0.969328779782,0.0660182624542,0.984539093465,0.031899256131,0.25412162453,0.270930927436,0.244760511358,0.259717382018
