,motion_thresh,age_l,age_u,n,med_rsq,CI_95,med_icc,CI_95_icc,med_pear_r,pear_r_CI,med_spear_r,spear_R_CI
0,50.0,6.0,18.0,30.0,0.911148267782,0.116115122395,0.955340176822,0.0577639764904,0.133671548927,0.359294422401,0.125252873248,0.350593010424
