,motion_thresh,age_l,age_u,n,med_rsq,CI_95,med_icc,CI_95_icc,med_pear_r,pear_r_CI,med_spear_r,spear_R_CI
0,40.0,6.0,18.0,90.0,0.971350123831,0.0582488679929,0.985771678218,0.028186217944,0.296899753926,0.318188527208,0.286689144909,0.323688049757
