,motion_thresh,age_l,age_u,n,med_rsq,CI_95,med_icc,CI_95_icc,med_pear_r,pear_r_CI,med_spear_r,spear_R_CI
0,40.0,6.0,18.0,30.0,0.912194323121,0.167317794918,0.955727020726,0.0801215049339,0.126612050445,0.388619386536,0.121119238656,0.38636425376
