,motion_thresh,age_l,age_u,n,med_rsq,CI_95,med_icc,CI_95_icc,med_pear_r,pear_r_CI,med_spear_r,spear_R_CI
0,50.0,6.0,18.0,10.0,0.72807429628,0.40056867473,0.867062936388,0.175940781934,0.0188338242255,0.273161500858,0.0159663762855,0.269022796999
