,motion_thresh,age_l,age_u,n,med_rsq,CI_95,med_icc,CI_95_icc,med_pear_r,pear_r_CI,med_spear_r,spear_R_CI
0,10.0,6.0,18.0,150.0,0.981265626829,0.0243926252376,0.990711061705,0.0118286966354,0.371505858693,0.237756121686,0.360009467648,0.23185124752
