,motion_thresh,age_l,age_u,n,med_rsq,CI_95,med_icc,CI_95_icc,med_pear_r,pear_r_CI,med_spear_r,spear_R_CI
0,30.0,6.0,18.0,40.0,0.93344547226,0.127494116605,0.96698801389,0.0567985746062,0.161345577136,0.294577403856,0.157658433011,0.295280623004
