,motion_thresh,age_l,age_u,n,med_rsq,CI_95,med_icc,CI_95_icc,med_pear_r,pear_r_CI,med_spear_r,spear_R_CI
0,20.0,6.0,18.0,50.0,0.947848766411,0.0583028435149,0.973885593824,0.0306090477105,0.175111430643,0.34747046196,0.169674175831,0.342890118377
