,motion_thresh,age_l,age_u,n,med_rsq,CI_95,med_icc,CI_95_icc,med_pear_r,pear_r_CI,med_spear_r,spear_R_CI
0,10.0,6.0,18.0,90.0,0.969526418052,0.0425191177516,0.984886094609,0.0200993542874,0.245946988201,0.241698711368,0.236322400271,0.24904246942
