,motion_thresh,age_l,age_u,n,med_rsq,CI_95,med_icc,CI_95_icc,med_pear_r,pear_r_CI,med_spear_r,spear_R_CI
0,20.0,6.0,18.0,70.0,0.962443830314,0.0463427238916,0.981320168743,0.0237389899742,0.214712030034,0.331340765701,0.208134778516,0.31902449636
