,motion_thresh,age_l,age_u,n,med_rsq,CI_95,med_icc,CI_95_icc,med_pear_r,pear_r_CI,med_spear_r,spear_R_CI
0,10.0,6.0,18.0,70.0,0.963426753361,0.0462292704667,0.981829180118,0.0220328715755,0.200432814468,0.281129336193,0.190633292407,0.268226366829
