,motion_thresh,age_l,age_u,n,med_rsq,CI_95,med_icc,CI_95_icc,med_pear_r,pear_r_CI,med_spear_r,spear_R_CI
0,40.0,6.0,18.0,20.0,0.866503207154,0.171017383433,0.933408076295,0.0798898642033,0.0684769020538,0.359744637007,0.0672894140981,0.349957502629
