,motion_thresh,age_l,age_u,n,med_rsq,CI_95,med_icc,CI_95_icc,med_pear_r,pear_r_CI,med_spear_r,spear_R_CI
0,30.0,6.0,18.0,90.0,0.970338169012,0.0449847523463,0.985212850554,0.021291310959,0.308023989569,0.302600552694,0.299831826829,0.296169555448
