,motion_thresh,age_l,age_u,n,med_rsq,CI_95,med_icc,CI_95_icc,med_pear_r,pear_r_CI,med_spear_r,spear_R_CI
0,50.0,6.0,18.0,90.0,0.969512776431,0.0724808394944,0.984757700464,0.0365393387048,0.306557427011,0.321470312271,0.293596685094,0.302279322222
