,motion_thresh,age_l,age_u,n,med_rsq,CI_95,med_icc,CI_95_icc,med_pear_r,pear_r_CI,med_spear_r,spear_R_CI
0,30.0,6.0,18.0,70.0,0.957211448822,0.0750312870867,0.978980251764,0.0356663020556,0.244743996934,0.305658490396,0.238704421904,0.295932491399
