,motion_thresh,age_l,age_u,n,med_rsq,CI_95,med_icc,CI_95_icc,med_pear_r,pear_r_CI,med_spear_r,spear_R_CI
0,50.0,6.0,18.0,50.0,0.948228725818,0.0908659153207,0.974098265979,0.0441139552865,0.178505305688,0.265979418537,0.17175380346,0.267073708001
