,motion_thresh,age_l,age_u,n,med_rsq,CI_95,med_icc,CI_95_icc,med_age_motion_r_a,med_age_motion_p_a,med_age_motion_r_b,med_age_motion_p_b
0,35.0,6.0,18.0,20.0,-1.23681580499,2.92494122429,-0.0140886379848,0.615530190724,-0.165081878677,0.427744657732,-0.163268479526,0.419304651814
