,motion_thresh,age_l,age_u,n,med_rsq,CI_95,med_icc,CI_95_icc,med_age_motion_r_a,med_age_motion_p_a,med_age_motion_r_b,med_age_motion_p_b
0,50.0,6.0,18.0,80.0,-0.720951894363,2.27392978922,0.180901214499,0.605727243748,-0.132665653649,0.240762440951,-0.13852809543,0.220493748342
