,motion_thresh,age_l,age_u,n,med_rsq,CI_95,med_icc,CI_95_icc,med_age_motion_r_a,med_age_motion_p_a,med_age_motion_r_b,med_age_motion_p_b
0,10.0,6.0,18.0,40.0,-1.03776095316,1.83135346264,0.0400237793908,0.480237478467,-0.131037245401,0.397763281751,-0.154058604211,0.332968264488
