,motion_thresh,age_l,age_u,n,med_rsq,CI_95,med_icc,CI_95_icc,med_age_motion_r_a,med_age_motion_p_a,med_age_motion_r_b,med_age_motion_p_b
0,45.0,6.0,18.0,10.0,-1.25333558169,3.38281470613,-0.0591833253158,0.597742194413,-0.142611976642,0.465291394364,-0.180935936412,0.451048763145
