,motion_thresh,age_l,age_u,n,med_rsq,CI_95,med_icc,CI_95_icc,med_age_motion_r_a,med_age_motion_p_a,med_age_motion_r_b,med_age_motion_p_b
0,45.0,6.0,18.0,30.0,-1.09892834183,3.07146927738,0.0152760110248,0.582386317101,-0.122302131861,0.41974847504,-0.122876110202,0.410716557901
