,motion_thresh,age_l,age_u,n,med_rsq,CI_95,med_icc,CI_95_icc,med_age_motion_r_a,med_age_motion_p_a,med_age_motion_r_b,med_age_motion_p_b
0,35.0,6.0,18.0,50.0,-0.897868052916,3.13418841001,0.108430849567,0.646769930036,-0.0951824673423,0.444859061628,-0.14673343791,0.250979631301
