,motion_thresh,age_l,age_u,n,med_rsq,CI_95,med_icc,CI_95_icc,med_age_motion_r_a,med_age_motion_p_a,med_age_motion_r_b,med_age_motion_p_b
0,45.0,6.0,18.0,20.0,-1.21991720988,3.72198819606,-0.00937291921766,0.567093050073,-0.0934409174013,0.481324359436,-0.138919657866,0.445095416028
