,motion_thresh,age_l,age_u,n,med_rsq,CI_95,med_icc,CI_95_icc,med_age_motion_r_a,med_age_motion_p_a,med_age_motion_r_b,med_age_motion_p_b
0,50.0,6.0,18.0,40.0,-1.23045377137,3.62358547799,0.00496542002297,0.66323677814,-0.122806225398,0.436846062831,-0.1769472021,0.267814051812
