,motion_thresh,age_l,age_u,n,med_rsq,CI_95,med_icc,CI_95_icc,med_age_motion_r_a,med_age_motion_p_a,med_age_motion_r_b,med_age_motion_p_b
0,10.0,6.0,18.0,10.0,-1.18542756187,2.38879522869,-0.0165845468329,0.510227478591,-0.118194916335,0.464112747784,-0.150577284405,0.483120936295
