,motion_thresh,age_l,age_u,n,med_rsq,CI_95,med_icc,CI_95_icc,med_age_motion_r_a,med_age_motion_p_a,med_age_motion_r_b,med_age_motion_p_b
0,5.0,6.0,18.0,40.0,-0.98062563155,1.78937124761,0.0774605764523,0.399542724702,-0.0548069824458,0.531980108894,-0.039989440405,0.563193160657
