,motion_thresh,age_l,age_u,n,med_rsq,CI_95,med_icc,CI_95_icc
0,15.0,14.0,18.0,30.0,0.916375071411,0.13344404488,0.957671931061,0.0631260726174
