,motion_thresh,age_l,age_u,n,med_rsq,CI_95,med_icc,CI_95_icc
0,15.0,10.0,14.0,20.0,0.873516594279,0.154634612521,0.935698627228,0.0715536586298
