,motion_thresh,age_l,age_u,n,med_rsq,CI_95,med_icc,CI_95_icc
0,50.0,6.0,10.0,20.0,0.864248073487,0.274502839305,0.931334906953,0.13130707428
