,motion_thresh,age_l,age_u,n,med_rsq,CI_95,med_icc,CI_95_icc
0,45.0,12.0,16.0,30.0,0.918146699213,0.0722023547143,0.95909620685,0.0357973758679
