,motion_thresh,age_l,age_u,n,med_rsq,CI_95,med_icc,CI_95_icc
0,20.0,6.0,10.0,40.0,0.928958904228,0.11983124772,0.964569841759,0.0563364950156
