,motion_thresh,age_l,age_u,n,med_rsq,CI_95,med_icc,CI_95_icc
0,10.0,6.0,10.0,50.0,0.943502999504,0.0696171630713,0.971819746557,0.0339448357016
