,motion_thresh,age_l,age_u,n,med_rsq,CI_95,med_icc,CI_95_icc
0,10.0,8.0,12.0,30.0,0.910428779744,0.113360223692,0.954985312538,0.0546017784887
