,motion_thresh,age_l,age_u,n,med_rsq,CI_95,med_icc,CI_95_icc
0,25.0,14.0,18.0,40.0,0.935528241121,0.0903769497702,0.967568994888,0.0460730176279
