,motion_thresh,age_l,age_u,n,med_rsq,CI_95,med_icc,CI_95_icc
0,35.0,6.0,10.0,40.0,0.936299628675,0.0875732202699,0.967936864577,0.0416964806878
