,motion_thresh,age_l,age_u,n,med_rsq,CI_95,med_icc,CI_95_icc
0,20.0,6.0,10.0,30.0,0.903412405849,0.114439609025,0.952147614267,0.0551244719029
