,motion_thresh,age_l,age_u,n,med_rsq,CI_95,med_icc,CI_95_icc
0,40.0,8.0,12.0,40.0,0.934297344218,0.0846443296711,0.966853553246,0.0403829480556
