,motion_thresh,age_l,age_u,n,med_rsq,CI_95,med_icc,CI_95_icc
0,15.0,14.0,18.0,40.0,0.937004336108,0.0608334862247,0.968810725248,0.0304549659262
