,motion_thresh,age_l,age_u,n,med_rsq,CI_95,med_icc,CI_95_icc
0,10.0,8.0,12.0,50.0,0.944226480714,0.0694223462718,0.971915866068,0.0343590750788
