,motion_thresh,age_l,age_u,n,med_rsq,CI_95,med_icc,CI_95_icc
0,45.0,6.0,10.0,50.0,0.944553581234,0.0858118110099,0.971549698339,0.03966070011
