,motion_thresh,age_l,age_u,n,med_rsq,CI_95,med_icc,CI_95_icc
0,45.0,10.0,14.0,40.0,0.93480432971,0.105465860534,0.967338842273,0.0484723549897
