,motion_thresh,age_l,age_u,n,med_rsq,CI_95,med_icc,CI_95_icc
0,5.0,10.0,14.0,20.0,0.872280847228,0.192895404981,0.936463260894,0.089191371331
