,motion_thresh,age_l,age_u,n,med_rsq,CI_95,med_icc,CI_95_icc
0,10.0,8.0,12.0,10.0,0.75300195015,0.267584230271,0.878252513403,0.109748635981
