,motion_thresh,age_l,age_u,n,med_rsq,CI_95,med_icc,CI_95_icc
0,20.0,14.0,18.0,50.0,0.94549610866,0.0796550357826,0.972713782369,0.0394236331205
