,motion_thresh,age_l,age_u,n,med_rsq,CI_95,med_icc,CI_95_icc
0,35.0,6.0,10.0,10.0,0.73682661095,0.467218379633,0.871310156357,0.185375144839
