,motion_thresh,age_l,age_u,n,med_rsq,CI_95,med_icc,CI_95_icc
0,45.0,8.0,12.0,30.0,0.909098684699,0.125186503629,0.953964729309,0.0620182970702
