,motion_thresh,age_l,age_u,n,med_rsq,CI_95,med_icc,CI_95_icc
0,40.0,10.0,14.0,10.0,0.753837297173,0.522336780832,0.876139133355,0.22649730882
