,motion_thresh,age_l,age_u,n,med_rsq,CI_95,med_icc,CI_95_icc
0,15.0,6.0,10.0,30.0,0.908254096385,0.106333937353,0.954697478525,0.0483262444749
