,motion_thresh,age_l,age_u,n,med_rsq,CI_95,med_icc,CI_95_icc
0,50.0,8.0,12.0,40.0,0.933183336508,0.10651650669,0.966732869456,0.0476028085163
