,motion_thresh,age_l,age_u,n,med_rsq,CI_95,med_icc,CI_95_icc
0,35.0,10.0,14.0,50.0,0.948683892442,0.0885599476996,0.974340634392,0.040802904949
