,motion_thresh,age_l,age_u,n,med_rsq,CI_95,med_icc,CI_95_icc
0,10.0,10.0,14.0,30.0,0.91559034057,0.0813230161838,0.957362768025,0.0385456606315
