,motion_thresh,age_l,age_u,n,med_rsq,CI_95,med_icc,CI_95_icc
0,50.0,12.0,16.0,20.0,0.874388364877,0.173288417245,0.936753175084,0.0885869479007
