,motion_thresh,age_l,age_u,n,med_rsq,CI_95,med_icc,CI_95_icc
0,10.0,8.0,12.0,20.0,0.866928837692,0.152422857879,0.934460613579,0.0747183922598
