,motion_thresh,age_l,age_u,n,med_rsq,CI_95,med_icc,CI_95_icc
0,30.0,10.0,14.0,10.0,0.749830640284,0.348626981226,0.87533363512,0.13835794142
