,motion_thresh,age_l,age_u,n,med_rsq,CI_95,med_icc,CI_95_icc
0,40.0,8.0,12.0,50.0,0.943406087437,0.101463517928,0.971900534283,0.0494575869528
