,motion_thresh,age_l,age_u,n,med_rsq,CI_95,med_icc,CI_95_icc
0,35.0,12.0,16.0,50.0,0.945086487105,0.0738941950082,0.973291267975,0.037475681441
