,motion_thresh,age_l,age_u,n,med_rsq,CI_95,med_icc,CI_95_icc
0,45.0,10.0,14.0,20.0,0.868775461767,0.282572445102,0.934338733862,0.125167054244
