,motion_thresh,age_l,age_u,n,med_rsq,CI_95,med_icc,CI_95_icc
0,30.0,8.0,12.0,30.0,0.910132850308,0.134064658657,0.955980583191,0.0601349569283
