,motion_thresh,age_l,age_u,n,med_rsq,CI_95,med_icc,CI_95_icc
0,15.0,10.0,14.0,10.0,0.762020641543,0.355577213247,0.878973474874,0.145956150293
