,motion_thresh,age_l,age_u,n,med_rsq,CI_95,med_icc,CI_95_icc
0,15.0,6.0,10.0,50.0,0.946037638306,0.0556835216549,0.973142226241,0.0264552929711
