,motion_thresh,age_l,age_u,n,med_rsq,CI_95,med_icc,CI_95_icc
0,35.0,8.0,12.0,50.0,0.94416364719,0.0985391035236,0.972387957419,0.0471905519853
