,motion_thresh,age_l,age_u,n,med_rsq,CI_95,med_icc,CI_95_icc
0,40.0,10.0,14.0,40.0,0.937415617572,0.0806330192153,0.968444497895,0.037558153094
