,motion_thresh,age_l,age_u,n,med_rsq,CI_95,med_icc,CI_95_icc
0,20.0,10.0,14.0,10.0,0.763814048613,0.31530855062,0.880207429773,0.134177650851
