,motion_thresh,age_l,age_u,n,med_rsq,CI_95,med_icc,CI_95_icc
0,25.0,10.0,14.0,30.0,0.914119917956,0.108158796295,0.957531378636,0.0521709233917
