,motion_thresh,age_l,age_u,n,med_rsq,CI_95,med_icc,CI_95_icc
0,25.0,8.0,12.0,40.0,0.932212824195,0.109544118129,0.966622189916,0.0515364003188
