,motion_thresh,age_l,age_u,n,med_rsq,CI_95,med_icc,CI_95_icc
0,50.0,8.0,12.0,20.0,0.864369576038,0.222002241524,0.932754817755,0.096687153614
