,motion_thresh,age_l,age_u,n,med_rsq,CI_95,med_icc,CI_95_icc
0,50.0,10.0,14.0,10.0,0.742597916185,0.384688441044,0.871417747606,0.18280599682
