,motion_thresh,age_l,age_u,n,med_rsq,CI_95,med_icc,CI_95_icc
0,25.0,8.0,12.0,50.0,0.947056241094,0.0708105091184,0.973794806096,0.0314519017348
