,motion_thresh,age_l,age_u,n,med_rsq,CI_95,med_icc,CI_95_icc
0,10.0,12.0,16.0,50.0,0.948666056628,0.0533069814564,0.974134677031,0.0264217314261
