,motion_thresh,age_l,age_u,n,med_rsq,CI_95,med_icc,CI_95_icc
0,10.0,8.0,12.0,40.0,0.931159110627,0.0940915022064,0.965832383737,0.047127859125
