,motion_thresh,age_l,age_u,n,med_rsq,CI_95,med_icc,CI_95_icc
0,10.0,14.0,18.0,10.0,0.7681736038,0.270418380945,0.882387964728,0.132788605691
