,motion_thresh,age_l,age_u,n,med_rsq,CI_95,med_icc,CI_95_icc
0,15.0,14.0,18.0,50.0,0.943426101506,0.094945736115,0.971797732533,0.0443149108331
