,motion_thresh,age_l,age_u,n,med_rsq,CI_95,med_icc,CI_95_icc
0,45.0,14.0,18.0,20.0,0.86923478205,0.184977079295,0.936193953258,0.0892648533369
