,motion_thresh,age_l,age_u,n,med_rsq,CI_95,med_icc,CI_95_icc
0,10.0,10.0,14.0,10.0,0.756097799525,0.310839269086,0.881885087341,0.145343947958
