,motion_thresh,age_l,age_u,n,med_rsq,CI_95,med_icc,CI_95_icc
0,5.0,14.0,18.0,10.0,0.746893115938,0.400624237695,0.872866114856,0.166948929671
