,motion_thresh,age_l,age_u,n,med_rsq,CI_95,med_icc,CI_95_icc
0,5.0,6.0,10.0,50.0,0.915494051925,0.0449017705341,0.958375533933,0.0221155944254
