,motion_thresh,age_l,age_u,n,med_rsq,CI_95,med_icc,CI_95_icc
0,40.0,12.0,16.0,30.0,0.908653806289,0.122853109888,0.954065830297,0.0605126423048
