,motion_thresh,age_l,age_u,n,med_rsq,CI_95,med_icc,CI_95_icc
0,30.0,10.0,14.0,20.0,0.866486296273,0.140563501779,0.934774685973,0.0727385439535
