,motion_thresh,age_l,age_u,n,med_rsq,CI_95,med_icc,CI_95_icc
0,10.0,12.0,16.0,10.0,0.76032700009,0.347813102092,0.880094429976,0.140010253749
