,motion_thresh,age_l,age_u,n,med_rsq,CI_95,med_icc,CI_95_icc
0,35.0,12.0,16.0,20.0,0.87440872855,0.181603352534,0.936880311201,0.0934374283024
