,motion_thresh,age_l,age_u,n,med_rsq,CI_95,med_icc,CI_95_icc
0,40.0,8.0,12.0,10.0,0.741636614902,0.355046952444,0.870488961782,0.15517357015
