,motion_thresh,age_l,age_u,n,med_rsq,CI_95,med_icc,CI_95_icc
0,30.0,14.0,18.0,40.0,0.937122958007,0.0797611763844,0.968692233892,0.0404197223546
