,motion_thresh,age_l,age_u,n,med_rsq,CI_95,med_icc,CI_95_icc
0,15.0,8.0,12.0,40.0,0.93133914738,0.111895156926,0.96570878933,0.0514578549372
