,motion_thresh,age_l,age_u,n,med_rsq,CI_95,med_icc,CI_95_icc
0,15.0,12.0,16.0,10.0,0.755592820588,0.497429949385,0.877136277715,0.190413360276
