,motion_thresh,age_l,age_u,n,med_rsq,CI_95,med_icc,CI_95_icc
0,45.0,14.0,18.0,50.0,0.947797624405,0.0755107792073,0.973466459724,0.0340086794299
