,motion_thresh,age_l,age_u,n,med_rsq,CI_95,med_icc,CI_95_icc
0,50.0,12.0,16.0,10.0,0.75517597171,0.447120134146,0.878543967399,0.192310317864
