,motion_thresh,age_l,age_u,n,med_rsq,CI_95,med_icc,CI_95_icc
0,30.0,12.0,16.0,30.0,0.910446094989,0.0892583885741,0.954853656481,0.0466740538746
