,motion_thresh,age_l,age_u,n,med_rsq,CI_95,med_icc,CI_95_icc
0,25.0,10.0,14.0,20.0,0.864780036213,0.245555971626,0.934185719877,0.115181392159
