,motion_thresh,age_l,age_u,n,med_rsq,CI_95,med_icc,CI_95_icc
0,10.0,10.0,14.0,40.0,0.934525255892,0.0548808227395,0.967185392323,0.0262192023678
