,motion_thresh,age_l,age_u,n,med_rsq,CI_95,med_icc,CI_95_icc
0,15.0,12.0,16.0,30.0,0.90854039393,0.151422584285,0.954849655846,0.0736126246972
