,motion_thresh,age_l,age_u,n,med_rsq,CI_95,med_icc,CI_95_icc
0,35.0,10.0,14.0,20.0,0.870723072679,0.188988808991,0.934858414369,0.0884060417679
