,motion_thresh,age_l,age_u,n,med_rsq,CI_95,med_icc,CI_95_icc
0,5.0,8.0,12.0,30.0,0.905836932675,0.127714870522,0.95323286283,0.056263501519
