,motion_thresh,age_l,age_u,n,med_rsq,CI_95,med_icc,CI_95_icc
0,50.0,8.0,12.0,50.0,0.94616842343,0.0722703180149,0.972839342195,0.0339433254946
