,motion_thresh,age_l,age_u,n,med_rsq,CI_95,med_icc,CI_95_icc
0,15.0,8.0,12.0,30.0,0.910221158459,0.103861083189,0.955001248377,0.0478758002325
