,motion_thresh,age_l,age_u,n,med_rsq,CI_95,med_icc,CI_95_icc
0,45.0,8.0,12.0,40.0,0.927092434434,0.119625436236,0.963696574548,0.0591221792896
