,motion_thresh,age_l,age_u,n,med_rsq,CI_95,med_icc,CI_95_icc
0,20.0,6.0,10.0,50.0,0.942907358276,0.106397261535,0.972131469331,0.0513237636641
