,motion_thresh,age_l,age_u,n,med_rsq,CI_95,med_icc,CI_95_icc
0,15.0,10.0,14.0,40.0,0.93385364741,0.0702751373152,0.966777715824,0.0355165444686
