,motion_thresh,age_l,age_u,n,med_rsq,CI_95,med_icc,CI_95_icc
0,5.0,8.0,12.0,10.0,0.747006033848,0.240852004218,0.875244869073,0.0980842585335
