,motion_thresh,age_l,age_u,n,med_rsq,CI_95,med_icc,CI_95_icc
0,15.0,6.0,10.0,20.0,0.866258873328,0.158247877493,0.933451334769,0.0786351593484
