,motion_thresh,age_l,age_u,n,med_rsq,CI_95,med_icc,CI_95_icc
0,50.0,8.0,12.0,10.0,0.748681489203,0.514131490747,0.875800018434,0.214593416869
