,motion_thresh,age_l,age_u,n,med_rsq,CI_95,med_icc,CI_95_icc
0,5.0,12.0,16.0,40.0,0.934476513735,0.0805767743455,0.966653875684,0.0386947355003
