,motion_thresh,age_l,age_u,n,med_rsq,CI_95,med_icc,CI_95_icc
0,30.0,14.0,18.0,30.0,0.915044637655,0.0976091302024,0.958046385102,0.046096424639
