,motion_thresh,age_l,age_u,n,med_rsq,CI_95,med_icc,CI_95_icc
0,30.0,6.0,10.0,30.0,0.903751691948,0.112386939727,0.952902236876,0.0518876946163
