,motion_thresh,age_l,age_u,n,med_rsq,CI_95,med_icc,CI_95_icc
0,25.0,12.0,16.0,20.0,0.866260612028,0.185723331951,0.93433760714,0.0837278829693
