,motion_thresh,age_l,age_u,n,med_rsq,CI_95,med_icc,CI_95_icc
0,25.0,6.0,10.0,50.0,0.946043160749,0.0860049559578,0.972913071054,0.0407888954903
