,motion_thresh,age_l,age_u,n,med_rsq,CI_95,med_icc,CI_95_icc
0,10.0,14.0,18.0,40.0,0.935100835069,0.069924850403,0.967570941463,0.0348362875821
