,motion_thresh,age_l,age_u,n,med_rsq,CI_95,med_icc,CI_95_icc
0,35.0,10.0,14.0,40.0,0.932306865887,0.097641834873,0.966554457153,0.049670406552
