,motion_thresh,age_l,age_u,n,med_rsq,CI_95,med_icc,CI_95_icc
0,5.0,14.0,18.0,40.0,0.934358932237,0.0582495055454,0.967182335918,0.0293072142911
