,motion_thresh,age_l,age_u,n,med_rsq,CI_95,med_icc,CI_95_icc
0,5.0,14.0,18.0,50.0,0.947878030106,0.0569694303542,0.97378774167,0.028247910613
