,motion_thresh,age_l,age_u,n,med_rsq,CI_95,med_icc,CI_95_icc
0,25.0,8.0,12.0,20.0,0.870593678649,0.271104144221,0.935128911285,0.114438808369
