,motion_thresh,age_l,age_u,n,med_rsq,CI_95,med_icc,CI_95_icc
0,50.0,10.0,14.0,50.0,0.945871130958,0.0867316180508,0.97275400583,0.0428735132545
