,motion_thresh,age_l,age_u,n,med_rsq,CI_95,med_icc,CI_95_icc
0,30.0,12.0,16.0,50.0,0.945006691831,0.0510535300967,0.972743472884,0.0260235651467
