,motion_thresh,age_l,age_u,n,med_rsq,CI_95,med_icc,CI_95_icc
0,10.0,6.0,10.0,20.0,0.864080525465,0.174410866549,0.931715473068,0.0821668174164
