,motion_thresh,age_l,age_u,n,med_rsq,CI_95,med_icc,CI_95_icc
0,50.0,10.0,14.0,20.0,0.873822709679,0.192441028696,0.937932212229,0.086468358191
