,motion_thresh,age_l,age_u,n,med_rsq,CI_95,med_icc,CI_95_icc
0,35.0,10.0,14.0,30.0,0.912587325646,0.144288896566,0.956379029507,0.0733224352845
