,motion_thresh,age_l,age_u,n,med_rsq,CI_95,med_icc,CI_95_icc
0,40.0,6.0,10.0,50.0,0.949091448023,0.0717508486545,0.974582466301,0.033827321994
