,motion_thresh,age_l,age_u,n,med_rsq,CI_95,med_icc,CI_95_icc
0,40.0,12.0,16.0,10.0,0.752382318061,0.563755478137,0.876882191406,0.269101072629
