,motion_thresh,age_l,age_u,n,med_rsq,CI_95,med_icc,CI_95_icc
0,45.0,12.0,16.0,50.0,0.948319321962,0.0844430426632,0.974391157661,0.0440316255073
