,motion_thresh,age_l,age_u,n,med_rsq,CI_95,med_icc,CI_95_icc
0,35.0,14.0,18.0,50.0,0.945792587776,0.0823252396935,0.97318365119,0.042159584776
