,motion_thresh,age_l,age_u,n,med_rsq,CI_95,med_icc,CI_95_icc
0,25.0,10.0,14.0,40.0,0.933700534561,0.0954165059185,0.966690853537,0.0438365469311
