,motion_thresh,age_l,age_u,n,med_rsq,CI_95,med_icc,CI_95_icc
0,50.0,6.0,10.0,10.0,0.724772923053,0.389481966465,0.863269823997,0.178146097594
