,motion_thresh,age_l,age_u,n,med_rsq,CI_95,med_icc,CI_95_icc
0,5.0,6.0,10.0,30.0,0.909032837896,0.0757099693694,0.954333999628,0.0378024636115
