,motion_thresh,age_l,age_u,n,med_rsq,CI_95,med_icc,CI_95_icc
0,15.0,12.0,16.0,20.0,0.870304841921,0.195047506915,0.935850438518,0.0854856020835
