,motion_thresh,age_l,age_u,n,med_rsq,CI_95,med_icc,CI_95_icc
0,5.0,14.0,18.0,20.0,0.868419276259,0.146748569239,0.934402920834,0.0706762564978
