,motion_thresh,age_l,age_u,n,med_rsq,CI_95,med_icc,CI_95_icc
0,30.0,14.0,18.0,10.0,0.744745767882,0.443378505042,0.872860869086,0.209263705918
