,motion_thresh,age_l,age_u,n,med_rsq,CI_95,med_icc,CI_95_icc
0,30.0,8.0,12.0,40.0,0.931513467358,0.10619431683,0.966540629211,0.0488700980952
