,motion_thresh,age_l,age_u,n,med_rsq,CI_95,med_icc,CI_95_icc
0,25.0,12.0,16.0,10.0,0.753823781302,0.350332660326,0.8780695757,0.15516426551
