,motion_thresh,age_l,age_u,n,med_rsq,CI_95,med_icc,CI_95_icc
0,15.0,14.0,18.0,20.0,0.8748858374,0.25341393488,0.936688424581,0.115665909695
