,motion_thresh,age_l,age_u,n,med_rsq,CI_95,med_icc,CI_95_icc
0,15.0,12.0,16.0,40.0,0.932750113877,0.0798811790551,0.966539653453,0.0388931087679
