,motion_thresh,age_l,age_u,n,med_rsq,CI_95,med_icc,CI_95_icc
0,30.0,8.0,12.0,20.0,0.864597153896,0.186789798161,0.932357712858,0.0754236972799
