,motion_thresh,age_l,age_u,n,med_rsq,CI_95,med_icc,CI_95_icc
0,45.0,14.0,18.0,30.0,0.915423554565,0.0977860196067,0.957624290382,0.0505285833992
