,motion_thresh,age_l,age_u,n,med_rsq,CI_95,med_icc,CI_95_icc
0,10.0,6.0,10.0,30.0,0.907541434226,0.0996120497777,0.953141683067,0.048831853706
