,motion_thresh,age_l,age_u,n,med_rsq,CI_95,med_icc,CI_95_icc
0,35.0,12.0,16.0,30.0,0.914739502096,0.129593541416,0.956679192287,0.0593319612735
