,motion_thresh,age_l,age_u,n,med_rsq,CI_95,med_icc,CI_95_icc
0,10.0,6.0,10.0,40.0,0.93399029506,0.077411383536,0.967043224401,0.0364366678566
