,motion_thresh,age_l,age_u,n,med_rsq,CI_95,med_icc,CI_95_icc
0,5.0,8.0,12.0,40.0,0.927982630332,0.0996876754144,0.964416829287,0.0473193832831
