,motion_thresh,age_l,age_u,n,med_rsq,CI_95,med_icc,CI_95_icc
0,40.0,6.0,10.0,40.0,0.927287891695,0.126430227625,0.964232840503,0.0594855857413
