,motion_thresh,age_l,age_u,n,med_rsq,CI_95,med_icc,CI_95_icc
0,15.0,14.0,18.0,10.0,0.750566051262,0.420347373331,0.881493706247,0.183418703675
