,motion_thresh,age_l,age_u,n,med_rsq,CI_95,med_icc,CI_95_icc
0,20.0,8.0,12.0,10.0,0.755183475019,0.400492398445,0.876966053039,0.181854096938
