,motion_thresh,age_l,age_u,n,med_rsq,CI_95,med_icc,CI_95_icc
0,50.0,10.0,14.0,40.0,0.935975767085,0.0977102871125,0.967981863223,0.0521708569715
