,motion_thresh,age_l,age_u,n,med_rsq,CI_95,med_icc,CI_95_icc
0,5.0,6.0,10.0,20.0,0.867176147541,0.178412852185,0.932714252726,0.0791518768501
