,motion_thresh,age_l,age_u,n,med_rsq,CI_95,med_icc,CI_95_icc
0,40.0,14.0,18.0,40.0,0.934638754956,0.0906306363495,0.967835732347,0.0445103011167
