,motion_thresh,age_l,age_u,n,med_rsq,CI_95,med_icc,CI_95_icc
0,25.0,6.0,10.0,10.0,0.741424100624,0.398354034907,0.874699161775,0.169621450276
