,motion_thresh,age_l,age_u,n,med_rsq,CI_95,med_icc,CI_95_icc
0,15.0,8.0,12.0,20.0,0.860456404082,0.175868634728,0.930655545537,0.083544480998
