,motion_thresh,age_l,age_u,n,med_rsq,CI_95,med_icc,CI_95_icc
0,45.0,6.0,10.0,10.0,0.738028083663,0.670394913821,0.871088721924,0.25775538836
