,motion_thresh,age_l,age_u,n,med_rsq,CI_95,med_icc,CI_95_icc
0,20.0,12.0,16.0,40.0,0.934767190914,0.0778883880442,0.967222615947,0.0383764937427
