,motion_thresh,age_l,age_u,n,med_rsq,CI_95,med_icc,CI_95_icc
0,40.0,8.0,12.0,20.0,0.856730599674,0.28136102617,0.928571395029,0.124466764123
