,motion_thresh,age_l,age_u,n,med_rsq,CI_95,med_icc,CI_95_icc
0,45.0,6.0,10.0,40.0,0.931231117298,0.135845595833,0.965446763924,0.0599103638548
