,motion_thresh,age_l,age_u,n,med_rsq,CI_95,med_icc,CI_95_icc
0,50.0,6.0,10.0,40.0,0.926514843417,0.111399954797,0.963240536983,0.0545867948509
