,motion_thresh,age_l,age_u,n,med_rsq,CI_95,med_icc,CI_95_icc
0,15.0,12.0,16.0,50.0,0.945025607635,0.0683642899107,0.973001426788,0.0322156044453
