,motion_thresh,age_l,age_u,n,med_rsq,CI_95,med_icc,CI_95_icc
0,15.0,10.0,14.0,30.0,0.917494457762,0.0778447404849,0.958279785606,0.0380420636566
