,motion_thresh,age_l,age_u,n,med_rsq,CI_95,med_icc,CI_95_icc
0,30.0,14.0,18.0,20.0,0.866805581713,0.211757590434,0.934317868798,0.111269194026
