,motion_thresh,age_l,age_u,n,med_rsq,CI_95,med_icc,CI_95_icc
0,35.0,14.0,18.0,20.0,0.871488067532,0.17214895968,0.935182573181,0.0799667052574
