,motion_thresh,age_l,age_u,n,med_rsq,CI_95,med_icc,CI_95_icc
0,25.0,8.0,12.0,30.0,0.910850277984,0.212869438617,0.955044605822,0.101334890467
