,motion_thresh,age_l,age_u,n,med_rsq,CI_95,med_icc,CI_95_icc
0,25.0,6.0,10.0,40.0,0.932415900605,0.0973884949398,0.966593131653,0.0481617363395
