,motion_thresh,age_l,age_u,n,med_rsq,CI_95,med_icc,CI_95_icc
0,35.0,6.0,10.0,20.0,0.867165065884,0.251332382625,0.934105881449,0.115705295584
