,motion_thresh,age_l,age_u,n,med_rsq,CI_95,med_icc,CI_95_icc
0,30.0,10.0,14.0,30.0,0.911591343782,0.109127014796,0.956261403475,0.0518379758501
