,motion_thresh,age_l,age_u,n,med_rsq,CI_95,med_icc,CI_95_icc
0,50.0,14.0,18.0,50.0,0.947275044286,0.0805773483683,0.973854584245,0.0397035889662
