,motion_thresh,age_l,age_u,n,med_rsq,CI_95,med_icc,CI_95_icc
0,15.0,8.0,12.0,50.0,0.946921949639,0.0695064975836,0.973773046313,0.0366578748937
