,motion_thresh,age_l,age_u,n,med_rsq,CI_95,med_icc,CI_95_icc
0,10.0,6.0,10.0,10.0,0.736107697626,0.41479906273,0.870266492222,0.174213052671
