,motion_thresh,age_l,age_u,n,med_rsq,CI_95,med_icc,CI_95_icc
0,20.0,10.0,14.0,30.0,0.914649161161,0.0966029199635,0.9571439478,0.0459080929184
