,motion_thresh,age_l,age_u,n,med_rsq,CI_95,med_icc,CI_95_icc
0,40.0,12.0,16.0,20.0,0.865958179897,0.172051485857,0.933691572076,0.0861683441025
