,motion_thresh,age_l,age_u,n,med_rsq,CI_95,med_icc,CI_95_icc
0,40.0,6.0,10.0,30.0,0.906528809121,0.138786495705,0.954096477184,0.0715032755623
