,motion_thresh,age_l,age_u,n,med_rsq,CI_95,med_icc,CI_95_icc
0,25.0,14.0,18.0,20.0,0.871094278471,0.208191792223,0.935353152593,0.0983843167396
