,motion_thresh,age_l,age_u,n,med_rsq,CI_95,med_icc,CI_95_icc
0,45.0,14.0,18.0,10.0,0.752212236622,0.33481394464,0.87888408406,0.160612401465
