,motion_thresh,age_l,age_u,n,med_rsq,CI_95,med_icc,CI_95_icc
0,45.0,12.0,16.0,20.0,0.874681110732,0.193076047547,0.938749780365,0.0831552228285
