,motion_thresh,age_l,age_u,n,med_rsq,CI_95,med_icc,CI_95_icc
0,25.0,12.0,16.0,50.0,0.947829367945,0.0797563236159,0.973836058598,0.0408205968962
