,motion_thresh,age_l,age_u,n,med_rsq,CI_95,med_icc,CI_95_icc
0,30.0,6.0,10.0,50.0,0.945049989861,0.0925264973353,0.972784737721,0.0447299932534
