,motion_thresh,age_l,age_u,n,med_rsq,CI_95,med_icc,CI_95_icc
0,50.0,14.0,18.0,20.0,0.878484501593,0.175213600086,0.938558016941,0.0876703171102
