,motion_thresh,age_l,age_u,n,med_rsq,CI_95,med_icc,CI_95_icc
0,20.0,8.0,12.0,30.0,0.906002902452,0.144303401651,0.954839873974,0.0677426609549
