,motion_thresh,age_l,age_u,n,med_rsq,CI_95,med_icc,CI_95_icc
0,35.0,8.0,12.0,20.0,0.865551898932,0.239890372662,0.934180262338,0.107683359395
