,motion_thresh,age_l,age_u,n,med_rsq,CI_95,med_icc,CI_95_icc
0,20.0,12.0,16.0,50.0,0.943012965585,0.0817216144487,0.971810074585,0.0381443339777
