,motion_thresh,age_l,age_u,n,med_rsq,CI_95,med_icc,CI_95_icc
0,40.0,14.0,18.0,50.0,0.949056501471,0.0745918059835,0.974391417098,0.0374814962427
