,motion_thresh,age_l,age_u,n,med_rsq,CI_95,med_icc,CI_95_icc
0,40.0,6.0,10.0,10.0,0.721248587044,0.524876322258,0.865703987231,0.223200682787
