,motion_thresh,age_l,age_u,n,med_rsq,CI_95,med_icc,CI_95_icc
0,20.0,10.0,14.0,50.0,0.946715083699,0.0680595878143,0.973322243075,0.0325481794795
