,motion_thresh,age_l,age_u,n,med_rsq,CI_95,med_icc,CI_95_icc
0,45.0,10.0,14.0,10.0,0.759693437949,0.348872218345,0.88235445567,0.177027415306
