,motion_thresh,age_l,age_u,n,med_rsq,CI_95,med_icc,CI_95_icc
0,10.0,14.0,18.0,20.0,0.870110664426,0.130861346102,0.935176635507,0.0615325440283
