,motion_thresh,age_l,age_u,n,med_rsq,CI_95,med_icc,CI_95_icc
0,25.0,10.0,14.0,10.0,0.757395326459,0.248969636847,0.878248252017,0.109001037338
