,motion_thresh,age_l,age_u,n,med_rsq,CI_95,med_icc,CI_95_icc
0,45.0,8.0,12.0,20.0,0.857840283693,0.202436837201,0.93137965175,0.0844422041183
