,motion_thresh,age_l,age_u,n,med_rsq,CI_95,med_icc,CI_95_icc
0,30.0,12.0,16.0,40.0,0.935855160521,0.0917032118983,0.968147035784,0.0443582318638
