,motion_thresh,age_l,age_u,n,med_rsq,CI_95,med_icc,CI_95_icc
0,25.0,12.0,16.0,40.0,0.934336791972,0.0764670102481,0.967348239999,0.0362948119131
