,motion_thresh,age_l,age_u,n,med_rsq,CI_95,med_icc,CI_95_icc
0,30.0,8.0,12.0,50.0,0.943650847164,0.098982674849,0.97204668638,0.0502141209532
