,motion_thresh,age_l,age_u,n,med_rsq,CI_95,med_icc,CI_95_icc
0,50.0,6.0,10.0,30.0,0.907431971516,0.139968620202,0.953436368386,0.068422257909
