,motion_thresh,age_l,age_u,n,med_rsq,CI_95,med_icc,CI_95_icc
0,45.0,6.0,10.0,30.0,0.907608429545,0.171332673543,0.953627175108,0.0748698808807
