,motion_thresh,age_l,age_u,n,med_rsq,CI_95,med_icc,CI_95_icc
0,25.0,8.0,12.0,10.0,0.7534263503,0.291383306492,0.876761140462,0.129655712447
