,motion_thresh,age_l,age_u,n,med_rsq,CI_95,med_icc,CI_95_icc
0,20.0,14.0,18.0,40.0,0.934684661046,0.0719350495567,0.967121112152,0.0345867970976
