,motion_thresh,age_l,age_u,n,med_rsq,CI_95,med_icc,CI_95_icc
0,5.0,6.0,10.0,40.0,0.936159613517,0.0415608687866,0.96790576854,0.0204153169783
