,motion_thresh,age_l,age_u,n,med_rsq,CI_95,med_icc,CI_95_icc
0,5.0,8.0,12.0,50.0,0.943482835481,0.092159308561,0.972261460232,0.0441313329702
