,motion_thresh,age_l,age_u,n,med_rsq,CI_95,med_icc,CI_95_icc
0,40.0,6.0,10.0,20.0,0.861936640909,0.229464626454,0.932915841022,0.102736148243
