,motion_thresh,age_l,age_u,n,med_rsq,CI_95,med_icc,CI_95_icc
0,25.0,14.0,18.0,10.0,0.729303159217,0.38598666195,0.868257881537,0.163183541855
