,motion_thresh,age_l,age_u,n,med_rsq,CI_95,med_icc,CI_95_icc
0,40.0,14.0,18.0,30.0,0.90957293557,0.121947504741,0.954877112154,0.0623696651266
