,motion_thresh,age_l,age_u,n,med_rsq,CI_95,med_icc,CI_95_icc
0,20.0,12.0,16.0,20.0,0.868576191061,0.126039616711,0.934790591059,0.059368110938
