,motion_thresh,age_l,age_u,n,med_rsq,CI_95,med_icc,CI_95_icc
0,5.0,12.0,16.0,20.0,0.872669912067,0.175443009495,0.93657816045,0.0832057024306
