,motion_thresh,age_l,age_u,n,med_rsq,CI_95,med_icc,CI_95_icc
0,30.0,6.0,10.0,40.0,0.928638885318,0.118181053275,0.963852168425,0.0557170918955
