,motion_thresh,age_l,age_u,n,med_rsq,CI_95,med_icc,CI_95_icc
0,25.0,14.0,18.0,50.0,0.949698334633,0.0950892757821,0.97443730047,0.0448596215192
