,motion_thresh,age_l,age_u,n,med_rsq,CI_95,med_icc,CI_95_icc
0,5.0,10.0,14.0,40.0,0.93186418712,0.0773290432343,0.966540688474,0.036027045398
