,motion_thresh,age_l,age_u,n,med_rsq,CI_95,med_icc,CI_95_icc
0,10.0,12.0,16.0,20.0,0.870044314648,0.200771820338,0.935021609551,0.0928426149048
