,motion_thresh,age_l,age_u,n,med_rsq,CI_95,med_icc,CI_95_icc
0,35.0,6.0,10.0,50.0,0.938191015354,0.0947904294304,0.969779447565,0.0471443177072
