,motion_thresh,age_l,age_u,n,med_rsq,CI_95,med_icc,CI_95_icc
0,50.0,8.0,12.0,30.0,0.906847302961,0.186272633554,0.954112746067,0.0884457273507
