,motion_thresh,age_l,age_u,n,med_rsq,CI_95,med_icc,CI_95_icc
0,20.0,6.0,10.0,10.0,0.742607365823,0.399467659213,0.872503396738,0.173542934782
