,motion_thresh,age_l,age_u,n,med_rsq,CI_95,med_icc,CI_95_icc
0,25.0,6.0,10.0,20.0,0.873151365708,0.212814524858,0.935388124627,0.102363674948
