,motion_thresh,age_l,age_u,n,med_rsq,CI_95,med_icc,CI_95_icc
0,35.0,8.0,12.0,10.0,0.731425899514,0.376645678474,0.869710968071,0.156333748918
