,motion_thresh,age_l,age_u,n,med_rsq,CI_95,med_icc,CI_95_icc
0,25.0,6.0,10.0,30.0,0.90609128905,0.156532879373,0.952302925659,0.0798974669215
