,motion_thresh,age_l,age_u,n,med_rsq,CI_95,med_icc,CI_95_icc
0,10.0,12.0,16.0,40.0,0.934411554767,0.0712404468976,0.967208962645,0.0343199166092
