,motion_thresh,age_l,age_u,n,med_rsq,CI_95,med_icc,CI_95_icc
0,20.0,6.0,10.0,20.0,0.858527964936,0.192497200906,0.929333641194,0.0842334469597
