,motion_thresh,age_l,age_u,n,med_rsq,CI_95,med_icc,CI_95_icc
0,5.0,6.0,10.0,10.0,0.749939855722,0.45251026166,0.875682885434,0.171594834575
