,motion_thresh,age_l,age_u,n,med_rsq,CI_95,med_icc,CI_95_icc
0,35.0,12.0,16.0,10.0,0.743567732638,0.380320897779,0.873011587735,0.177702165838
