,motion_thresh,age_l,age_u,n,med_rsq,CI_95,med_icc,CI_95_icc
0,15.0,8.0,12.0,10.0,0.746835131777,0.274452940419,0.874363525691,0.135704536597
