,motion_thresh,age_l,age_u,n,med_rsq,CI_95,med_icc,CI_95_icc
0,30.0,8.0,12.0,10.0,0.723498540802,0.52806119857,0.864820083134,0.183813494468
