,motion_thresh,age_l,age_u,n,med_rsq,CI_95,med_icc,CI_95_icc
0,5.0,12.0,16.0,10.0,0.749197235222,0.293214486183,0.877969798739,0.13186075912
