,motion_thresh,age_l,age_u,n,med_rsq,CI_95,med_icc,CI_95_icc
0,30.0,12.0,16.0,20.0,0.874920631067,0.1712482366,0.937139699327,0.0772173170899
