,motion_thresh,age_l,age_u,n,med_rsq,CI_95,med_icc,CI_95_icc
0,20.0,10.0,14.0,20.0,0.87622714764,0.153980195018,0.939121986889,0.0675962739834
