,motion_thresh,age_l,age_u,n,med_rsq,CI_95,med_icc,CI_95_icc
0,40.0,12.0,16.0,40.0,0.934921075273,0.0790440416014,0.967589674069,0.0392336441058
