,motion_thresh,age_l,age_u,n,med_rsq,CI_95,med_icc,CI_95_icc
0,50.0,12.0,16.0,40.0,0.934284633582,0.0815862359262,0.967645797758,0.0393114409495
