,motion_thresh,age_l,age_u,n,med_rsq,CI_95,med_icc,CI_95_icc
0,5.0,10.0,14.0,10.0,0.751746231637,0.292566796354,0.879028128142,0.135379274596
