,motion_thresh,age_l,age_u,n,med_rsq,CI_95,med_icc,CI_95_icc
0,40.0,12.0,16.0,50.0,0.949212486047,0.0769970492737,0.974672961928,0.0389193492515
