,motion_thresh,age_l,age_u,n,med_rsq,CI_95,med_icc,CI_95_icc
0,35.0,14.0,18.0,40.0,0.935591594938,0.0937843204571,0.96778229083,0.0493295719292
