,motion_thresh,age_l,age_u,n,med_rsq,CI_95,med_icc,CI_95_icc
0,10.0,10.0,14.0,50.0,0.948211676917,0.0445136935916,0.974650067301,0.0225472873342
