,motion_thresh,age_l,age_u,n,med_rsq,CI_95,med_icc,CI_95_icc
0,30.0,10.0,14.0,50.0,0.947310058094,0.0918945676886,0.973318926969,0.0434683577798
