,motion_thresh,age_l,age_u,n,med_rsq,CI_95,med_icc,CI_95_icc
0,40.0,14.0,18.0,20.0,0.869590610856,0.247725809683,0.935466062674,0.118321484494
