,motion_thresh,age_l,age_u,n,med_rsq,CI_95,med_icc,CI_95_icc
0,45.0,10.0,14.0,30.0,0.910213890773,0.1222403452,0.955393304629,0.0584533635119
