,motion_thresh,age_l,age_u,n,med_rsq,CI_95,med_icc,CI_95_icc
0,35.0,10.0,14.0,10.0,0.745649555,0.345399800539,0.871845080908,0.152839412718
