,motion_thresh,age_l,age_u,n,med_rsq,CI_95,med_icc,CI_95_icc
0,45.0,8.0,12.0,10.0,0.731884290484,0.366068894785,0.865942820068,0.172342307587
