,motion_thresh,age_l,age_u,n,med_rsq,CI_95,med_icc,CI_95_icc
0,15.0,10.0,14.0,50.0,0.948860946756,0.0689278161784,0.974886627583,0.0333708014998
