,motion_thresh,age_l,age_u,n,med_rsq,CI_95,med_icc,CI_95_icc
0,10.0,12.0,16.0,30.0,0.908960614482,0.115810346524,0.953916254682,0.056077104325
