,motion_thresh,age_l,age_u,n,med_rsq,CI_95,med_icc,CI_95_icc
0,35.0,12.0,16.0,40.0,0.930143676286,0.0933703582165,0.965196908913,0.0439540726291
