,motion_thresh,age_l,age_u,n,med_rsq,CI_95,med_icc,CI_95_icc
0,50.0,14.0,18.0,30.0,0.917475673262,0.120935258567,0.958541562879,0.0535242818695
