,motion_thresh,age_l,age_u,n,med_rsq,CI_95,med_icc,CI_95_icc
0,20.0,14.0,18.0,10.0,0.761764534417,0.476606640931,0.883447535366,0.193091221679
