,motion_thresh,age_l,age_u,n,med_rsq,CI_95,med_icc,CI_95_icc
0,5.0,8.0,12.0,20.0,0.862158655135,0.136500777316,0.932294944882,0.0663263482418
