,motion_thresh,age_l,age_u,n,med_rsq,CI_95,med_icc,CI_95_icc
0,25.0,14.0,18.0,30.0,0.914783521329,0.115739355361,0.958344453842,0.0522323611191
