,motion_thresh,age_l,age_u,n,med_rsq,CI_95,med_icc,CI_95_icc
0,45.0,14.0,18.0,40.0,0.936932509905,0.0795535829563,0.968185504589,0.0383737678596
