,motion_thresh,age_l,age_u,n,med_rsq,CI_95,med_icc,CI_95_icc
0,50.0,10.0,14.0,30.0,0.915690923291,0.143404378514,0.958895376739,0.0703010360459
