,motion_thresh,age_l,age_u,n,med_rsq,CI_95,med_icc,CI_95_icc
0,5.0,10.0,14.0,50.0,0.946897142613,0.0446339488863,0.973686935173,0.021166149629
