,motion_thresh,age_l,age_u,n,med_rsq,CI_95,med_icc,CI_95_icc
0,40.0,8.0,12.0,30.0,0.910231280833,0.105318626315,0.956013071461,0.0516160276953
