,motion_thresh,age_l,age_u,n,med_rsq,CI_95,med_icc,CI_95_icc
0,35.0,14.0,18.0,10.0,0.764514611526,0.347621063848,0.880299857453,0.160313377292
