,motion_thresh,age_l,age_u,n,med_rsq,CI_95,med_icc,CI_95_icc
0,45.0,10.0,14.0,50.0,0.949094963944,0.109878450416,0.974498845343,0.051025900402
