,motion_thresh,age_l,age_u,n,med_rsq,CI_95,med_icc,CI_95_icc
0,20.0,14.0,18.0,20.0,0.866749675751,0.167021994343,0.934090282437,0.0744507008857
