,motion_thresh,age_l,age_u,n,med_rsq,CI_95,med_icc,CI_95_icc
0,50.0,12.0,16.0,30.0,0.910928138551,0.141254787036,0.955943228172,0.0667806599365
