,motion_thresh,age_l,age_u,n,med_rsq,CI_95,med_icc,CI_95_icc
0,20.0,8.0,12.0,20.0,0.875290365968,0.171909956615,0.93838048669,0.0811829558714
