,motion_thresh,age_l,age_u,n,med_rsq,CI_95,med_icc,CI_95_icc
0,40.0,10.0,14.0,50.0,0.94699058209,0.0508738487253,0.97360146371,0.0258100113874
