,motion_thresh,age_l,age_u,n,med_rsq,CI_95,med_icc,CI_95_icc
0,20.0,14.0,18.0,30.0,0.913504984627,0.0830233393087,0.956940328581,0.042665631372
