,motion_thresh,age_l,age_u,n,med_rsq,CI_95,med_icc,CI_95_icc
0,30.0,6.0,10.0,20.0,0.860214657343,0.212352406064,0.92973007629,0.0919006631481
