,motion_thresh,age_l,age_u,n,med_rsq,CI_95,med_icc,CI_95_icc
0,45.0,12.0,16.0,40.0,0.936272911598,0.0962147980232,0.968406530196,0.0450163406094
