,motion_thresh,age_l,age_u,n,med_rsq,CI_95,med_icc,CI_95_icc
0,35.0,8.0,12.0,40.0,0.934200341682,0.127872262783,0.967069164079,0.0572232417624
