,motion_thresh,age_l,age_u,n,med_rsq,CI_95,med_icc,CI_95_icc
0,5.0,10.0,14.0,30.0,0.914173450732,0.100405545659,0.95673969975,0.0462771720212
