,motion_thresh,age_l,age_u,n,med_rsq,CI_95,med_icc,CI_95_icc
0,10.0,14.0,18.0,50.0,0.948609196581,0.0707664373343,0.973608040125,0.0339092706507
