,motion_thresh,age_l,age_u,n,med_rsq,CI_95,med_icc,CI_95_icc
0,5.0,14.0,18.0,30.0,0.912696186531,0.108764140246,0.955545443073,0.0520444927205
