,motion_thresh,age_l,age_u,n,med_rsq,CI_95,med_icc,CI_95_icc
0,30.0,10.0,14.0,40.0,0.931111952097,0.0994178503884,0.965645335584,0.046849561122
