,motion_thresh,age_l,age_u,n,med_rsq,CI_95,med_icc,CI_95_icc
0,20.0,8.0,12.0,40.0,0.933446836984,0.0872842743425,0.966104376915,0.0459381989555
