,motion_thresh,age_l,age_u,n,med_rsq,CI_95,med_icc,CI_95_icc
0,50.0,6.0,10.0,50.0,0.943681819155,0.0789795835938,0.97232548429,0.0394536994519
