,motion_thresh,age_l,age_u,n,med_rsq,CI_95,med_icc,CI_95_icc
0,40.0,10.0,14.0,20.0,0.866285789469,0.23068178294,0.932791561913,0.110243019894
