,motion_thresh,age_l,age_u,n,med_rsq,CI_95,med_icc,CI_95_icc
0,50.0,14.0,18.0,40.0,0.932168731052,0.111523637867,0.965798405042,0.0521272724116
