,motion_thresh,age_l,age_u,n,med_rsq,CI_95,med_icc,CI_95_icc
0,5.0,12.0,16.0,50.0,0.949261261113,0.0473695984649,0.974649979833,0.023802342463
