,motion_thresh,age_l,age_u,n,med_rsq,CI_95,med_icc,CI_95_icc
0,30.0,14.0,18.0,50.0,0.948079691104,0.0623201309672,0.974141178516,0.0316482427178
