,motion_thresh,age_l,age_u,n,med_rsq,CI_95,med_icc,CI_95_icc
0,45.0,12.0,16.0,10.0,0.737184399483,0.393822190824,0.871684030385,0.161065313995
