,motion_thresh,age_l,age_u,n,med_rsq,CI_95,med_icc,CI_95_icc
0,45.0,8.0,12.0,50.0,0.944227622887,0.0945769860586,0.972032226463,0.0488405311482
