,motion_thresh,age_l,age_u,n,med_rsq,CI_95,med_icc,CI_95_icc
0,30.0,6.0,10.0,10.0,0.74594657932,0.451584058679,0.874834910062,0.194959418656
