,motion_thresh,age_l,age_u,n,med_rsq,CI_95,med_icc,CI_95_icc
0,15.0,6.0,10.0,10.0,0.749075464185,0.344406308668,0.8749788764,0.156650019322
