,motion_thresh,age_l,age_u,n,med_rsq,CI_95,med_icc,CI_95_icc
0,10.0,10.0,14.0,20.0,0.871183996053,0.125119136516,0.935728638949,0.0580547985504
