,motion_thresh,age_l,age_u,n,med_rsq,CI_95,med_icc,CI_95_icc
0,20.0,8.0,12.0,50.0,0.945816475233,0.0788601732117,0.973273938016,0.0375265558854
