,motion_thresh,age_l,age_u,n,med_rsq,CI_95,med_icc,CI_95_icc
0,30.0,12.0,16.0,10.0,0.74075385081,0.318394344783,0.871696077625,0.166593663807
