,motion_thresh,age_l,age_u,n,med_rsq,CI_95,med_icc,CI_95_icc
0,15.0,6.0,10.0,40.0,0.930461762708,0.0849739231314,0.96536013722,0.0396225188859
