,motion_thresh,age_l,age_u,n,med_rsq,CI_95,med_icc,CI_95_icc
0,10.0,14.0,18.0,30.0,0.912585236844,0.0984895791614,0.956134405989,0.050695050981
