,motion_thresh,age_l,age_u,n,med_rsq,CI_95,med_icc,CI_95_icc
0,20.0,10.0,14.0,40.0,0.936156708327,0.0656164999638,0.968133716214,0.0326669307626
