,motion_thresh,age_l,age_u,n,med_rsq,CI_95,med_icc,CI_95_icc
0,20.0,12.0,16.0,10.0,0.754773316162,0.32608303833,0.878104287786,0.140148310972
