,motion_thresh,age_l,age_u,n,med_rsq,CI_95,med_icc,CI_95_icc
0,40.0,14.0,18.0,10.0,0.74263118498,0.489945756973,0.870656713257,0.219127627217
