,motion_thresh,age_l,age_u,n,med_rsq,CI_95,med_icc,CI_95_icc
0,40.0,10.0,14.0,30.0,0.911641625678,0.124090780752,0.955485838622,0.0567885394424
