,motion_thresh,age_l,age_u,n,med_rsq,CI_95,med_icc,CI_95_icc
0,50.0,12.0,16.0,50.0,0.947808621151,0.0760391511187,0.974255956207,0.0387121303109
