,motion_thresh,age_l,age_u,n,med_rsq,CI_95,med_icc,CI_95_icc
0,25.0,12.0,16.0,30.0,0.910539174592,0.107780220534,0.955680258657,0.0528474986883
