,motion_thresh,age_l,age_u,n,med_rsq,CI_95,med_icc,CI_95_icc
0,20.0,12.0,16.0,30.0,0.913337675972,0.111426525249,0.955359699821,0.0504267856085
