,motion_thresh,age_l,age_u,n,med_rsq,CI_95,med_icc,CI_95_icc
0,50.0,14.0,18.0,10.0,0.751128962946,0.349470775271,0.87670389751,0.154950205292
