,motion_thresh,age_l,age_u,n,med_rsq,CI_95,med_icc,CI_95_icc
0,35.0,6.0,10.0,30.0,0.906378839311,0.166819635279,0.953047418478,0.0877647033488
