,motion_thresh,age_l,age_u,n,med_rsq,CI_95,med_icc,CI_95_icc
0,35.0,14.0,18.0,30.0,0.908618374539,0.117538164805,0.954121334313,0.0566589728389
