,motion_thresh,age_l,age_u,n,med_rsq,CI_95,med_icc,CI_95_icc
0,5.0,12.0,16.0,30.0,0.913915379006,0.0886469085153,0.957496224651,0.0452092301544
