,motion_thresh,age_l,age_u,n,med_rsq,CI_95,med_icc,CI_95_icc
0,35.0,8.0,12.0,30.0,0.906389208233,0.187967374593,0.953551357804,0.0898735522751
