,motion_thresh,age_l,age_u,n,med_rsq,CI_95,med_icc,CI_95_icc
0,25.0,10.0,14.0,50.0,0.947184567259,0.0795771757198,0.973564375746,0.0354138005784
