,motion_thresh,age_l,age_u,n,med_rsq,CI_95,med_icc,CI_95_icc
0,45.0,6.0,10.0,20.0,0.859541147745,0.189918461211,0.931662328124,0.0869684228046
