,motion_thresh,age_l,age_u,n,med_rsq,CI_95
0,22.0,6.0,9.0,130.0,0.940370518909,0.0472621989269
