,motion_thresh,age_l,age_u,n,med_rsq,CI_95
0,48.0,15.0,18.0,20.0,0.858253330002,0.187551789729
