,motion_thresh,age_l,age_u,n,med_rsq,CI_95
0,6.0,13.0,16.0,30.0,0.907071604219,0.138807062876
