,motion_thresh,age_l,age_u,n,med_rsq,CI_95,med_icc,CI_95_icc
0,5.0,13.0,16.0,60.0,0.955556877119,0.0697330118965,0.978106271809,0.0349925806021
