,motion_thresh,age_l,age_u,n,med_rsq,CI_95
0,50.0,8.0,11.0,170.0,0.973201011738,0.039877523542
