,motion_thresh,age_l,age_u,n,med_rsq,CI_95
0,4.0,15.0,18.0,90.0,0.938234537825,0.0522744611601
