,motion_thresh,age_l,age_u,n,med_rsq,CI_95
0,2.0,12.0,15.0,270.0,0.943422594095,0.0321077034912
