,motion_thresh,age_l,age_u,n,med_rsq,CI_95
0,20.0,13.0,16.0,170.0,0.975895989295,0.023351407934
