,motion_thresh,age_l,age_u,n,med_rsq,CI_95
0,40.0,10.0,13.0,20.0,0.850641729333,0.221148361226
