,motion_thresh,age_l,age_u,n,med_rsq,CI_95
0,50.0,10.0,13.0,90.0,0.967241565567,0.0432932110434
