,motion_thresh,age_l,age_u,n,med_rsq,CI_95
0,32.0,12.0,15.0,110.0,0.972686095895,0.0298513010581
