,motion_thresh,age_l,age_u,n,med_rsq,CI_95
0,22.0,15.0,18.0,150.0,0.963606647025,0.0582236917492
