,motion_thresh,age_l,age_u,n,med_rsq,CI_95
0,38.0,7.0,10.0,30.0,0.897443126841,0.184874310177
