,motion_thresh,age_l,age_u,n,med_rsq,CI_95
0,18.0,15.0,18.0,140.0,0.953027328522,0.0711757570361
