,motion_thresh,age_l,age_u,n,med_rsq,CI_95
0,48.0,11.0,14.0,60.0,0.949789735202,0.0853092473172
