,motion_thresh,age_l,age_u,n,med_rsq,CI_95
0,6.0,10.0,13.0,70.0,0.957252705126,0.0410139803871
