,motion_thresh,age_l,age_u,n,med_rsq,CI_95
0,28.0,9.0,12.0,110.0,0.970025725908,0.0411755781264
