,motion_thresh,age_l,age_u,n,med_rsq,CI_95
0,12.0,12.0,15.0,150.0,0.974922665399,0.0209139276802
