,motion_thresh,age_l,age_u,n,med_rsq,CI_95
0,12.0,12.0,15.0,40.0,0.928366245936,0.0812247192565
