,motion_thresh,age_l,age_u,n,med_rsq,CI_95
0,28.0,13.0,16.0,20.0,0.848428871218,0.198384617464
