,motion_thresh,age_l,age_u,n,med_rsq,CI_95
0,44.0,11.0,14.0,180.0,0.980103440103,0.0319797876762
