,motion_thresh,age_l,age_u,n,med_rsq,CI_95
0,42.0,6.0,9.0,290.0,0.947509212129,0.0623551280879
