,motion_thresh,age_l,age_u,n,med_rsq,CI_95
0,20.0,6.0,9.0,200.0,0.941219280617,0.0593726646975
