,motion_thresh,age_l,age_u,n,med_rsq,CI_95
0,20.0,12.0,15.0,220.0,0.978583585586,0.0208664223095
