,motion_thresh,age_l,age_u,n,med_rsq,CI_95,med_icc,CI_95_icc
0,50.0,14.0,17.0,210.0,0.978460152752,0.0285174537107,0.989323737764,0.0136474735188
