,motion_thresh,age_l,age_u,n,med_rsq,CI_95
0,22.0,8.0,11.0,240.0,0.968329342799,0.0346323405783
