,motion_thresh,age_l,age_u,n,med_rsq,CI_95
0,28.0,15.0,18.0,210.0,0.968941792407,0.0387427479548
