,motion_thresh,age_l,age_u,n,med_rsq,CI_95
0,30.0,8.0,11.0,40.0,0.924604366156,0.104018165021
