,motion_thresh,age_l,age_u,n,med_rsq,CI_95
0,28.0,12.0,15.0,170.0,0.977648005756,0.0320303783821
