,motion_thresh,age_l,age_u,n,med_rsq,CI_95
0,4.0,12.0,15.0,230.0,0.933842014611,0.0540806472158
