,motion_thresh,age_l,age_u,n,med_rsq,CI_95
0,4.0,8.0,11.0,100.0,0.940876809643,0.0391163879614
