,motion_thresh,age_l,age_u,n,med_rsq,CI_95
0,12.0,6.0,9.0,60.0,0.931869043949,0.0712204644543
