,motion_thresh,age_l,age_u,n,med_rsq,CI_95
0,2.0,12.0,15.0,280.0,0.948246586955,0.0209099369816
