,motion_thresh,age_l,age_u,n,med_rsq,CI_95
0,2.0,13.0,16.0,280.0,0.930438113514,0.0321577865398
