,motion_thresh,age_l,age_u,n,med_rsq,CI_95
0,40.0,8.0,11.0,190.0,0.973495354762,0.0424793979281
