,motion_thresh,age_l,age_u,n,med_rsq,CI_95
0,8.0,15.0,18.0,130.0,0.94837393978,0.081790029237
