,motion_thresh,age_l,age_u,n,med_rsq,CI_95
0,12.0,11.0,14.0,230.0,0.975504709681,0.0184762017415
