,motion_thresh,age_l,age_u,n,med_rsq,CI_95
0,8.0,8.0,11.0,240.0,0.955162541628,0.0459769619576
