,motion_thresh,age_l,age_u,n,med_rsq,CI_95
0,4.0,9.0,12.0,180.0,0.944028168323,0.0550670072558
