,motion_thresh,age_l,age_u,n,med_rsq,CI_95
0,38.0,6.0,9.0,160.0,0.949838411959,0.0649909355665
