,motion_thresh,age_l,age_u,n,med_rsq,CI_95
0,30.0,11.0,14.0,260.0,0.979782894841,0.0155970700255
