,motion_thresh,age_l,age_u,n,med_rsq,CI_95
0,42.0,15.0,18.0,280.0,0.969125051692,0.0427030478262
