,motion_thresh,age_l,age_u,n,med_rsq,CI_95
0,42.0,10.0,13.0,50.0,0.93639699549,0.0788038360229
