,motion_thresh,age_l,age_u,n,med_rsq,CI_95,med_icc,CI_95_icc
0,15.0,11.0,14.0,270.0,0.980178058977,0.019208638156,0.990135032749,0.00965979091489
