,motion_thresh,age_l,age_u,n,med_rsq,CI_95
0,30.0,15.0,18.0,160.0,0.967349780663,0.0377144804213
