,motion_thresh,age_l,age_u,n,med_rsq,CI_95
0,34.0,6.0,9.0,210.0,0.951737425295,0.0560444006856
