,motion_thresh,age_l,age_u,n,med_rsq,CI_95
0,4.0,13.0,16.0,20.0,0.857133459413,0.167218299501
