,motion_thresh,age_l,age_u,n,med_rsq,CI_95
0,22.0,10.0,13.0,20.0,0.852181472267,0.195016640154
