,motion_thresh,age_l,age_u,n,med_rsq,CI_95
0,6.0,7.0,10.0,20.0,0.858778064396,0.193914986264
