,motion_thresh,age_l,age_u,n,med_rsq,CI_95
0,20.0,7.0,10.0,80.0,0.964893316984,0.0452220227832
