,motion_thresh,age_l,age_u,n,med_rsq,CI_95,med_icc,CI_95_icc
0,5.0,8.0,11.0,300.0,0.952060360634,0.044097106081,0.976153225357,0.0216571901121
