,motion_thresh,age_l,age_u,n,med_rsq,CI_95
0,6.0,14.0,17.0,290.0,0.964071038091,0.0262369131499
