,motion_thresh,age_l,age_u,n,med_rsq,CI_95
0,24.0,14.0,17.0,210.0,0.969655479881,0.0456022527468
