,motion_thresh,age_l,age_u,n,med_rsq,CI_95
0,20.0,14.0,17.0,40.0,0.924332671696,0.0857786639895
