,motion_thresh,age_l,age_u,n,med_rsq,CI_95
0,24.0,9.0,12.0,200.0,0.974598679599,0.0315717561007
