,motion_thresh,age_l,age_u,n,med_rsq,CI_95
0,36.0,7.0,10.0,260.0,0.961224199951,0.0431048702787
