,motion_thresh,age_l,age_u,n,med_rsq,CI_95
0,22.0,9.0,12.0,10.0,0.715803899242,0.40598805289
