,motion_thresh,age_l,age_u,n,med_rsq,CI_95,med_icc,CI_95_icc
0,40.0,13.0,16.0,270.0,0.980374195362,0.0264631009583,0.990078057082,0.0132979356992
