,motion_thresh,age_l,age_u,n,med_rsq,CI_95
0,14.0,10.0,13.0,130.0,0.973740309768,0.0221955757519
