,motion_thresh,age_l,age_u,n,med_rsq,CI_95,med_icc,CI_95_icc
0,25.0,7.0,10.0,90.0,0.941109699237,0.101159032427,0.971783552278,0.0459369353329
