,motion_thresh,age_l,age_u,n,med_rsq,CI_95
0,36.0,13.0,16.0,240.0,0.977560385913,0.0225661128471
