,motion_thresh,age_l,age_u,n,med_rsq,CI_95
0,6.0,14.0,17.0,20.0,0.848979694416,0.167283325049
