,motion_thresh,age_l,age_u,n,med_rsq,CI_95
0,18.0,12.0,15.0,90.0,0.965771462634,0.0458346842468
