,motion_thresh,age_l,age_u,n,med_rsq,CI_95
0,44.0,14.0,17.0,100.0,0.969766898101,0.0422240473673
