,motion_thresh,age_l,age_u,n,med_rsq,CI_95,med_icc,CI_95_icc
0,10.0,10.0,13.0,270.0,0.973594372434,0.0255750437363,0.986813696787,0.0122454424681
