,motion_thresh,age_l,age_u,n,med_rsq,CI_95
0,30.0,15.0,18.0,260.0,0.96686501611,0.0484701123327
