,motion_thresh,age_l,age_u,n,med_rsq,CI_95
0,2.0,11.0,14.0,210.0,0.945424578103,0.0277919398656
