,motion_thresh,age_l,age_u,n,med_rsq,CI_95
0,6.0,8.0,11.0,240.0,0.938948461389,0.0598443174836
