,motion_thresh,age_l,age_u,n,med_rsq,CI_95
0,14.0,15.0,18.0,250.0,0.958006186326,0.0569104440202
