,motion_thresh,age_l,age_u,n,med_rsq,CI_95
0,42.0,11.0,14.0,200.0,0.980043316456,0.0251900231733
