,motion_thresh,age_l,age_u,n,med_rsq,CI_95,med_icc,CI_95_icc
0,25.0,8.0,11.0,300.0,0.972037856682,0.0489374355708,0.986249810585,0.0224850590901
