,motion_thresh,age_l,age_u,n,med_rsq,CI_95
0,2.0,9.0,12.0,60.0,0.909981841584,0.0509690158828
