,motion_thresh,age_l,age_u,n,med_rsq,CI_95
0,18.0,7.0,10.0,210.0,0.958665658194,0.0577624030317
