,motion_thresh,age_l,age_u,n,med_rsq,CI_95
0,14.0,13.0,16.0,70.0,0.955604239557,0.059500716397
