,motion_thresh,age_l,age_u,n,med_rsq,CI_95
0,6.0,12.0,15.0,80.0,0.962508859797,0.0436267737576
