,motion_thresh,age_l,age_u,n,med_rsq,CI_95
0,10.0,10.0,13.0,230.0,0.96939093993,0.0245048791208
