,motion_thresh,age_l,age_u,n,med_rsq,CI_95,med_icc,CI_95_icc
0,45.0,10.0,13.0,120.0,0.97733304458,0.0285918029668,0.988527304616,0.0135248690502
