,motion_thresh,age_l,age_u,n,med_rsq,CI_95
0,34.0,13.0,16.0,300.0,0.975353719883,0.028457061862
