,motion_thresh,age_l,age_u,n,med_rsq,CI_95
0,2.0,9.0,12.0,210.0,0.919002251266,0.0369138899373
