,motion_thresh,age_l,age_u,n,med_rsq,CI_95
0,36.0,7.0,10.0,180.0,0.962965320585,0.0414399036945
