,motion_thresh,age_l,age_u,n,med_rsq,CI_95,med_icc,CI_95_icc
0,50.0,7.0,10.0,210.0,0.970556849698,0.043252036848,0.98543544501,0.0214470556689
