,motion_thresh,age_l,age_u,n,med_rsq,CI_95
0,2.0,7.0,10.0,80.0,0.873011032206,0.139903195113
