,motion_thresh,age_l,age_u,n,med_rsq,CI_95
0,20.0,14.0,17.0,80.0,0.960604339991,0.0733634959607
