,motion_thresh,age_l,age_u,n,med_rsq,CI_95
0,36.0,11.0,14.0,100.0,0.970577178237,0.037704439092
