,motion_thresh,age_l,age_u,n,med_rsq,CI_95
0,50.0,12.0,15.0,200.0,0.980092642533,0.0253605540205
