,motion_thresh,age_l,age_u,n,med_rsq,CI_95
0,6.0,7.0,10.0,40.0,0.920391058561,0.122733053803
