,motion_thresh,age_l,age_u,n,med_rsq,CI_95
0,4.0,14.0,17.0,280.0,0.952549454732,0.032738650335
