,motion_thresh,age_l,age_u,n,med_rsq,CI_95
0,44.0,11.0,14.0,120.0,0.975361313769,0.0316646176031
