,motion_thresh,age_l,age_u,n,med_rsq,CI_95
0,22.0,6.0,9.0,220.0,0.941635365891,0.0646199612225
