,motion_thresh,age_l,age_u,n,med_rsq,CI_95
0,50.0,12.0,15.0,30.0,0.898792592857,0.166230333755
