,motion_thresh,age_l,age_u,n,med_rsq,CI_95,med_icc,CI_95_icc
0,30.0,6.0,9.0,30.0,0.906529074512,0.189872440591,0.953951653385,0.0935839349197
