,motion_thresh,age_l,age_u,n,med_rsq,CI_95
0,20.0,11.0,14.0,70.0,0.957021575499,0.0432640711096
