,motion_thresh,age_l,age_u,n,med_rsq,CI_95
0,32.0,9.0,12.0,120.0,0.971885192088,0.0325528319973
