,motion_thresh,age_l,age_u,n,med_rsq,CI_95
0,26.0,13.0,16.0,290.0,0.9758028094,0.0238017525778
