,motion_thresh,age_l,age_u,n,med_rsq,CI_95
0,4.0,6.0,9.0,10.0,0.719000154584,0.299498594717
