,motion_thresh,age_l,age_u,n,med_rsq,CI_95,med_icc,CI_95_icc
0,20.0,14.0,17.0,30.0,0.913364459792,0.167423743934,0.956240686027,0.0825370284755
