,motion_thresh,age_l,age_u,n,med_rsq,CI_95
0,30.0,8.0,11.0,300.0,0.972379758396,0.0331882482545
