,motion_thresh,age_l,age_u,n,med_rsq,CI_95
0,12.0,13.0,16.0,100.0,0.969335320148,0.0367243939776
