,motion_thresh,age_l,age_u,n,med_rsq,CI_95
0,34.0,8.0,11.0,290.0,0.974028349301,0.0330983862236
