,motion_thresh,age_l,age_u,n,med_rsq,CI_95
0,40.0,7.0,10.0,110.0,0.963606589436,0.0461510439123
