,motion_thresh,age_l,age_u,n,med_rsq,CI_95
0,28.0,10.0,13.0,230.0,0.968953241576,0.038862741806
