,motion_thresh,age_l,age_u,n,med_rsq,CI_95
0,12.0,15.0,18.0,220.0,0.96105642911,0.0393470598059
