,motion_thresh,age_l,age_u,n,med_rsq,CI_95
0,44.0,15.0,18.0,200.0,0.969516592105,0.0510989992055
