,motion_thresh,age_l,age_u,n,med_rsq,CI_95
0,28.0,8.0,11.0,190.0,0.968580026815,0.042937975529
