,motion_thresh,age_l,age_u,n,med_rsq,CI_95,med_icc,CI_95_icc
0,45.0,8.0,11.0,30.0,0.910048499461,0.176096435899,0.954659424944,0.0756562487768
