,motion_thresh,age_l,age_u,n,med_rsq,CI_95
0,34.0,8.0,11.0,90.0,0.965461761587,0.0493806856214
