,motion_thresh,age_l,age_u,n,med_rsq,CI_95
0,34.0,15.0,18.0,50.0,0.940913574935,0.0860767210068
