,motion_thresh,age_l,age_u,n,med_rsq,CI_95
0,18.0,13.0,16.0,220.0,0.973925303239,0.0296840878977
