,motion_thresh,age_l,age_u,n,med_rsq,CI_95
0,8.0,14.0,17.0,220.0,0.961223537164,0.0416020864349
