,motion_thresh,age_l,age_u,n,med_rsq,CI_95
0,26.0,8.0,11.0,50.0,0.934776227067,0.080401734003
