,motion_thresh,age_l,age_u,n,med_rsq,CI_95,med_icc,CI_95_icc
0,5.0,11.0,14.0,270.0,0.970274511707,0.0261809714069,0.985254383952,0.0123894525041
