,motion_thresh,age_l,age_u,n,med_rsq,CI_95
0,12.0,15.0,18.0,130.0,0.959348820796,0.0361675253041
