,motion_thresh,age_l,age_u,n,med_rsq,CI_95
0,10.0,14.0,17.0,60.0,0.946083431134,0.0854068339412
