,motion_thresh,age_l,age_u,n,med_rsq,CI_95,med_icc,CI_95_icc
0,40.0,12.0,15.0,210.0,0.981851069351,0.0240537498998,0.990881222802,0.0119512617938
