,motion_thresh,age_l,age_u,n,med_rsq,CI_95,med_icc,CI_95_icc
0,20.0,14.0,17.0,120.0,0.973359784187,0.0402884986518,0.986925599488,0.0205403404176
