,motion_thresh,age_l,age_u,n,med_rsq,CI_95
0,50.0,6.0,9.0,80.0,0.950467379921,0.0501444310359
