,motion_thresh,age_l,age_u,n,med_rsq,CI_95
0,26.0,14.0,17.0,130.0,0.973290972281,0.0369528789384
