,motion_thresh,age_l,age_u,n,med_rsq,CI_95
0,30.0,6.0,9.0,180.0,0.948013994523,0.0459029628655
