,motion_thresh,age_l,age_u,n,med_rsq,CI_95
0,38.0,15.0,18.0,260.0,0.969569172997,0.0424431362519
