,motion_thresh,age_l,age_u,n,med_rsq,CI_95
0,40.0,13.0,16.0,10.0,0.715985025028,0.277666927079
