,motion_thresh,age_l,age_u,n,med_rsq,CI_95
0,30.0,6.0,9.0,100.0,0.946181510763,0.0541713113879
