,motion_thresh,age_l,age_u,n,med_rsq,CI_95
0,40.0,10.0,13.0,40.0,0.922717694329,0.12017558066
