,motion_thresh,age_l,age_u,n,med_rsq,CI_95
0,40.0,10.0,13.0,270.0,0.979589387391,0.02545574191
