,motion_thresh,age_l,age_u,n,med_rsq,CI_95
0,26.0,7.0,10.0,290.0,0.931772270004,0.134993990217
