,motion_thresh,age_l,age_u,n,med_rsq,CI_95
0,30.0,14.0,17.0,40.0,0.927211468674,0.108748150625
