,motion_thresh,age_l,age_u,n,med_rsq,CI_95
0,14.0,14.0,17.0,80.0,0.961612035884,0.0493309177917
