,motion_thresh,age_l,age_u,n,med_rsq,CI_95
0,28.0,9.0,12.0,220.0,0.97458055795,0.0294040339049
