,motion_thresh,age_l,age_u,n,med_rsq,CI_95
0,44.0,8.0,11.0,240.0,0.973951415978,0.0321253781082
