,motion_thresh,age_l,age_u,n,med_rsq,CI_95
0,12.0,11.0,14.0,200.0,0.975785759427,0.0173100796805
