,motion_thresh,age_l,age_u,n,med_rsq,CI_95,med_icc,CI_95_icc
0,35.0,12.0,15.0,240.0,0.981489989606,0.0246312106416,0.99065214134,0.0126387657938
