,motion_thresh,age_l,age_u,n,med_rsq,CI_95
0,34.0,9.0,12.0,40.0,0.919765516193,0.0971452551206
