,motion_thresh,age_l,age_u,n,med_rsq,CI_95
0,8.0,14.0,17.0,120.0,0.960819166961,0.0537037906112
