,motion_thresh,age_l,age_u,n,med_rsq,CI_95
0,50.0,12.0,15.0,160.0,0.980421538497,0.0198037266113
