,motion_thresh,age_l,age_u,n,med_rsq,CI_95
0,36.0,7.0,10.0,190.0,0.962681443861,0.0377623647961
