,motion_thresh,age_l,age_u,n,med_rsq,CI_95
0,22.0,14.0,17.0,120.0,0.970289632578,0.0516813277748
