,motion_thresh,age_l,age_u,n,med_rsq,CI_95
0,26.0,13.0,16.0,140.0,0.976307897697,0.0248654320589
