,motion_thresh,age_l,age_u,n,med_rsq,CI_95
0,6.0,8.0,11.0,90.0,0.942040167697,0.0330675564148
