,motion_thresh,age_l,age_u,n,med_rsq,CI_95
0,6.0,11.0,14.0,100.0,0.969661805933,0.0157673225791
