,motion_thresh,age_l,age_u,n,med_rsq,CI_95
0,42.0,13.0,16.0,200.0,0.97848259531,0.0390125689323
