,motion_thresh,age_l,age_u,n,med_rsq,CI_95
0,28.0,8.0,11.0,260.0,0.969642465933,0.0380782033344
