,motion_thresh,age_l,age_u,n,med_rsq,CI_95
0,38.0,15.0,18.0,60.0,0.951619846988,0.0868561470579
