,motion_thresh,age_l,age_u,n,med_rsq,CI_95,med_icc,CI_95_icc
0,20.0,10.0,13.0,30.0,0.910154671603,0.122312782833,0.955248532873,0.0590284394992
