,motion_thresh,age_l,age_u,n,med_rsq,CI_95
0,38.0,12.0,15.0,100.0,0.970673270516,0.0400164458673
