,motion_thresh,age_l,age_u,n,med_rsq,CI_95
0,36.0,10.0,13.0,100.0,0.968233855952,0.0440346158747
