,motion_thresh,age_l,age_u,n,med_rsq,CI_95
0,26.0,15.0,18.0,260.0,0.962420492435,0.0493941697508
