,motion_thresh,age_l,age_u,n,med_rsq,CI_95
0,30.0,9.0,12.0,110.0,0.972457053239,0.0288063208802
