,motion_thresh,age_l,age_u,n,med_rsq,CI_95
0,50.0,14.0,17.0,10.0,0.7213438081,0.277301612437
