,motion_thresh,age_l,age_u,n,med_rsq,CI_95,med_icc,CI_95_icc
0,20.0,11.0,14.0,180.0,0.980834997842,0.022799724161,0.990438963311,0.0117731352669
