,motion_thresh,age_l,age_u,n,med_rsq,CI_95
0,30.0,14.0,17.0,210.0,0.972791101514,0.0283603196267
