,motion_thresh,age_l,age_u,n,med_rsq,CI_95,med_icc,CI_95_icc
0,15.0,10.0,13.0,120.0,0.977203353099,0.0266943392949,0.988350620354,0.0141469864563
