,motion_thresh,age_l,age_u,n,med_rsq,CI_95
0,4.0,13.0,16.0,120.0,0.963160189492,0.023093030475
