,motion_thresh,age_l,age_u,n,med_rsq,CI_95
0,24.0,14.0,17.0,70.0,0.953584431424,0.0600308256245
