,motion_thresh,age_l,age_u,n,med_rsq,CI_95
0,30.0,7.0,10.0,160.0,0.964412544502,0.0461374808506
