,motion_thresh,age_l,age_u,n,med_rsq,CI_95
0,26.0,12.0,15.0,290.0,0.977954331374,0.0171926229355
