,motion_thresh,age_l,age_u,n,med_rsq,CI_95
0,26.0,6.0,9.0,140.0,0.946236596019,0.0667290316174
