,motion_thresh,age_l,age_u,n,med_rsq,CI_95
0,2.0,15.0,18.0,50.0,0.928918144218,0.0488678032126
