,motion_thresh,age_l,age_u,n,med_rsq,CI_95
0,36.0,9.0,12.0,70.0,0.955386830323,0.07216025927
