,motion_thresh,age_l,age_u,n,med_rsq,CI_95
0,38.0,10.0,13.0,190.0,0.979896991868,0.0337991421137
