,motion_thresh,age_l,age_u,n,med_rsq,CI_95
0,34.0,7.0,10.0,40.0,0.922117343738,0.101331400624
