,motion_thresh,age_l,age_u,n,med_rsq,CI_95
0,20.0,9.0,12.0,270.0,0.97099673143,0.0393878918983
