,motion_thresh,age_l,age_u,n,med_rsq,CI_95
0,30.0,9.0,12.0,150.0,0.975647005264,0.0301285027803
