,motion_thresh,age_l,age_u,n,med_rsq,CI_95,med_icc,CI_95_icc
0,50.0,9.0,12.0,90.0,0.969868314436,0.0529397135437,0.985027992121,0.0247346132368
