,motion_thresh,age_l,age_u,n,med_rsq,CI_95
0,50.0,6.0,9.0,120.0,0.953140764595,0.057644831942
