,motion_thresh,age_l,age_u,n,med_rsq,CI_95
0,14.0,6.0,9.0,290.0,0.929800977051,0.0888186039591
