,motion_thresh,age_l,age_u,n,med_rsq,CI_95
0,48.0,10.0,13.0,240.0,0.978918166567,0.0257035197339
