,motion_thresh,age_l,age_u,n,med_rsq,CI_95
0,8.0,9.0,12.0,200.0,0.9548320376,0.0620438891412
