,motion_thresh,age_l,age_u,n,med_rsq,CI_95
0,48.0,13.0,16.0,70.0,0.955053962435,0.0555255160896
