,motion_thresh,age_l,age_u,n,med_rsq,CI_95
0,46.0,9.0,12.0,180.0,0.977992197328,0.0261451268348
