,motion_thresh,age_l,age_u,n,med_rsq,CI_95
0,42.0,11.0,14.0,90.0,0.9666245463,0.0339856811331
