,motion_thresh,age_l,age_u,n,med_rsq,CI_95
0,24.0,6.0,9.0,30.0,0.902783549454,0.110589375989
