,motion_thresh,age_l,age_u,n,med_rsq,CI_95
0,4.0,11.0,14.0,90.0,0.961793121048,0.0140842097354
