,motion_thresh,age_l,age_u,n,med_rsq,CI_95
0,6.0,6.0,9.0,120.0,0.896409491097,0.0904370257102
