,motion_thresh,age_l,age_u,n,med_rsq,CI_95
0,32.0,9.0,12.0,100.0,0.969369135555,0.0461962881791
