,motion_thresh,age_l,age_u,n,med_rsq,CI_95
0,24.0,13.0,16.0,140.0,0.976638598708,0.0314731028004
