,motion_thresh,age_l,age_u,n,med_rsq,CI_95
0,8.0,6.0,9.0,240.0,0.919181229595,0.0462640087385
