,motion_thresh,age_l,age_u,n,med_rsq,CI_95
0,20.0,11.0,14.0,190.0,0.977360919836,0.0324569056913
