,motion_thresh,age_l,age_u,n,med_rsq,CI_95
0,30.0,9.0,12.0,100.0,0.968468760724,0.0617908495141
