,motion_thresh,age_l,age_u,n,med_rsq,CI_95,med_icc,CI_95_icc
0,30.0,8.0,11.0,120.0,0.977009854145,0.0243302791447,0.988634733507,0.0124814242181
