,motion_thresh,age_l,age_u,n,med_rsq,CI_95
0,38.0,7.0,10.0,140.0,0.963408629111,0.0378067752635
