,motion_thresh,age_l,age_u,n,med_rsq,CI_95
0,46.0,6.0,9.0,200.0,0.948950186987,0.0717434122739
