,motion_thresh,age_l,age_u,n,med_rsq,CI_95
0,4.0,7.0,10.0,260.0,0.922482903166,0.0782006482591
