,motion_thresh,age_l,age_u,n,med_rsq,CI_95
0,48.0,7.0,10.0,180.0,0.967179272174,0.0352542028571
