,motion_thresh,age_l,age_u,n,med_rsq,CI_95
0,42.0,11.0,14.0,150.0,0.979719856304,0.0306229661907
