,motion_thresh,age_l,age_u,n,med_rsq,CI_95
0,6.0,14.0,17.0,190.0,0.964649278343,0.0243472295961
