,motion_thresh,age_l,age_u,n,med_rsq,CI_95
0,6.0,8.0,11.0,260.0,0.942495675644,0.0642388696054
