,motion_thresh,age_l,age_u,n,med_rsq,CI_95,med_icc,CI_95_icc
0,15.0,9.0,12.0,120.0,0.970954840722,0.0362468717785,0.985097905309,0.0192688980158
