,motion_thresh,age_l,age_u,n,med_rsq,CI_95,med_icc,CI_95_icc
0,10.0,6.0,9.0,90.0,0.934730321988,0.0653468510476,0.967145305176,0.033974179928
