,motion_thresh,age_l,age_u,n,med_rsq,CI_95
0,24.0,11.0,14.0,50.0,0.939470958437,0.0847227199387
