,motion_thresh,age_l,age_u,n,med_rsq,CI_95
0,12.0,10.0,13.0,150.0,0.971040450625,0.027301885254
