,motion_thresh,age_l,age_u,n,med_rsq,CI_95
0,46.0,7.0,10.0,50.0,0.938890431454,0.0636679671229
