,motion_thresh,age_l,age_u,n,med_rsq,CI_95
0,30.0,15.0,18.0,280.0,0.968628319575,0.0368701853546
