,motion_thresh,age_l,age_u,n,med_rsq,CI_95,med_icc,CI_95_icc
0,50.0,7.0,10.0,300.0,0.972179934854,0.0331753978792,0.986057123783,0.0172144878399
