,motion_thresh,age_l,age_u,n,med_rsq,CI_95
0,22.0,11.0,14.0,120.0,0.97575120201,0.0312512369919
