,motion_thresh,age_l,age_u,n,med_rsq,CI_95
0,2.0,6.0,9.0,220.0,0.867669933527,0.0671405059669
