,motion_thresh,age_l,age_u,n,med_rsq,CI_95
0,14.0,15.0,18.0,140.0,0.958567685726,0.0512789082366
