,motion_thresh,age_l,age_u,n,med_rsq,CI_95
0,48.0,10.0,13.0,250.0,0.981427108314,0.0206093426926
