,motion_thresh,age_l,age_u,n,med_rsq,CI_95
0,34.0,7.0,10.0,130.0,0.965721517094,0.0379073363605
