,motion_thresh,age_l,age_u,n,med_rsq,CI_95
0,4.0,14.0,17.0,300.0,0.95058351216,0.0381585720251
