,motion_thresh,age_l,age_u,n,med_rsq,CI_95
0,24.0,10.0,13.0,40.0,0.923656568119,0.0818092297306
