,motion_thresh,age_l,age_u,n,med_rsq,CI_95
0,34.0,11.0,14.0,60.0,0.949742175934,0.0695932705314
