,motion_thresh,age_l,age_u,n,med_rsq,CI_95
0,26.0,14.0,17.0,300.0,0.974120445985,0.0310014887713
