,motion_thresh,age_l,age_u,n,med_rsq,CI_95
0,38.0,11.0,14.0,40.0,0.928675153055,0.115280775444
