,motion_thresh,age_l,age_u,n,med_rsq,CI_95
0,2.0,7.0,10.0,260.0,0.880186091564,0.157258529496
