,motion_thresh,age_l,age_u,n,med_rsq,CI_95
0,26.0,13.0,16.0,180.0,0.976720008446,0.022943044423
