,motion_thresh,age_l,age_u,n,med_rsq,CI_95
0,26.0,6.0,9.0,90.0,0.945205199668,0.06902431147
