,motion_thresh,age_l,age_u,n,med_rsq,CI_95
0,24.0,6.0,9.0,210.0,0.945293968489,0.0433113975371
