,motion_thresh,age_l,age_u,n,med_rsq,CI_95,med_icc,CI_95_icc
0,25.0,6.0,9.0,240.0,0.95393639803,0.045030497551,0.976832585324,0.0235956812932
