,motion_thresh,age_l,age_u,n,med_rsq,CI_95
0,2.0,15.0,18.0,260.0,0.927292399362,0.0444893870779
