,motion_thresh,age_l,age_u,n,med_rsq,CI_95
0,42.0,15.0,18.0,30.0,0.902281102598,0.204148407326
