,motion_thresh,age_l,age_u,n,med_rsq,CI_95
0,4.0,13.0,16.0,30.0,0.903394540005,0.0900397382652
