,motion_thresh,age_l,age_u,n,med_rsq,CI_95
0,10.0,7.0,10.0,290.0,0.949699860533,0.0393022444285
