,motion_thresh,age_l,age_u,n,med_rsq,CI_95
0,40.0,13.0,16.0,150.0,0.976422456768,0.0219330344256
