,motion_thresh,age_l,age_u,n,med_rsq,CI_95
0,10.0,14.0,17.0,130.0,0.948308791153,0.0788453624888
