,motion_thresh,age_l,age_u,n,med_rsq,CI_95
0,16.0,13.0,16.0,30.0,0.902680464096,0.11629198459
