,motion_thresh,age_l,age_u,n,med_rsq,CI_95,med_icc,CI_95_icc
0,35.0,15.0,18.0,300.0,0.97228939546,0.0366157198973,0.985956214838,0.0188233742161
