,motion_thresh,age_l,age_u,n,med_rsq,CI_95
0,38.0,15.0,18.0,170.0,0.969151827076,0.0380235643205
