,motion_thresh,age_l,age_u,n,med_rsq,CI_95
0,2.0,11.0,14.0,60.0,0.945208416441,0.0279623162567
