,motion_thresh,age_l,age_u,n,med_rsq,CI_95
0,16.0,10.0,13.0,270.0,0.975635523881,0.0200062649536
