,motion_thresh,age_l,age_u,n,med_rsq,CI_95,med_icc,CI_95_icc
0,10.0,13.0,16.0,150.0,0.97332875011,0.0339267758833,0.986668544567,0.0167673922448
