,motion_thresh,age_l,age_u,n,med_rsq,CI_95
0,24.0,10.0,13.0,170.0,0.971421418742,0.0398676570101
