,motion_thresh,age_l,age_u,n,med_rsq,CI_95
0,40.0,8.0,11.0,240.0,0.973234170077,0.030143503084
