,motion_thresh,age_l,age_u,n,med_rsq,CI_95
0,36.0,13.0,16.0,130.0,0.975753547471,0.0329128654497
