,motion_thresh,age_l,age_u,n,med_rsq,CI_95
0,20.0,9.0,12.0,150.0,0.972703061018,0.0253336236875
