,motion_thresh,age_l,age_u,n,med_rsq,CI_95
0,4.0,9.0,12.0,210.0,0.950471207847,0.049946848311
