,motion_thresh,age_l,age_u,n,med_rsq,CI_95,med_icc,CI_95_icc
0,15.0,13.0,16.0,180.0,0.970453554005,0.0566719184665,0.985380972169,0.0284679734877
