,motion_thresh,age_l,age_u,n,med_rsq,CI_95
0,46.0,6.0,9.0,280.0,0.95063381928,0.0773611393228
