,motion_thresh,age_l,age_u,n,med_rsq,CI_95
0,18.0,8.0,11.0,70.0,0.954723116502,0.0866805156283
