,motion_thresh,age_l,age_u,n,med_rsq,CI_95,med_icc,CI_95_icc
0,25.0,15.0,18.0,270.0,0.96826845121,0.0524934426551,0.98428984001,0.0266553727914
