,motion_thresh,age_l,age_u,n,med_rsq,CI_95
0,4.0,8.0,11.0,230.0,0.935423103587,0.0423108718503
