,motion_thresh,age_l,age_u,n,med_rsq,CI_95
0,6.0,9.0,12.0,70.0,0.953455618792,0.0313908539114
