,motion_thresh,age_l,age_u,n,med_rsq,CI_95
0,20.0,14.0,17.0,70.0,0.957381863193,0.0602169400872
