,motion_thresh,age_l,age_u,n,med_rsq,CI_95
0,40.0,13.0,16.0,110.0,0.972896602145,0.0390395802084
