,motion_thresh,age_l,age_u,n,med_rsq,CI_95
0,40.0,11.0,14.0,100.0,0.969907092517,0.0441571744553
