,motion_thresh,age_l,age_u,n,med_rsq,CI_95,med_icc,CI_95_icc
0,25.0,12.0,15.0,150.0,0.980672994036,0.0171013645186,0.990328244596,0.00858727405251
