,motion_thresh,age_l,age_u,n,med_rsq,CI_95
0,30.0,9.0,12.0,130.0,0.974837668289,0.0336453870327
