,motion_thresh,age_l,age_u,n,med_rsq,CI_95
0,2.0,13.0,16.0,20.0,0.839991813441,0.184775320282
