,motion_thresh,age_l,age_u,n,med_rsq,CI_95
0,14.0,7.0,10.0,60.0,0.945261984576,0.0933913807642
