,motion_thresh,age_l,age_u,n,med_rsq,CI_95
0,40.0,11.0,14.0,80.0,0.962545561313,0.0547293981673
