,motion_thresh,age_l,age_u,n,med_rsq,CI_95,med_icc,CI_95_icc
0,15.0,13.0,16.0,210.0,0.968900839926,0.0398687663363,0.984216332524,0.0200480815725
