,motion_thresh,age_l,age_u,n,med_rsq,CI_95
0,36.0,13.0,16.0,260.0,0.976262407836,0.0219897312787
