,motion_thresh,age_l,age_u,n,med_rsq,CI_95,med_icc,CI_95_icc
0,5.0,13.0,16.0,180.0,0.9690124237,0.0273931219479,0.984200006009,0.0142387034614
