,motion_thresh,age_l,age_u,n,med_rsq,CI_95
0,16.0,14.0,17.0,220.0,0.970720218802,0.0278057573761
