,motion_thresh,age_l,age_u,n,med_rsq,CI_95,med_icc,CI_95_icc
0,15.0,7.0,10.0,210.0,0.955188406625,0.0839814853305,0.978043603516,0.0391073935045
