,motion_thresh,age_l,age_u,n,med_rsq,CI_95
0,20.0,9.0,12.0,230.0,0.973414751212,0.0227594045216
