,motion_thresh,age_l,age_u,n,med_rsq,CI_95
0,32.0,12.0,15.0,190.0,0.976732458034,0.0257251133828
