,motion_thresh,age_l,age_u,n,med_rsq,CI_95
0,34.0,10.0,13.0,270.0,0.976726188836,0.043390873751
