,motion_thresh,age_l,age_u,n,med_rsq,CI_95
0,20.0,8.0,11.0,180.0,0.961918624801,0.0620613510737
