,motion_thresh,age_l,age_u,n,med_rsq,CI_95
0,32.0,14.0,17.0,280.0,0.975292429351,0.0286189782753
