,motion_thresh,age_l,age_u,n,med_rsq,CI_95
0,26.0,11.0,14.0,230.0,0.979861283577,0.0189136546906
