,motion_thresh,age_l,age_u,n,med_rsq,CI_95
0,2.0,10.0,13.0,180.0,0.9359204606,0.0560496920284
