,motion_thresh,age_l,age_u,n,med_rsq,CI_95,med_icc,CI_95_icc
0,5.0,12.0,15.0,120.0,0.971068004254,0.0252279465026,0.985608224271,0.0127385040533
