,motion_thresh,age_l,age_u,n,med_rsq,CI_95
0,48.0,10.0,13.0,220.0,0.980543594614,0.0217607202116
