,motion_thresh,age_l,age_u,n,med_rsq,CI_95
0,42.0,9.0,12.0,40.0,0.919606021959,0.104483961104
