,motion_thresh,age_l,age_u,n,med_rsq,CI_95
0,22.0,13.0,16.0,250.0,0.977108945065,0.0187713059693
