,motion_thresh,age_l,age_u,n,med_rsq,CI_95
0,2.0,13.0,16.0,150.0,0.934779511585,0.0408459942004
