,motion_thresh,age_l,age_u,n,med_rsq,CI_95
0,30.0,12.0,15.0,130.0,0.978100033512,0.028686546837
