,motion_thresh,age_l,age_u,n,med_rsq,CI_95
0,4.0,12.0,15.0,240.0,0.933367868475,0.0453945922001
