,motion_thresh,age_l,age_u,n,med_rsq,CI_95
0,4.0,8.0,11.0,40.0,0.922038420872,0.11745181647
