,motion_thresh,age_l,age_u,n,med_rsq,CI_95
0,42.0,7.0,10.0,100.0,0.966884853217,0.0501311829626
