,motion_thresh,age_l,age_u,n,med_rsq,CI_95
0,24.0,7.0,10.0,170.0,0.928363118871,0.11242209479
