,motion_thresh,age_l,age_u,n,med_rsq,CI_95
0,10.0,13.0,16.0,190.0,0.970417232715,0.0408830916074
