,motion_thresh,age_l,age_u,n,med_rsq,CI_95
0,12.0,8.0,11.0,260.0,0.956882686911,0.062160555328
