,motion_thresh,age_l,age_u,n,med_rsq,CI_95
0,20.0,12.0,15.0,30.0,0.903123425618,0.0960126736562
