,motion_thresh,age_l,age_u,n,med_rsq,CI_95
0,40.0,13.0,16.0,40.0,0.922295858779,0.115899486372
