,motion_thresh,age_l,age_u,n,med_rsq,CI_95
0,38.0,7.0,10.0,190.0,0.96238221532,0.0408875928581
