,motion_thresh,age_l,age_u,n,med_rsq,CI_95
0,4.0,13.0,16.0,110.0,0.962856734937,0.0182287300959
