,motion_thresh,age_l,age_u,n,med_rsq,CI_95
0,42.0,13.0,16.0,10.0,0.724215611957,0.263809467191
