,motion_thresh,age_l,age_u,n,med_rsq,CI_95
0,12.0,13.0,16.0,80.0,0.962143740877,0.0625892973524
