,motion_thresh,age_l,age_u,n,med_rsq,CI_95,med_icc,CI_95_icc
0,15.0,11.0,14.0,60.0,0.959690039527,0.0542932405707,0.979401820764,0.0264155076578
