,motion_thresh,age_l,age_u,n,med_rsq,CI_95
0,4.0,6.0,9.0,90.0,0.894805001037,0.0346222782907
