,motion_thresh,age_l,age_u,n,med_rsq,CI_95
0,4.0,9.0,12.0,140.0,0.941230198163,0.0592784230846
