,motion_thresh,age_l,age_u,n,med_rsq,CI_95,med_icc,CI_95_icc
0,25.0,10.0,13.0,150.0,0.978960508885,0.0320840255121,0.989286141973,0.0165037418526
