,motion_thresh,age_l,age_u,n,med_rsq,CI_95
0,42.0,10.0,13.0,240.0,0.974332432884,0.0468670151003
