,motion_thresh,age_l,age_u,n,med_rsq,CI_95
0,12.0,7.0,10.0,220.0,0.950581609929,0.0689973065105
