,motion_thresh,age_l,age_u,n,med_rsq,CI_95
0,14.0,6.0,9.0,150.0,0.932921532752,0.0996552413689
