,motion_thresh,age_l,age_u,n,med_rsq,CI_95,med_icc,CI_95_icc
0,20.0,10.0,13.0,120.0,0.974753359614,0.0312917607784,0.987199393617,0.0165033937282
