,motion_thresh,age_l,age_u,n,med_rsq,CI_95
0,30.0,11.0,14.0,90.0,0.965480934505,0.0467895656198
