,motion_thresh,age_l,age_u,n,med_rsq,CI_95
0,50.0,14.0,17.0,180.0,0.976432345206,0.0211180702761
