,motion_thresh,age_l,age_u,n,med_rsq,CI_95
0,42.0,13.0,16.0,280.0,0.978420066399,0.0192870381046
