,motion_thresh,age_l,age_u,n,med_rsq,CI_95
0,38.0,15.0,18.0,290.0,0.968817291792,0.0284895473056
