,motion_thresh,age_l,age_u,n,med_rsq,CI_95
0,4.0,10.0,13.0,110.0,0.954004284241,0.0372611602496
