,motion_thresh,age_l,age_u,n,med_rsq,CI_95
0,34.0,9.0,12.0,230.0,0.977101272455,0.0259379937407
