,motion_thresh,age_l,age_u,n,med_rsq,CI_95
0,34.0,9.0,12.0,240.0,0.975586107355,0.0231430269769
