,motion_thresh,age_l,age_u,n,med_rsq,CI_95
0,12.0,13.0,16.0,200.0,0.963033380581,0.0489922542338
