,motion_thresh,age_l,age_u,n,med_rsq,CI_95
0,14.0,12.0,15.0,170.0,0.976679746918,0.0197348160619
