,motion_thresh,age_l,age_u,n,med_rsq,CI_95
0,8.0,15.0,18.0,70.0,0.949230376202,0.0573022044592
