,motion_thresh,age_l,age_u,n,med_rsq,CI_95
0,32.0,7.0,10.0,260.0,0.965959907183,0.0551493351393
