,motion_thresh,age_l,age_u,n,med_rsq,CI_95
0,20.0,13.0,16.0,80.0,0.961426202848,0.0448311569944
