,motion_thresh,age_l,age_u,n,med_rsq,CI_95
0,4.0,11.0,14.0,110.0,0.963095623656,0.0168562474268
