,motion_thresh,age_l,age_u,n,med_rsq,CI_95,med_icc,CI_95_icc
0,45.0,9.0,12.0,90.0,0.970834438541,0.0491086120581,0.985402435178,0.0232611471056
