,motion_thresh,age_l,age_u,n,med_rsq,CI_95
0,36.0,10.0,13.0,220.0,0.97998811198,0.0226889238522
