,motion_thresh,age_l,age_u,n,med_rsq,CI_95,med_icc,CI_95_icc
0,40.0,10.0,13.0,150.0,0.981779748459,0.0275220594547,0.9908231685,0.0141666890083
