,motion_thresh,age_l,age_u,n,med_rsq,CI_95
0,46.0,9.0,12.0,280.0,0.978330814598,0.019753975884
