,motion_thresh,age_l,age_u,n,med_rsq,CI_95,med_icc,CI_95_icc
0,10.0,6.0,9.0,270.0,0.936707321164,0.0681639399174,0.968078920546,0.0350241357972
