,motion_thresh,age_l,age_u,n,med_rsq,CI_95
0,26.0,12.0,15.0,230.0,0.978701269459,0.0346291441602
