,motion_thresh,age_l,age_u,n,med_rsq,CI_95
0,40.0,14.0,17.0,270.0,0.972172669064,0.0426692368274
