,motion_thresh,age_l,age_u,n,med_rsq,CI_95
0,40.0,6.0,9.0,240.0,0.951040778971,0.0422398188723
