,motion_thresh,age_l,age_u,n,med_rsq,CI_95
0,28.0,15.0,18.0,140.0,0.967093884685,0.0463434994658
