,motion_thresh,age_l,age_u,n,med_rsq,CI_95
0,50.0,11.0,14.0,260.0,0.98122913513,0.0405310062336
