,motion_thresh,age_l,age_u,n,med_rsq,CI_95
0,36.0,11.0,14.0,150.0,0.980443724533,0.0200683094671
