,motion_thresh,age_l,age_u,n,med_rsq,CI_95
0,46.0,12.0,15.0,140.0,0.979294268084,0.0301623818357
