,motion_thresh,age_l,age_u,n,med_rsq,CI_95
0,20.0,12.0,15.0,230.0,0.978226089915,0.0249820063475
