,motion_thresh,age_l,age_u,n,med_rsq,CI_95
0,32.0,13.0,16.0,240.0,0.977899078827,0.0216711306464
