,motion_thresh,age_l,age_u,n,med_rsq,CI_95,med_icc,CI_95_icc
0,5.0,8.0,11.0,270.0,0.950654311278,0.0613108108902,0.975154441038,0.030385404497
