,motion_thresh,age_l,age_u,n,med_rsq,CI_95
0,48.0,15.0,18.0,10.0,0.727526891076,0.382260266014
