,motion_thresh,age_l,age_u,n,med_rsq,CI_95
0,36.0,6.0,9.0,180.0,0.953259852363,0.0456361290193
