,motion_thresh,age_l,age_u,n,med_rsq,CI_95
0,50.0,13.0,16.0,300.0,0.978160981125,0.0340767842931
