,motion_thresh,age_l,age_u,n,med_rsq,CI_95
0,48.0,11.0,14.0,280.0,0.981755732146,0.0184868382825
