,motion_thresh,age_l,age_u,n,med_rsq,CI_95
0,50.0,8.0,11.0,140.0,0.971407001665,0.0385104939047
