,motion_thresh,age_l,age_u,n,med_rsq,CI_95
0,32.0,11.0,14.0,30.0,0.898584564244,0.150927234532
