,motion_thresh,age_l,age_u,n,med_rsq,CI_95
0,24.0,14.0,17.0,260.0,0.965862432719,0.0516961199384
