,motion_thresh,age_l,age_u,n,med_rsq,CI_95
0,26.0,15.0,18.0,120.0,0.964050262474,0.0515069157889
