,motion_thresh,age_l,age_u,n,med_rsq,CI_95
0,6.0,7.0,10.0,140.0,0.927677298608,0.0713057547684
