,motion_thresh,age_l,age_u,n,med_rsq,CI_95
0,36.0,14.0,17.0,180.0,0.974771454314,0.0304000670975
