,motion_thresh,age_l,age_u,n,med_rsq,CI_95
0,26.0,14.0,17.0,180.0,0.974144826533,0.0348836648542
