,motion_thresh,age_l,age_u,n,med_rsq,CI_95
0,40.0,13.0,16.0,70.0,0.958915240464,0.0397791110762
