,motion_thresh,age_l,age_u,n,med_rsq,CI_95
0,6.0,8.0,11.0,170.0,0.937275848407,0.135018635902
