,motion_thresh,age_l,age_u,n,med_rsq,CI_95
0,44.0,11.0,14.0,50.0,0.936385423981,0.0972948542791
