,motion_thresh,age_l,age_u,n,med_rsq,CI_95
0,46.0,14.0,17.0,150.0,0.975215005161,0.0296170941955
