,motion_thresh,age_l,age_u,n,med_rsq,CI_95
0,2.0,6.0,9.0,50.0,0.862821103666,0.0730518971017
