,motion_thresh,age_l,age_u,n,med_rsq,CI_95
0,40.0,12.0,15.0,90.0,0.96666854148,0.0409930832558
