,motion_thresh,age_l,age_u,n,med_rsq,CI_95
0,40.0,9.0,12.0,160.0,0.976319674008,0.0378883083007
