,motion_thresh,age_l,age_u,n,med_rsq,CI_95,med_icc,CI_95_icc
0,5.0,7.0,10.0,240.0,0.933993992538,0.0693273593947,0.966866756527,0.0358990105824
