,motion_thresh,age_l,age_u,n,med_rsq,CI_95
0,10.0,11.0,14.0,230.0,0.973653459021,0.0197251801858
