,motion_thresh,age_l,age_u,n,med_rsq,CI_95
0,22.0,15.0,18.0,270.0,0.962855748841,0.0532739665398
