,motion_thresh,age_l,age_u,n,med_rsq,CI_95
0,22.0,12.0,15.0,50.0,0.939788443029,0.0798785445518
