,motion_thresh,age_l,age_u,n,med_rsq,CI_95
0,4.0,6.0,9.0,130.0,0.903876151529,0.063584297214
