,motion_thresh,age_l,age_u,n,med_rsq,CI_95
0,10.0,12.0,15.0,260.0,0.974337829466,0.0314349116224
