,motion_thresh,age_l,age_u,n,med_rsq,CI_95
0,34.0,11.0,14.0,10.0,0.714515330477,0.413344238007
