,motion_thresh,age_l,age_u,n,med_rsq,CI_95
0,6.0,6.0,9.0,110.0,0.896086997046,0.0833330900807
