,motion_thresh,age_l,age_u,n,med_rsq,CI_95
0,6.0,12.0,15.0,140.0,0.970868922048,0.0304036235629
