,motion_thresh,age_l,age_u,n,med_rsq,CI_95
0,2.0,15.0,18.0,260.0,0.936680537362,0.0266141320649
