,motion_thresh,age_l,age_u,n,med_rsq,CI_95
0,4.0,10.0,13.0,240.0,0.953883170806,0.042452058629
