,motion_thresh,age_l,age_u,n,med_rsq,CI_95
0,42.0,10.0,13.0,150.0,0.971824649428,0.0439830662899
