,motion_thresh,age_l,age_u,n,med_rsq,CI_95
0,38.0,10.0,13.0,40.0,0.921368560765,0.15943971219
