,motion_thresh,age_l,age_u,n,med_rsq,CI_95,med_icc,CI_95_icc
0,25.0,14.0,17.0,270.0,0.977237094169,0.0298133922653,0.988593172192,0.014149971473
