,motion_thresh,age_l,age_u,n,med_rsq,CI_95
0,38.0,10.0,13.0,220.0,0.978750627635,0.0355710892792
