,motion_thresh,age_l,age_u,n,med_rsq,CI_95
0,4.0,12.0,15.0,50.0,0.943646426561,0.0320462794339
