,motion_thresh,age_l,age_u,n,med_rsq,CI_95
0,28.0,11.0,14.0,180.0,0.980281437745,0.0180453000022
