,motion_thresh,age_l,age_u,n,med_rsq,CI_95,med_icc,CI_95_icc
0,50.0,10.0,13.0,150.0,0.977901174874,0.0419681686489,0.988797047939,0.0210646893377
