,motion_thresh,age_l,age_u,n,med_rsq,CI_95
0,14.0,10.0,13.0,150.0,0.973522670809,0.0219745915015
