,motion_thresh,age_l,age_u,n,med_rsq,CI_95
0,26.0,13.0,16.0,130.0,0.976199953953,0.0329760623375
