,motion_thresh,age_l,age_u,n,med_rsq,CI_95
0,4.0,8.0,11.0,110.0,0.930065276521,0.0878813303267
