,motion_thresh,age_l,age_u,n,med_rsq,CI_95
0,6.0,9.0,12.0,100.0,0.952261089735,0.0409872599914
