,motion_thresh,age_l,age_u,n,med_rsq,CI_95
0,32.0,12.0,15.0,210.0,0.976752384624,0.0314986628054
