,motion_thresh,age_l,age_u,n,med_rsq,CI_95
0,40.0,7.0,10.0,30.0,0.896623268146,0.146226605977
