,motion_thresh,age_l,age_u,n,med_rsq,CI_95
0,14.0,15.0,18.0,90.0,0.956836712191,0.0579825061288
