,motion_thresh,age_l,age_u,n,med_rsq,CI_95
0,20.0,14.0,17.0,20.0,0.853771134687,0.203785630374
