,motion_thresh,age_l,age_u,n,med_rsq,CI_95
0,12.0,7.0,10.0,250.0,0.950367975344,0.0515007639765
