,motion_thresh,age_l,age_u,n,med_rsq,CI_95
0,4.0,7.0,10.0,140.0,0.918838303556,0.0763132706052
