,motion_thresh,age_l,age_u,n,med_rsq,CI_95
0,4.0,13.0,16.0,60.0,0.952550952698,0.0425359115466
