,motion_thresh,age_l,age_u,n,med_rsq,CI_95
0,34.0,6.0,9.0,260.0,0.950315129596,0.0427506083891
