,motion_thresh,age_l,age_u,n,med_rsq,CI_95
0,18.0,15.0,18.0,90.0,0.956184378498,0.0910380472876
