,motion_thresh,age_l,age_u,n,med_rsq,CI_95
0,42.0,8.0,11.0,220.0,0.974222627809,0.0224330274901
