,motion_thresh,age_l,age_u,n,med_rsq,CI_95
0,30.0,10.0,13.0,160.0,0.978222445306,0.0239709662758
