,motion_thresh,age_l,age_u,n,med_rsq,CI_95
0,4.0,6.0,9.0,150.0,0.907805815462,0.026375704334
