,motion_thresh,age_l,age_u,n,med_rsq,CI_95
0,12.0,11.0,14.0,260.0,0.97602977214,0.0174340063132
