,motion_thresh,age_l,age_u,n,med_rsq,CI_95
0,38.0,14.0,17.0,240.0,0.973746682843,0.0310756823795
