,motion_thresh,age_l,age_u,n,med_rsq,CI_95
0,42.0,9.0,12.0,70.0,0.953866170585,0.057088822417
