,motion_thresh,age_l,age_u,n,med_rsq,CI_95
0,6.0,8.0,11.0,230.0,0.943917229574,0.0275830076512
