,motion_thresh,age_l,age_u,n,med_rsq,CI_95
0,16.0,12.0,15.0,70.0,0.958178626918,0.0553151394282
