,motion_thresh,age_l,age_u,n,med_rsq,CI_95
0,8.0,11.0,14.0,70.0,0.958406803922,0.0534683148732
