,motion_thresh,age_l,age_u,n,med_rsq,CI_95,med_icc,CI_95_icc
0,20.0,6.0,9.0,90.0,0.945355644155,0.0587240280229,0.9728925783,0.0303940779175
