,motion_thresh,age_l,age_u,n,med_rsq,CI_95
0,28.0,11.0,14.0,90.0,0.966529576882,0.0686587090634
