,motion_thresh,age_l,age_u,n,med_rsq,CI_95
0,42.0,11.0,14.0,50.0,0.939276147115,0.124373223481
