,motion_thresh,age_l,age_u,n,med_rsq,CI_95
0,30.0,11.0,14.0,130.0,0.976987803622,0.0233684445588
