,motion_thresh,age_l,age_u,n,med_rsq,CI_95
0,26.0,15.0,18.0,80.0,0.959871677027,0.0661924051147
