,motion_thresh,age_l,age_u,n,med_rsq,CI_95
0,32.0,7.0,10.0,70.0,0.954497105788,0.0760924276297
