,motion_thresh,age_l,age_u,n,med_rsq,CI_95,med_icc,CI_95_icc
0,5.0,14.0,17.0,150.0,0.964233082454,0.0338925417499,0.982263125232,0.0161354529043
