,motion_thresh,age_l,age_u,n,med_rsq,CI_95
0,4.0,10.0,13.0,20.0,0.853540091166,0.175842242
