,motion_thresh,age_l,age_u,n,med_rsq,CI_95
0,16.0,15.0,18.0,290.0,0.963872725028,0.0306191576992
