,motion_thresh,age_l,age_u,n,med_rsq,CI_95
0,22.0,10.0,13.0,220.0,0.976773961678,0.025972239351
