,motion_thresh,age_l,age_u,n,med_rsq,CI_95
0,26.0,10.0,13.0,300.0,0.975856673122,0.0329710714122
