,motion_thresh,age_l,age_u,n,med_rsq,CI_95
0,40.0,12.0,15.0,220.0,0.979162406405,0.0384839611234
