,motion_thresh,age_l,age_u,n,med_rsq,CI_95
0,20.0,7.0,10.0,30.0,0.89748622753,0.129100367313
