,motion_thresh,age_l,age_u,n,med_rsq,CI_95
0,46.0,6.0,9.0,290.0,0.951306666953,0.0578703098997
