,motion_thresh,age_l,age_u,n,med_rsq,CI_95,med_icc,CI_95_icc
0,10.0,11.0,14.0,30.0,0.918630265212,0.0953316226451,0.959500441669,0.047038430972
