,motion_thresh,age_l,age_u,n,med_rsq,CI_95
0,40.0,15.0,18.0,180.0,0.967809251825,0.0422251872978
