,motion_thresh,age_l,age_u,n,med_rsq,CI_95
0,16.0,13.0,16.0,20.0,0.856727732056,0.143823773016
