,motion_thresh,age_l,age_u,n,med_rsq,CI_95
0,8.0,6.0,9.0,80.0,0.920309116881,0.0498765178228
