,motion_thresh,age_l,age_u,n,med_rsq,CI_95
0,4.0,6.0,9.0,180.0,0.904922739781,0.0532807655925
