,motion_thresh,age_l,age_u,n,med_rsq,CI_95
0,42.0,13.0,16.0,270.0,0.979130126009,0.0199044806061
