,motion_thresh,age_l,age_u,n,med_rsq,CI_95
0,46.0,10.0,13.0,230.0,0.976211353233,0.0424704211568
