,motion_thresh,age_l,age_u,n,med_rsq,CI_95
0,40.0,15.0,18.0,270.0,0.968825989276,0.0493528944327
