,motion_thresh,age_l,age_u,n,med_rsq,CI_95
0,8.0,6.0,9.0,230.0,0.917923012835,0.0496542682612
