,motion_thresh,age_l,age_u,n,med_rsq,CI_95,med_icc,CI_95_icc
0,20.0,10.0,13.0,180.0,0.976367349822,0.0350758871424,0.987979996405,0.0182133165522
