,motion_thresh,age_l,age_u,n,med_rsq,CI_95,med_icc,CI_95_icc
0,25.0,9.0,12.0,270.0,0.978826430571,0.0218797743774,0.989365972062,0.0113676151164
