,motion_thresh,age_l,age_u,n,med_rsq,CI_95
0,8.0,13.0,16.0,130.0,0.969443742104,0.0240557729018
