,motion_thresh,age_l,age_u,n,med_rsq,CI_95
0,4.0,15.0,18.0,60.0,0.938765545481,0.0512677259696
