,motion_thresh,age_l,age_u,n,med_rsq,CI_95
0,32.0,12.0,15.0,300.0,0.976836378871,0.0299555911841
