,motion_thresh,age_l,age_u,n,med_rsq,CI_95,med_icc,CI_95_icc
0,10.0,7.0,10.0,60.0,0.954508795197,0.0389499308287,0.977207918698,0.0191949277315
