,motion_thresh,age_l,age_u,n,med_rsq,CI_95
0,6.0,13.0,16.0,150.0,0.969192164622,0.020303750298
