,motion_thresh,age_l,age_u,n,med_rsq,CI_95
0,6.0,10.0,13.0,50.0,0.940778699187,0.0737165120835
