,motion_thresh,age_l,age_u,n,med_rsq,CI_95
0,18.0,11.0,14.0,270.0,0.978353943518,0.0194409286348
