,motion_thresh,age_l,age_u,n,med_rsq,CI_95,med_icc,CI_95_icc
0,30.0,13.0,16.0,300.0,0.978822833387,0.0232232227402,0.989410869708,0.011133374117
