,motion_thresh,age_l,age_u,n,med_rsq,CI_95
0,32.0,10.0,13.0,230.0,0.978772125606,0.0250698508683
