,motion_thresh,age_l,age_u,n,med_rsq,CI_95
0,8.0,9.0,12.0,180.0,0.956322037671,0.059485847448
