,motion_thresh,age_l,age_u,n,med_rsq,CI_95
0,18.0,10.0,13.0,260.0,0.973945941355,0.0222374451725
