,motion_thresh,age_l,age_u,n,med_rsq,CI_95
0,24.0,9.0,12.0,80.0,0.96303508999,0.0352684380502
