,motion_thresh,age_l,age_u,n,med_rsq,CI_95
0,46.0,6.0,9.0,60.0,0.946639464088,0.0887546035575
