,motion_thresh,age_l,age_u,n,med_rsq,CI_95
0,46.0,15.0,18.0,190.0,0.967631765503,0.0379319415347
