,motion_thresh,age_l,age_u,n,med_rsq,CI_95
0,32.0,14.0,17.0,300.0,0.973757150713,0.0261150753194
