,motion_thresh,age_l,age_u,n,med_rsq,CI_95,med_icc,CI_95_icc
0,40.0,10.0,13.0,180.0,0.981079853113,0.0281794956846,0.990461959531,0.0143705691591
