,motion_thresh,age_l,age_u,n,med_rsq,CI_95
0,22.0,13.0,16.0,210.0,0.976448598034,0.0186679588674
