,motion_thresh,age_l,age_u,n,med_rsq,CI_95
0,16.0,8.0,11.0,90.0,0.965925193586,0.036581769191
