,motion_thresh,age_l,age_u,n,med_rsq,CI_95,med_icc,CI_95_icc
0,40.0,10.0,13.0,270.0,0.981586647531,0.0339102023302,0.990782090784,0.0175983247723
