,motion_thresh,age_l,age_u,n,med_rsq,CI_95
0,48.0,8.0,11.0,240.0,0.97455198417,0.0263889349968
