,motion_thresh,age_l,age_u,n,med_rsq,CI_95
0,4.0,10.0,13.0,270.0,0.955297059506,0.0363271909047
