,motion_thresh,age_l,age_u,n,med_rsq,CI_95,med_icc,CI_95_icc
0,10.0,10.0,13.0,150.0,0.973189563662,0.0243599411587,0.986654652868,0.0120134659017
