,motion_thresh,age_l,age_u,n,med_rsq,CI_95
0,34.0,14.0,17.0,20.0,0.8512827387,0.196602075376
