,motion_thresh,age_l,age_u,n,med_rsq,CI_95
0,2.0,10.0,13.0,90.0,0.940262806961,0.0342228464767
