,motion_thresh,age_l,age_u,n,med_rsq,CI_95
0,46.0,12.0,15.0,80.0,0.964018223128,0.0547192714993
