,motion_thresh,age_l,age_u,n,med_rsq,CI_95
0,20.0,10.0,13.0,150.0,0.971859681792,0.0382701565737
