,motion_thresh,age_l,age_u,n,med_rsq,CI_95
0,38.0,15.0,18.0,240.0,0.96974533748,0.043582182064
