,motion_thresh,age_l,age_u,n,med_rsq,CI_95
0,36.0,6.0,9.0,80.0,0.948930032086,0.0574250277991
