,motion_thresh,age_l,age_u,n,med_rsq,CI_95
0,34.0,12.0,15.0,150.0,0.979320468766,0.0257875093797
