,motion_thresh,age_l,age_u,n,med_rsq,CI_95
0,40.0,13.0,16.0,90.0,0.965192201629,0.045156161336
