,motion_thresh,age_l,age_u,n,med_rsq,CI_95
0,50.0,15.0,18.0,60.0,0.950949094293,0.0665406039875
