,motion_thresh,age_l,age_u,n,med_rsq,CI_95
0,6.0,15.0,18.0,100.0,0.951128760455,0.0693557475101
