,motion_thresh,age_l,age_u,n,med_rsq,CI_95
0,42.0,14.0,17.0,50.0,0.939144345968,0.0912420472236
