,motion_thresh,age_l,age_u,n,med_rsq,CI_95
0,42.0,9.0,12.0,230.0,0.977916644963,0.0267078570883
