,motion_thresh,age_l,age_u,n,med_rsq,CI_95
0,30.0,8.0,11.0,170.0,0.971935700043,0.0351273023798
