,motion_thresh,age_l,age_u,n,med_rsq,CI_95
0,10.0,11.0,14.0,190.0,0.97447445273,0.0207950009366
