,motion_thresh,age_l,age_u,n,med_rsq,CI_95
0,4.0,10.0,13.0,230.0,0.953691813711,0.0191957303922
