,motion_thresh,age_l,age_u,n,med_rsq,CI_95
0,8.0,15.0,18.0,300.0,0.949487055274,0.0742623494582
