,motion_thresh,age_l,age_u,n,med_rsq,CI_95
0,18.0,10.0,13.0,160.0,0.973968491369,0.0346571359105
