,motion_thresh,age_l,age_u,n,med_rsq,CI_95,med_icc,CI_95_icc
0,5.0,10.0,13.0,270.0,0.958188219368,0.043186328077,0.978779811763,0.0209005901852
