,motion_thresh,age_l,age_u,n,med_rsq,CI_95
0,8.0,8.0,11.0,210.0,0.955600374193,0.0425835979275
