,motion_thresh,age_l,age_u,n,med_rsq,CI_95
0,6.0,7.0,10.0,280.0,0.930303646031,0.0715000012293
