,motion_thresh,age_l,age_u,n,med_rsq,CI_95
0,46.0,11.0,14.0,260.0,0.981654830157,0.0165421825565
