,motion_thresh,age_l,age_u,n,med_rsq,CI_95
0,42.0,12.0,15.0,200.0,0.979789692135,0.0327332137276
