,motion_thresh,age_l,age_u,n,med_rsq,CI_95
0,48.0,15.0,18.0,50.0,0.93764892733,0.0938011420218
