,motion_thresh,age_l,age_u,n,med_rsq,CI_95
0,44.0,11.0,14.0,150.0,0.979589870142,0.0308395614156
