,motion_thresh,age_l,age_u,n,med_rsq,CI_95,med_icc,CI_95_icc
0,35.0,7.0,10.0,90.0,0.968581451117,0.0423145877823,0.984329565777,0.0207562351004
