,motion_thresh,age_l,age_u,n,med_rsq,CI_95
0,48.0,10.0,13.0,160.0,0.978559731315,0.0253310563389
