,motion_thresh,age_l,age_u,n,med_rsq,CI_95
0,50.0,10.0,13.0,120.0,0.974982464989,0.0413291543421
