,motion_thresh,age_l,age_u,n,med_rsq,CI_95
0,4.0,6.0,9.0,120.0,0.904455573035,0.0632036342726
