,motion_thresh,age_l,age_u,n,med_rsq,CI_95
0,6.0,8.0,11.0,270.0,0.940724476967,0.0663255960127
