,motion_thresh,age_l,age_u,n,med_rsq,CI_95
0,2.0,7.0,10.0,270.0,0.877788019721,0.147118436543
