,motion_thresh,age_l,age_u,n,med_rsq,CI_95
0,32.0,11.0,14.0,160.0,0.979571021393,0.0240452039405
