,motion_thresh,age_l,age_u,n,med_rsq,CI_95
0,26.0,9.0,12.0,60.0,0.94847157218,0.0630105802233
