,motion_thresh,age_l,age_u,n,med_rsq,CI_95
0,30.0,7.0,10.0,170.0,0.964504562549,0.0446109211278
