,motion_thresh,age_l,age_u,n,med_rsq,CI_95
0,36.0,14.0,17.0,300.0,0.974725132761,0.0264223595664
