,motion_thresh,age_l,age_u,n,med_rsq,CI_95
0,42.0,8.0,11.0,290.0,0.974965445151,0.0242486100951
