,motion_thresh,age_l,age_u,n,med_rsq,CI_95
0,26.0,9.0,12.0,130.0,0.97578818283,0.0262340883222
