,motion_thresh,age_l,age_u,n,med_rsq,CI_95
0,28.0,11.0,14.0,150.0,0.979421896077,0.0233402465126
