,motion_thresh,age_l,age_u,n,med_rsq,CI_95
0,6.0,14.0,17.0,120.0,0.964596935275,0.027012177365
