,motion_thresh,age_l,age_u,n,med_rsq,CI_95
0,18.0,10.0,13.0,10.0,0.723525110301,0.29188634289
