,motion_thresh,age_l,age_u,n,med_rsq,CI_95
0,12.0,10.0,13.0,90.0,0.966784571525,0.0355901555821
