,motion_thresh,age_l,age_u,n,med_rsq,CI_95
0,28.0,13.0,16.0,230.0,0.976815599417,0.0342329966874
