,motion_thresh,age_l,age_u,n,med_rsq,CI_95,med_icc,CI_95_icc
0,50.0,11.0,14.0,60.0,0.958000430451,0.0776239356728,0.978784938324,0.0400366834347
