,motion_thresh,age_l,age_u,n,med_rsq,CI_95
0,2.0,11.0,14.0,180.0,0.941229927379,0.0212858083971
