,motion_thresh,age_l,age_u,n,med_rsq,CI_95
0,32.0,8.0,11.0,220.0,0.972814547704,0.0344218622591
