,motion_thresh,age_l,age_u,n,med_rsq,CI_95
0,20.0,6.0,9.0,50.0,0.936622869371,0.0964130193104
