,motion_thresh,age_l,age_u,n,med_rsq,CI_95
0,4.0,10.0,13.0,250.0,0.954819117449,0.0329937122816
