,motion_thresh,age_l,age_u,n,med_rsq,CI_95
0,34.0,10.0,13.0,290.0,0.977563907519,0.0304978147958
