,motion_thresh,age_l,age_u,n,med_rsq,CI_95
0,14.0,9.0,12.0,240.0,0.954530852324,0.0682369250303
