,motion_thresh,age_l,age_u,n,med_rsq,CI_95
0,6.0,9.0,12.0,100.0,0.948907514069,0.047173942995
