,motion_thresh,age_l,age_u,n,med_rsq,CI_95
0,2.0,6.0,9.0,50.0,0.854874659701,0.0738681073869
