,motion_thresh,age_l,age_u,n,med_rsq,CI_95
0,26.0,7.0,10.0,170.0,0.929248041643,0.118406576763
