,motion_thresh,age_l,age_u,n,med_rsq,CI_95
0,18.0,8.0,11.0,60.0,0.944911006146,0.0782898616085
