,motion_thresh,age_l,age_u,n,med_rsq,CI_95
0,40.0,8.0,11.0,300.0,0.97371219029,0.0295097839051
