,motion_thresh,age_l,age_u,n,med_rsq,CI_95
0,24.0,15.0,18.0,210.0,0.959122403045,0.0586072761625
