,motion_thresh,age_l,age_u,n,med_rsq,CI_95
0,40.0,6.0,9.0,250.0,0.951242262462,0.0513960149349
