,motion_thresh,age_l,age_u,n,med_rsq,CI_95
0,44.0,11.0,14.0,300.0,0.981059232009,0.0252229939969
