,motion_thresh,age_l,age_u,n,med_rsq,CI_95,med_icc,CI_95_icc
0,5.0,10.0,13.0,120.0,0.959460928564,0.0387232517541,0.979752331318,0.0200280930028
