,motion_thresh,age_l,age_u,n,med_rsq,CI_95
0,40.0,13.0,16.0,190.0,0.97694724937,0.0201887185838
