,motion_thresh,age_l,age_u,n,med_rsq,CI_95
0,48.0,8.0,11.0,220.0,0.974655240566,0.0328570797887
