,motion_thresh,age_l,age_u,n,med_rsq,CI_95
0,12.0,9.0,12.0,300.0,0.966536511211,0.0264359122338
