,motion_thresh,age_l,age_u,n,med_rsq,CI_95
0,6.0,10.0,13.0,270.0,0.958668585075,0.0391401926615
