,motion_thresh,age_l,age_u,n,med_rsq,CI_95
0,20.0,13.0,16.0,210.0,0.974999224885,0.0311166771577
