,motion_thresh,age_l,age_u,n,med_rsq,CI_95
0,8.0,6.0,9.0,90.0,0.922930617866,0.04807027402
