,motion_thresh,age_l,age_u,n,med_rsq,CI_95
0,40.0,9.0,12.0,120.0,0.973430157479,0.0325672941538
