,motion_thresh,age_l,age_u,n,med_rsq,CI_95
0,6.0,10.0,13.0,150.0,0.957532831502,0.0158390795404
