,motion_thresh,age_l,age_u,n,med_rsq,CI_95
0,4.0,11.0,14.0,90.0,0.962287329498,0.0173869182813
