,motion_thresh,age_l,age_u,n,med_rsq,CI_95
0,12.0,6.0,9.0,170.0,0.932844345701,0.0578893711488
