,motion_thresh,age_l,age_u,n,med_rsq,CI_95,med_icc,CI_95_icc
0,30.0,11.0,14.0,240.0,0.982376634193,0.0209287713585,0.991253530061,0.00993877641431
