,motion_thresh,age_l,age_u,n,med_rsq,CI_95
0,2.0,9.0,12.0,200.0,0.911996028684,0.0611865676117
