,motion_thresh,age_l,age_u,n,med_rsq,CI_95
0,38.0,11.0,14.0,290.0,0.979413848759,0.0334398772165
