,motion_thresh,age_l,age_u,n,med_rsq,CI_95
0,40.0,13.0,16.0,160.0,0.977052453258,0.0228815770897
