,motion_thresh,age_l,age_u,n,med_rsq,CI_95
0,50.0,13.0,16.0,160.0,0.978365818348,0.0263687846141
