,motion_thresh,age_l,age_u,n,med_rsq,CI_95
0,50.0,12.0,15.0,150.0,0.979980650985,0.0236198203912
