,motion_thresh,age_l,age_u,n,med_rsq,CI_95
0,50.0,7.0,10.0,290.0,0.967225029637,0.036915402283
