,motion_thresh,age_l,age_u,n,med_rsq,CI_95
0,6.0,11.0,14.0,50.0,0.944409485772,0.0532236072982
