,motion_thresh,age_l,age_u,n,med_rsq,CI_95
0,4.0,15.0,18.0,10.0,0.740150021777,0.203756133449
