,motion_thresh,age_l,age_u,n,med_rsq,CI_95
0,28.0,9.0,12.0,160.0,0.974422450142,0.0325392070435
