,motion_thresh,age_l,age_u,n,med_rsq,CI_95
0,4.0,15.0,18.0,250.0,0.939428499279,0.0467067661003
