,motion_thresh,age_l,age_u,n,med_rsq,CI_95
0,42.0,11.0,14.0,70.0,0.956204149301,0.058170669872
