,motion_thresh,age_l,age_u,n,med_rsq,CI_95
0,38.0,9.0,12.0,230.0,0.977207919539,0.0239809314602
