,motion_thresh,age_l,age_u,n,med_rsq,CI_95
0,4.0,14.0,17.0,230.0,0.950756692459,0.044736190215
