,motion_thresh,age_l,age_u,n,med_rsq,CI_95
0,26.0,7.0,10.0,140.0,0.931991748639,0.121588554129
