,motion_thresh,age_l,age_u,n,med_rsq,CI_95
0,26.0,13.0,16.0,70.0,0.95571763994,0.0658974008626
