,motion_thresh,age_l,age_u,n,med_rsq,CI_95,med_icc,CI_95_icc
0,5.0,9.0,12.0,240.0,0.956203110215,0.0438515585389,0.978014011316,0.0207897277907
