,motion_thresh,age_l,age_u,n,med_rsq,CI_95
0,6.0,7.0,10.0,100.0,0.931681213854,0.0674816669899
