,motion_thresh,age_l,age_u,n,med_rsq,CI_95
0,6.0,6.0,9.0,240.0,0.895968127324,0.0499318676852
