,motion_thresh,age_l,age_u,n,med_rsq,CI_95
0,4.0,10.0,13.0,120.0,0.952904363727,0.0431339860551
