,motion_thresh,age_l,age_u,n,med_rsq,CI_95
0,12.0,11.0,14.0,240.0,0.975368005553,0.016272091699
