,motion_thresh,age_l,age_u,n,med_rsq,CI_95
0,32.0,12.0,15.0,140.0,0.979328418263,0.0275893988092
