,motion_thresh,age_l,age_u,n,med_rsq,CI_95
0,26.0,10.0,13.0,70.0,0.956635662396,0.0459974246859
