,motion_thresh,age_l,age_u,n,med_rsq,CI_95
0,2.0,15.0,18.0,270.0,0.930321170699,0.0360204050451
