,motion_thresh,age_l,age_u,n,med_rsq,CI_95
0,36.0,10.0,13.0,300.0,0.980140509191,0.0256995130408
