,motion_thresh,age_l,age_u,n,med_rsq,CI_95
0,46.0,7.0,10.0,250.0,0.965800038623,0.0328302352726
