,motion_thresh,age_l,age_u,n,med_rsq,CI_95
0,12.0,9.0,12.0,250.0,0.967279867622,0.0253293877853
