,motion_thresh,age_l,age_u,n,med_rsq,CI_95
0,12.0,10.0,13.0,250.0,0.971603644123,0.0247085762632
