,motion_thresh,age_l,age_u,n,med_rsq,CI_95
0,18.0,8.0,11.0,260.0,0.966011506663,0.0419659054611
