,motion_thresh,age_l,age_u,n,med_rsq,CI_95,med_icc,CI_95_icc
0,15.0,9.0,12.0,150.0,0.97202320596,0.0417092674512,0.985792633968,0.021920719512
