,motion_thresh,age_l,age_u,n,med_rsq,CI_95
0,18.0,10.0,13.0,30.0,0.898786936827,0.155079371176
