,motion_thresh,age_l,age_u,n,med_rsq,CI_95
0,2.0,13.0,16.0,130.0,0.940415208301,0.0496372169093
