,motion_thresh,age_l,age_u,n,med_rsq,CI_95
0,38.0,6.0,9.0,230.0,0.951120643289,0.046863246551
