,motion_thresh,age_l,age_u,n,med_rsq,CI_95
0,28.0,11.0,14.0,280.0,0.979789279533,0.0185334358079
