,motion_thresh,age_l,age_u,n,med_rsq,CI_95
0,20.0,8.0,11.0,270.0,0.962244911411,0.0551787429717
