,motion_thresh,age_l,age_u,n,med_rsq,CI_95
0,48.0,15.0,18.0,120.0,0.968183376427,0.0370645693811
