,motion_thresh,age_l,age_u,n,med_rsq,CI_95
0,18.0,6.0,9.0,250.0,0.941451823551,0.0803156216638
