,motion_thresh,age_l,age_u,n,med_rsq,CI_95
0,42.0,10.0,13.0,70.0,0.954663191466,0.0594725734379
