,motion_thresh,age_l,age_u,n,med_rsq,CI_95
0,48.0,12.0,15.0,290.0,0.98026498048,0.0290349205003
