,motion_thresh,age_l,age_u,n,med_rsq,CI_95
0,24.0,6.0,9.0,270.0,0.946308985928,0.0466684454462
