,motion_thresh,age_l,age_u,n,med_rsq,CI_95
0,34.0,12.0,15.0,180.0,0.979089163423,0.0259607870218
