,motion_thresh,age_l,age_u,n,med_rsq,CI_95
0,8.0,14.0,17.0,190.0,0.96170266374,0.0521882093869
