,motion_thresh,age_l,age_u,n,med_rsq,CI_95
0,46.0,13.0,16.0,110.0,0.973224270473,0.041783339687
