,motion_thresh,age_l,age_u,n,med_rsq,CI_95
0,40.0,14.0,17.0,120.0,0.973210781019,0.0399128818217
