,motion_thresh,age_l,age_u,n,med_rsq,CI_95
0,28.0,7.0,10.0,70.0,0.955433098884,0.0652886545835
