,motion_thresh,age_l,age_u,n,med_rsq,CI_95
0,26.0,10.0,13.0,130.0,0.975567523807,0.0350391816446
