,motion_thresh,age_l,age_u,n,med_rsq,CI_95,med_icc,CI_95_icc
0,25.0,12.0,15.0,90.0,0.971467203658,0.0416440118738,0.985679339612,0.019373478061
