,motion_thresh,age_l,age_u,n,med_rsq,CI_95
0,20.0,13.0,16.0,190.0,0.975629621284,0.0234276470662
