,motion_thresh,age_l,age_u,n,med_rsq,CI_95
0,12.0,14.0,17.0,220.0,0.967582245701,0.0355940244489
