,motion_thresh,age_l,age_u,n,med_rsq,CI_95,med_icc,CI_95_icc
0,40.0,9.0,12.0,30.0,0.908340098174,0.185497945243,0.954526738957,0.091121571601
