,motion_thresh,age_l,age_u,n,med_rsq,CI_95
0,4.0,6.0,9.0,240.0,0.908310630554,0.020619578994
