,motion_thresh,age_l,age_u,n,med_rsq,CI_95,med_icc,CI_95_icc
0,5.0,8.0,11.0,180.0,0.951392703794,0.0441822772086,0.976012922856,0.0224505724296
