,motion_thresh,age_l,age_u,n,med_rsq,CI_95
0,50.0,9.0,12.0,140.0,0.97641172402,0.0335880818238
