,motion_thresh,age_l,age_u,n,med_rsq,CI_95
0,48.0,7.0,10.0,280.0,0.968107543655,0.0331776087482
