,motion_thresh,age_l,age_u,n,med_rsq,CI_95
0,24.0,9.0,12.0,120.0,0.974653870597,0.0310998195401
