,motion_thresh,age_l,age_u,n,med_rsq,CI_95
0,8.0,6.0,9.0,20.0,0.849944119635,0.101760146998
