,motion_thresh,age_l,age_u,n,med_rsq,CI_95
0,2.0,11.0,14.0,90.0,0.945724851216,0.0303400819897
