,motion_thresh,age_l,age_u,n,med_rsq,CI_95
0,6.0,10.0,13.0,210.0,0.95914482142,0.0448396809499
