,motion_thresh,age_l,age_u,n,med_rsq,CI_95
0,14.0,6.0,9.0,220.0,0.934266697142,0.0895202940351
