,motion_thresh,age_l,age_u,n,med_rsq,CI_95
0,40.0,11.0,14.0,160.0,0.98049878381,0.0175762966705
