,motion_thresh,age_l,age_u,n,med_rsq,CI_95,med_icc,CI_95_icc
0,50.0,15.0,18.0,210.0,0.972208491309,0.0375264036228,0.985982923375,0.0188959027299
