,motion_thresh,age_l,age_u,n,med_rsq,CI_95
0,38.0,12.0,15.0,230.0,0.978918139277,0.0224511796175
