,motion_thresh,age_l,age_u,n,med_rsq,CI_95
0,44.0,7.0,10.0,300.0,0.965148180339,0.0475638249034
