,motion_thresh,age_l,age_u,n,med_rsq,CI_95
0,22.0,8.0,11.0,180.0,0.968589527675,0.0348672562603
