,motion_thresh,age_l,age_u,n,med_rsq,CI_95
0,10.0,9.0,12.0,150.0,0.964201177916,0.036113739409
