,motion_thresh,age_l,age_u,n,med_rsq,CI_95
0,34.0,11.0,14.0,230.0,0.979357500251,0.0252317313472
