,motion_thresh,age_l,age_u,n,med_rsq,CI_95
0,24.0,11.0,14.0,190.0,0.979040680529,0.0233800280973
