,motion_thresh,age_l,age_u,n,med_rsq,CI_95,med_icc,CI_95_icc
0,5.0,13.0,16.0,240.0,0.969686576725,0.0329478982518,0.984633494056,0.0172751674348
