,motion_thresh,age_l,age_u,n,med_rsq,CI_95
0,8.0,12.0,15.0,220.0,0.972594141796,0.0258924265725
