,motion_thresh,age_l,age_u,n,med_rsq,CI_95
0,14.0,8.0,11.0,40.0,0.925564120699,0.100223004456
