,motion_thresh,age_l,age_u,n,med_rsq,CI_95
0,26.0,14.0,17.0,120.0,0.973915099071,0.0248269382052
