,motion_thresh,age_l,age_u,n,med_rsq,CI_95
0,30.0,10.0,13.0,90.0,0.96674800413,0.0331902755912
