,motion_thresh,age_l,age_u,n,med_rsq,CI_95
0,30.0,8.0,11.0,70.0,0.9558889738,0.0631727251644
