,motion_thresh,age_l,age_u,n,med_rsq,CI_95
0,10.0,8.0,11.0,170.0,0.95910559723,0.0351931183922
