,motion_thresh,age_l,age_u,n,med_rsq,CI_95
0,10.0,6.0,9.0,270.0,0.927048564195,0.0690647275356
