,motion_thresh,age_l,age_u,n,med_rsq,CI_95
0,16.0,12.0,15.0,270.0,0.978301102902,0.0232167935126
