,motion_thresh,age_l,age_u,n,med_rsq,CI_95,med_icc,CI_95_icc
0,25.0,13.0,16.0,60.0,0.954886043755,0.0667608382724,0.977477980881,0.0323803021858
