,motion_thresh,age_l,age_u,n,med_rsq,CI_95
0,4.0,13.0,16.0,210.0,0.963004054426,0.0286044750529
