,motion_thresh,age_l,age_u,n,med_rsq,CI_95
0,40.0,7.0,10.0,150.0,0.963032767217,0.0439516253933
