,motion_thresh,age_l,age_u,n,med_rsq,CI_95
0,10.0,13.0,16.0,200.0,0.970166674449,0.029532109022
