,motion_thresh,age_l,age_u,n,med_rsq,CI_95
0,4.0,7.0,10.0,120.0,0.919577482814,0.0752494766669
