,motion_thresh,age_l,age_u,n,med_rsq,CI_95,med_icc,CI_95_icc
0,20.0,9.0,12.0,240.0,0.976282744924,0.0272996432669,0.98816392315,0.0140045810936
