,motion_thresh,age_l,age_u,n,med_rsq,CI_95
0,32.0,14.0,17.0,210.0,0.975161420721,0.0380758668011
