,motion_thresh,age_l,age_u,n,med_rsq,CI_95
0,8.0,12.0,15.0,110.0,0.971759499314,0.0211527531131
