,motion_thresh,age_l,age_u,n,med_rsq,CI_95
0,20.0,8.0,11.0,60.0,0.949660049018,0.0934640255838
