,motion_thresh,age_l,age_u,n,med_rsq,CI_95,med_icc,CI_95_icc
0,25.0,13.0,16.0,150.0,0.978192181182,0.0207042214269,0.98917778886,0.0101439121755
