,motion_thresh,age_l,age_u,n,med_rsq,CI_95
0,48.0,13.0,16.0,140.0,0.97724276809,0.0250026971164
