,motion_thresh,age_l,age_u,n,med_rsq,CI_95
0,24.0,10.0,13.0,150.0,0.974825979977,0.0376716281104
