,motion_thresh,age_l,age_u,n,med_rsq,CI_95
0,14.0,13.0,16.0,50.0,0.939724075579,0.0889010686943
