,motion_thresh,age_l,age_u,n,med_rsq,CI_95
0,24.0,15.0,18.0,240.0,0.963824213798,0.0738815680856
