,motion_thresh,age_l,age_u,n,med_rsq,CI_95
0,38.0,11.0,14.0,220.0,0.980316690667,0.0274449096226
