,motion_thresh,age_l,age_u,n,med_rsq,CI_95
0,2.0,15.0,18.0,40.0,0.925920446865,0.064458574764
