,motion_thresh,age_l,age_u,n,med_rsq,CI_95
0,30.0,9.0,12.0,220.0,0.976453628038,0.0289376268593
