,motion_thresh,age_l,age_u,n,med_rsq,CI_95
0,10.0,13.0,16.0,60.0,0.950454542162,0.0487014774328
