,motion_thresh,age_l,age_u,n,med_rsq,CI_95
0,4.0,6.0,9.0,200.0,0.90395054544,0.0612311902725
