,motion_thresh,age_l,age_u,n,med_rsq,CI_95
0,34.0,6.0,9.0,290.0,0.95241530389,0.0668496103318
