,motion_thresh,age_l,age_u,n,med_rsq,CI_95,med_icc,CI_95_icc
0,45.0,9.0,12.0,240.0,0.98091889808,0.0275935660852,0.990461526509,0.0130916293958
