,motion_thresh,age_l,age_u,n,med_rsq,CI_95
0,16.0,15.0,18.0,20.0,0.854365632397,0.123540065434
