,motion_thresh,age_l,age_u,n,med_rsq,CI_95
0,28.0,13.0,16.0,40.0,0.919522937027,0.0930462073166
