,motion_thresh,age_l,age_u,n,med_rsq,CI_95,med_icc,CI_95_icc
0,45.0,14.0,17.0,90.0,0.968420636561,0.048693673146,0.984309409287,0.023568123709
