,motion_thresh,age_l,age_u,n,med_rsq,CI_95,med_icc,CI_95_icc
0,10.0,8.0,11.0,210.0,0.963269432675,0.0311973594378,0.981735199598,0.0153511926688
