,motion_thresh,age_l,age_u,n,med_rsq,CI_95
0,46.0,10.0,13.0,150.0,0.972055186707,0.0493054486467
