,motion_thresh,age_l,age_u,n,med_rsq,CI_95
0,10.0,14.0,17.0,80.0,0.961752190095,0.061966802324
