,motion_thresh,age_l,age_u,n,med_rsq,CI_95
0,34.0,11.0,14.0,70.0,0.957503206063,0.0633192505694
