,motion_thresh,age_l,age_u,n,med_rsq,CI_95
0,2.0,15.0,18.0,180.0,0.92872440411,0.0475968078656
