,motion_thresh,age_l,age_u,n,med_rsq,CI_95,med_icc,CI_95_icc
0,45.0,12.0,15.0,150.0,0.982423367352,0.0264881894621,0.991097308343,0.0128361519892
