,motion_thresh,age_l,age_u,n,med_rsq,CI_95
0,34.0,9.0,12.0,20.0,0.847108707538,0.251204479773
