,motion_thresh,age_l,age_u,n,med_rsq,CI_95
0,32.0,10.0,13.0,90.0,0.966314135211,0.0514528225416
