,motion_thresh,age_l,age_u,n,med_rsq,CI_95
0,22.0,11.0,14.0,290.0,0.978445772151,0.018277262333
