,motion_thresh,age_l,age_u,n,med_rsq,CI_95
0,48.0,12.0,15.0,90.0,0.966739178271,0.0534648632514
