,motion_thresh,age_l,age_u,n,med_rsq,CI_95
0,24.0,8.0,11.0,70.0,0.954653690143,0.0562776700604
