,motion_thresh,age_l,age_u,n,med_rsq,CI_95
0,2.0,8.0,11.0,150.0,0.914641520996,0.035612100538
