,motion_thresh,age_l,age_u,n,med_rsq,CI_95
0,48.0,10.0,13.0,280.0,0.980016389225,0.0229383587532
