,motion_thresh,age_l,age_u,n,med_rsq,CI_95
0,34.0,11.0,14.0,150.0,0.980122343747,0.0220418508659
