,motion_thresh,age_l,age_u,n,med_rsq,CI_95
0,20.0,12.0,15.0,210.0,0.979081138966,0.0200627045794
