,motion_thresh,age_l,age_u,n,med_rsq,CI_95
0,22.0,6.0,9.0,120.0,0.94169106112,0.066047044062
