,motion_thresh,age_l,age_u,n,med_rsq,CI_95
0,16.0,11.0,14.0,130.0,0.97647223741,0.0213590467142
