,motion_thresh,age_l,age_u,n,med_rsq,CI_95
0,4.0,13.0,16.0,180.0,0.964742686037,0.010453324364
