,motion_thresh,age_l,age_u,n,med_rsq,CI_95
0,16.0,8.0,11.0,190.0,0.965553447723,0.0298771854208
