,motion_thresh,age_l,age_u,n,med_rsq,CI_95
0,28.0,12.0,15.0,30.0,0.900758412654,0.134172149462
