,motion_thresh,age_l,age_u,n,med_rsq,CI_95
0,44.0,7.0,10.0,220.0,0.966360001869,0.0405471353473
