,motion_thresh,age_l,age_u,n,med_rsq,CI_95
0,40.0,11.0,14.0,110.0,0.972230272071,0.0346481442141
