,motion_thresh,age_l,age_u,n,med_rsq,CI_95
0,10.0,11.0,14.0,200.0,0.973861727543,0.0198765878176
