,motion_thresh,age_l,age_u,n,med_rsq,CI_95
0,16.0,8.0,11.0,120.0,0.964316595298,0.0444105006488
