,motion_thresh,age_l,age_u,n,med_rsq,CI_95,med_icc,CI_95_icc
0,45.0,8.0,11.0,180.0,0.978345528946,0.0361198052808,0.989277885576,0.0188978583687
