,motion_thresh,age_l,age_u,n,med_rsq,CI_95
0,22.0,11.0,14.0,50.0,0.940234292887,0.0602617326053
