,motion_thresh,age_l,age_u,n,med_rsq,CI_95
0,48.0,14.0,17.0,50.0,0.940564742254,0.0720741687018
