,motion_thresh,age_l,age_u,n,med_rsq,CI_95
0,44.0,15.0,18.0,20.0,0.859819290759,0.203214987302
