,motion_thresh,age_l,age_u,n,med_rsq,CI_95
0,36.0,14.0,17.0,260.0,0.974352164284,0.0344300318434
