,motion_thresh,age_l,age_u,n,med_rsq,CI_95
0,28.0,6.0,9.0,20.0,0.8393414629,0.29518643398
