,motion_thresh,age_l,age_u,n,med_rsq,CI_95
0,2.0,12.0,15.0,170.0,0.949792705978,0.0208500544127
