,motion_thresh,age_l,age_u,n,med_rsq,CI_95
0,50.0,15.0,18.0,190.0,0.968629000759,0.0401761561021
