,motion_thresh,age_l,age_u,n,med_rsq,CI_95,med_icc,CI_95_icc
0,35.0,6.0,9.0,60.0,0.957124452024,0.0518914392676,0.978681339983,0.02513581455
