,motion_thresh,age_l,age_u,n,med_rsq,CI_95
0,8.0,12.0,15.0,120.0,0.972921545918,0.0317869952592
