,motion_thresh,age_l,age_u,n,med_rsq,CI_95
0,32.0,11.0,14.0,180.0,0.978871751987,0.0241701644622
