,motion_thresh,age_l,age_u,n,med_rsq,CI_95,med_icc,CI_95_icc
0,15.0,11.0,14.0,90.0,0.972927625377,0.0292101678316,0.986344709682,0.0147258652758
