,motion_thresh,age_l,age_u,n,med_rsq,CI_95,med_icc,CI_95_icc
0,40.0,15.0,18.0,60.0,0.95440659341,0.0937280338935,0.976772157285,0.0462341587974
