,motion_thresh,age_l,age_u,n,med_rsq,CI_95
0,34.0,12.0,15.0,30.0,0.902436420801,0.133114810234
