,motion_thresh,age_l,age_u,n,med_rsq,CI_95,med_icc,CI_95_icc
0,50.0,12.0,15.0,30.0,0.913881516994,0.141904182879,0.957007664531,0.064417450562
