,motion_thresh,age_l,age_u,n,med_rsq,CI_95
0,14.0,15.0,18.0,30.0,0.896819976994,0.134639721938
