,motion_thresh,age_l,age_u,n,med_rsq,CI_95
0,26.0,7.0,10.0,60.0,0.94715289295,0.0892490449639
