,motion_thresh,age_l,age_u,n,med_rsq,CI_95
0,32.0,12.0,15.0,50.0,0.941020392025,0.0884189601016
