,motion_thresh,age_l,age_u,n,med_rsq,CI_95
0,2.0,10.0,13.0,210.0,0.939057212012,0.0217196183555
