,motion_thresh,age_l,age_u,n,med_rsq,CI_95
0,6.0,13.0,16.0,70.0,0.959893756131,0.0410780762989
