,motion_thresh,age_l,age_u,n,med_rsq,CI_95
0,46.0,15.0,18.0,140.0,0.969009614696,0.0478311495153
