,motion_thresh,age_l,age_u,n,med_rsq,CI_95
0,24.0,12.0,15.0,220.0,0.977942039842,0.018735821745
