,motion_thresh,age_l,age_u,n,med_rsq,CI_95
0,44.0,15.0,18.0,100.0,0.967775615795,0.0422076165644
