,motion_thresh,age_l,age_u,n,med_rsq,CI_95
0,2.0,6.0,9.0,220.0,0.86325889799,0.0566852399573
