,motion_thresh,age_l,age_u,n,med_rsq,CI_95,med_icc,CI_95_icc
0,40.0,14.0,17.0,210.0,0.976563567099,0.0522730119416,0.98831336416,0.0244173690719
