,motion_thresh,age_l,age_u,n,med_rsq,CI_95
0,30.0,13.0,16.0,150.0,0.976288220362,0.0289621544748
