,motion_thresh,age_l,age_u,n,med_rsq,CI_95
0,42.0,12.0,15.0,190.0,0.979863385246,0.0298640910523
