,motion_thresh,age_l,age_u,n,med_rsq,CI_95
0,40.0,12.0,15.0,270.0,0.980177813062,0.0239178348966
