,motion_thresh,age_l,age_u,n,med_rsq,CI_95
0,16.0,14.0,17.0,70.0,0.9561052431,0.0823245028622
