,motion_thresh,age_l,age_u,n,med_rsq,CI_95
0,50.0,13.0,16.0,90.0,0.966823979473,0.0390023168893
