,motion_thresh,age_l,age_u,n,med_rsq,CI_95
0,48.0,13.0,16.0,290.0,0.977018590057,0.0233936369061
