,motion_thresh,age_l,age_u,n,med_rsq,CI_95
0,22.0,9.0,12.0,80.0,0.962027043032,0.0462825234949
