,motion_thresh,age_l,age_u,n,med_rsq,CI_95,med_icc,CI_95_icc
0,20.0,13.0,16.0,270.0,0.978280634302,0.0201168224209,0.989253678881,0.00999778444039
