,motion_thresh,age_l,age_u,n,med_rsq,CI_95
0,8.0,15.0,18.0,150.0,0.950743483483,0.077214286706
