,motion_thresh,age_l,age_u,n,med_rsq,CI_95
0,34.0,14.0,17.0,100.0,0.967076928153,0.0516416116803
