,motion_thresh,age_l,age_u,n,med_rsq,CI_95
0,24.0,7.0,10.0,120.0,0.93317959732,0.141464529777
