,motion_thresh,age_l,age_u,n,med_rsq,CI_95
0,46.0,15.0,18.0,200.0,0.965420081503,0.0526768423414
