,motion_thresh,age_l,age_u,n,med_rsq,CI_95
0,38.0,6.0,9.0,50.0,0.939526357757,0.0859513424065
