,motion_thresh,age_l,age_u,n,med_rsq,CI_95,med_icc,CI_95_icc
0,30.0,15.0,18.0,90.0,0.968768816946,0.034084804088,0.9843350155,0.0176899661253
