,motion_thresh,age_l,age_u,n,med_rsq,CI_95
0,18.0,10.0,13.0,280.0,0.973357928879,0.0335183735973
