,motion_thresh,age_l,age_u,n,med_rsq,CI_95
0,28.0,15.0,18.0,120.0,0.968249937071,0.0340313056196
