,motion_thresh,age_l,age_u,n,med_rsq,CI_95,med_icc,CI_95_icc
0,15.0,10.0,13.0,60.0,0.957631745552,0.0591424374026,0.978622882105,0.0284962219087
