,motion_thresh,age_l,age_u,n,med_rsq,CI_95
0,20.0,6.0,9.0,30.0,0.896643183322,0.129683964063
