,motion_thresh,age_l,age_u,n,med_rsq,CI_95
0,2.0,15.0,18.0,220.0,0.928587683175,0.0453420726371
