,motion_thresh,age_l,age_u,n,med_rsq,CI_95,med_icc,CI_95_icc
0,40.0,8.0,11.0,300.0,0.97559022389,0.0368786387125,0.987818827842,0.0192983839376
