,motion_thresh,age_l,age_u,n,med_rsq,CI_95
0,28.0,9.0,12.0,100.0,0.968899477884,0.0435213093045
