,motion_thresh,age_l,age_u,n,med_rsq,CI_95,med_icc,CI_95_icc
0,10.0,13.0,16.0,300.0,0.973509541377,0.0223466628539,0.986737872532,0.0112479095608
