,motion_thresh,age_l,age_u,n,med_rsq,CI_95
0,6.0,7.0,10.0,90.0,0.926213172772,0.0529087663645
