,motion_thresh,age_l,age_u,n,med_rsq,CI_95
0,4.0,6.0,9.0,240.0,0.899461826345,0.0683272815912
