,motion_thresh,age_l,age_u,n,med_rsq,CI_95
0,14.0,7.0,10.0,180.0,0.953025566493,0.0572730411561
