,motion_thresh,age_l,age_u,n,med_rsq,CI_95,med_icc,CI_95_icc
0,35.0,8.0,11.0,270.0,0.977505740707,0.023679248293,0.988724756776,0.0116237456811
