,motion_thresh,age_l,age_u,n,med_rsq,CI_95
0,22.0,11.0,14.0,80.0,0.963701634288,0.0447840176668
