,motion_thresh,age_l,age_u,n,med_rsq,CI_95
0,50.0,8.0,11.0,80.0,0.962113733934,0.0541879336928
