,motion_thresh,age_l,age_u,n,med_rsq,CI_95
0,40.0,12.0,15.0,160.0,0.980444053896,0.0277371486736
