,motion_thresh,age_l,age_u,n,med_rsq,CI_95
0,44.0,13.0,16.0,260.0,0.978011587755,0.0209790474127
