,motion_thresh,age_l,age_u,n,med_rsq,CI_95
0,32.0,15.0,18.0,160.0,0.968346022565,0.0242872324057
