,motion_thresh,age_l,age_u,n,med_rsq,CI_95
0,4.0,7.0,10.0,190.0,0.923358614368,0.0356116401947
