,motion_thresh,age_l,age_u,n,med_rsq,CI_95
0,2.0,9.0,12.0,110.0,0.916809798408,0.0456045918623
