,motion_thresh,age_l,age_u,n,med_rsq,CI_95
0,18.0,14.0,17.0,40.0,0.925366126631,0.0802402260923
