,motion_thresh,age_l,age_u,n,med_rsq,CI_95
0,36.0,11.0,14.0,120.0,0.975376964301,0.0368207629256
