,motion_thresh,age_l,age_u,n,med_rsq,CI_95
0,38.0,14.0,17.0,250.0,0.971718229031,0.0519038186017
