,motion_thresh,age_l,age_u,n,med_rsq,CI_95
0,6.0,6.0,9.0,30.0,0.895754908335,0.080487617089
