,motion_thresh,age_l,age_u,n,med_rsq,CI_95
0,18.0,12.0,15.0,290.0,0.975895431474,0.0328365008431
