,motion_thresh,age_l,age_u,n,med_rsq,CI_95
0,32.0,10.0,13.0,190.0,0.978352423116,0.0169023668553
