,motion_thresh,age_l,age_u,n,med_rsq,CI_95
0,16.0,14.0,17.0,80.0,0.957987926408,0.0505986177512
