,motion_thresh,age_l,age_u,n,med_rsq,CI_95
0,6.0,8.0,11.0,220.0,0.938357834665,0.0688654723285
