,motion_thresh,age_l,age_u,n,med_rsq,CI_95
0,16.0,6.0,9.0,50.0,0.940286399884,0.0593413272824
