,motion_thresh,age_l,age_u,n,med_rsq,CI_95
0,38.0,6.0,9.0,140.0,0.948849165154,0.068203505979
