,motion_thresh,age_l,age_u,n,med_rsq,CI_95
0,8.0,8.0,11.0,250.0,0.955212394858,0.0582403232773
