,motion_thresh,age_l,age_u,n,med_rsq,CI_95
0,18.0,14.0,17.0,60.0,0.949164449424,0.0771469172831
