,motion_thresh,age_l,age_u,n,med_rsq,CI_95
0,4.0,12.0,15.0,170.0,0.933893644999,0.0862257485239
