,motion_thresh,age_l,age_u,n,med_rsq,CI_95
0,40.0,9.0,12.0,250.0,0.976707657195,0.0334463635598
