,motion_thresh,age_l,age_u,n,med_rsq,CI_95
0,16.0,15.0,18.0,90.0,0.961698561856,0.0296573588046
