,motion_thresh,age_l,age_u,n,med_rsq,CI_95
0,46.0,14.0,17.0,110.0,0.971279311447,0.058209660629
