,motion_thresh,age_l,age_u,n,med_rsq,CI_95
0,38.0,10.0,13.0,50.0,0.940746310234,0.0994790261518
