,motion_thresh,age_l,age_u,n,med_rsq,CI_95
0,42.0,14.0,17.0,200.0,0.975774290635,0.0286183486358
