,motion_thresh,age_l,age_u,n,med_rsq,CI_95,med_icc,CI_95_icc
0,30.0,7.0,10.0,90.0,0.971046049836,0.0521798547471,0.9856068822,0.0238994433672
