,motion_thresh,age_l,age_u,n,med_rsq,CI_95
0,8.0,10.0,13.0,170.0,0.966195246564,0.0250457957493
