,motion_thresh,age_l,age_u,n,med_rsq,CI_95,med_icc,CI_95_icc
0,5.0,13.0,16.0,300.0,0.968625463788,0.0331268984726,0.983854098302,0.0168572073931
