,motion_thresh,age_l,age_u,n,med_rsq,CI_95
0,14.0,13.0,16.0,210.0,0.975144825985,0.0225120921871
