,motion_thresh,age_l,age_u,n,med_rsq,CI_95
0,4.0,15.0,18.0,190.0,0.938943052574,0.0628147066386
