,motion_thresh,age_l,age_u,n,med_rsq,CI_95
0,36.0,15.0,18.0,150.0,0.968755019042,0.032225065204
