,motion_thresh,age_l,age_u,n,med_rsq,CI_95,med_icc,CI_95_icc
0,40.0,10.0,13.0,240.0,0.982036329972,0.0234612757349,0.99091940059,0.0119971403397
