,motion_thresh,age_l,age_u,n,med_rsq,CI_95,med_icc,CI_95_icc
0,35.0,11.0,14.0,120.0,0.978770434604,0.0325772982696,0.98936979187,0.0163669924317
