,motion_thresh,age_l,age_u,n,med_rsq,CI_95
0,36.0,6.0,9.0,280.0,0.948445322803,0.0337432343356
