,motion_thresh,age_l,age_u,n,med_rsq,CI_95
0,6.0,11.0,14.0,90.0,0.969885753456,0.0158846265536
