,motion_thresh,age_l,age_u,n,med_rsq,CI_95
0,30.0,11.0,14.0,220.0,0.980114094695,0.0179303463785
