,motion_thresh,age_l,age_u,n,med_rsq,CI_95
0,40.0,11.0,14.0,10.0,0.713609290798,0.352541804476
