,motion_thresh,age_l,age_u,n,med_rsq,CI_95
0,12.0,7.0,10.0,100.0,0.948888561271,0.0925619958043
