,motion_thresh,age_l,age_u,n,med_rsq,CI_95
0,4.0,15.0,18.0,50.0,0.934441242747,0.0752738365249
