,motion_thresh,age_l,age_u,n,med_rsq,CI_95,med_icc,CI_95_icc
0,40.0,7.0,10.0,30.0,0.910517956336,0.174236828913,0.955140065027,0.0833798007363
