,motion_thresh,age_l,age_u,n,med_rsq,CI_95
0,36.0,15.0,18.0,300.0,0.969447293288,0.0478727716327
