,motion_thresh,age_l,age_u,n,med_rsq,CI_95
0,28.0,13.0,16.0,30.0,0.89788774485,0.172983421395
