,motion_thresh,age_l,age_u,n,med_rsq,CI_95
0,50.0,15.0,18.0,250.0,0.968742757037,0.052401331827
