,motion_thresh,age_l,age_u,n,med_rsq,CI_95
0,22.0,12.0,15.0,220.0,0.978065460557,0.029451789209
