,motion_thresh,age_l,age_u,n,med_rsq,CI_95,med_icc,CI_95_icc
0,40.0,7.0,10.0,300.0,0.969053987298,0.0329916600362,0.984822258686,0.0169180292492
