,motion_thresh,age_l,age_u,n,med_rsq,CI_95
0,28.0,13.0,16.0,130.0,0.976115229981,0.0311524364379
