,motion_thresh,age_l,age_u,n,med_rsq,CI_95,med_icc,CI_95_icc
0,20.0,9.0,12.0,300.0,0.976828868801,0.0252033647282,0.988462542996,0.0134791841931
