,motion_thresh,age_l,age_u,n,med_rsq,CI_95,med_icc,CI_95_icc
0,30.0,15.0,18.0,30.0,0.915841231829,0.111080949225,0.95790932128,0.0586902050176
