,motion_thresh,age_l,age_u,n,med_rsq,CI_95
0,2.0,14.0,17.0,260.0,0.947465511405,0.0461096354958
