,motion_thresh,age_l,age_u,n,med_rsq,CI_95,med_icc,CI_95_icc
0,45.0,13.0,16.0,30.0,0.91135021846,0.148946858855,0.956012454764,0.0670918179144
