,motion_thresh,age_l,age_u,n,med_rsq,CI_95
0,22.0,15.0,18.0,30.0,0.901745981313,0.112850720734
