,motion_thresh,age_l,age_u,n,med_rsq,CI_95
0,28.0,12.0,15.0,50.0,0.93995957066,0.072011942638
