,motion_thresh,age_l,age_u,n,med_rsq,CI_95
0,26.0,11.0,14.0,10.0,0.726087163357,0.509972872
