,motion_thresh,age_l,age_u,n,med_rsq,CI_95,med_icc,CI_95_icc
0,35.0,13.0,16.0,180.0,0.979739400888,0.0250042022757,0.989821234023,0.0125385227452
