,motion_thresh,age_l,age_u,n,med_rsq,CI_95
0,44.0,7.0,10.0,40.0,0.916914841302,0.0782336830295
