,motion_thresh,age_l,age_u,n,med_rsq,CI_95
0,50.0,8.0,11.0,40.0,0.92076008787,0.113360478508
