,motion_thresh,age_l,age_u,n,med_rsq,CI_95,med_icc,CI_95_icc
0,30.0,7.0,10.0,210.0,0.969988983823,0.0272618759525,0.985187119344,0.0137239190934
