,motion_thresh,age_l,age_u,n,med_rsq,CI_95
0,2.0,10.0,13.0,280.0,0.938453981209,0.0449734517455
