,motion_thresh,age_l,age_u,n,med_rsq,CI_95
0,28.0,7.0,10.0,280.0,0.944450127189,0.100923989939
