,motion_thresh,age_l,age_u,n,med_rsq,CI_95
0,30.0,12.0,15.0,50.0,0.939255155275,0.0616841611723
