,motion_thresh,age_l,age_u,n,med_rsq,CI_95,med_icc,CI_95_icc
0,10.0,15.0,18.0,90.0,0.959851059075,0.0563862837618,0.979939478703,0.0289630460979
