,motion_thresh,age_l,age_u,n,med_rsq,CI_95
0,8.0,13.0,16.0,170.0,0.970225048389,0.0251773423796
