,motion_thresh,age_l,age_u,n,med_rsq,CI_95
0,48.0,14.0,17.0,70.0,0.955742687345,0.0755724485041
