,motion_thresh,age_l,age_u,n,med_rsq,CI_95
0,2.0,6.0,9.0,120.0,0.866925055042,0.0723672333179
