,motion_thresh,age_l,age_u,n,med_rsq,CI_95
0,10.0,15.0,18.0,250.0,0.953668349329,0.0493144634381
