,motion_thresh,age_l,age_u,n,med_rsq,CI_95
0,22.0,9.0,12.0,220.0,0.966544058414,0.0753210541029
