,motion_thresh,age_l,age_u,n,med_rsq,CI_95
0,22.0,8.0,11.0,130.0,0.967978114749,0.0292938190501
