,motion_thresh,age_l,age_u,n,med_rsq,CI_95,med_icc,CI_95_icc
0,20.0,13.0,16.0,300.0,0.978397753305,0.0228661046374,0.989214155786,0.0117088905495
