,motion_thresh,age_l,age_u,n,med_rsq,CI_95
0,28.0,14.0,17.0,110.0,0.971069851709,0.0553207109308
