,motion_thresh,age_l,age_u,n,med_rsq,CI_95
0,26.0,12.0,15.0,220.0,0.977667465747,0.0247291331714
