,motion_thresh,age_l,age_u,n,med_rsq,CI_95
0,2.0,10.0,13.0,270.0,0.933532510693,0.0467903894294
