,motion_thresh,age_l,age_u,n,med_rsq,CI_95
0,8.0,6.0,9.0,150.0,0.920874804176,0.0390307744556
