,motion_thresh,age_l,age_u,n,med_rsq,CI_95
0,46.0,15.0,18.0,60.0,0.949126991476,0.0770228958055
