,motion_thresh,age_l,age_u,n,med_rsq,CI_95
0,20.0,11.0,14.0,230.0,0.977728007485,0.0209883014984
