,motion_thresh,age_l,age_u,n,med_rsq,CI_95,med_icc,CI_95_icc
0,5.0,14.0,17.0,30.0,0.913436981427,0.109374770841,0.956511769104,0.0509202838639
