,motion_thresh,age_l,age_u,n,med_rsq,CI_95
0,48.0,11.0,14.0,270.0,0.98135814756,0.0183885641706
