,motion_thresh,age_l,age_u,n,med_rsq,CI_95
0,36.0,7.0,10.0,210.0,0.963906491494,0.0426979100411
