,motion_thresh,age_l,age_u,n,med_rsq,CI_95
0,20.0,8.0,11.0,70.0,0.95286940084,0.0641379529386
