,motion_thresh,age_l,age_u,n,med_rsq,CI_95
0,28.0,7.0,10.0,40.0,0.922893222825,0.0916830558032
