,motion_thresh,age_l,age_u,n,med_rsq,CI_95
0,18.0,6.0,9.0,210.0,0.938399668444,0.0685025275217
