,motion_thresh,age_l,age_u,n,med_rsq,CI_95
0,28.0,6.0,9.0,150.0,0.947068092793,0.0546918701556
