,motion_thresh,age_l,age_u,n,med_rsq,CI_95
0,12.0,15.0,18.0,200.0,0.960654493122,0.0410436814089
