,motion_thresh,age_l,age_u,n,med_rsq,CI_95
0,30.0,12.0,15.0,240.0,0.978150270111,0.0294068995619
