,motion_thresh,age_l,age_u,n,med_rsq,CI_95
0,46.0,7.0,10.0,270.0,0.966196402173,0.0431330563662
