,motion_thresh,age_l,age_u,n,med_rsq,CI_95
0,24.0,10.0,13.0,210.0,0.975052714633,0.0445427149212
