,motion_thresh,age_l,age_u,n,med_rsq,CI_95
0,6.0,14.0,17.0,30.0,0.904790808409,0.0953393754279
