,motion_thresh,age_l,age_u,n,med_rsq,CI_95
0,50.0,14.0,17.0,30.0,0.899693456601,0.156765242466
