,motion_thresh,age_l,age_u,n,med_rsq,CI_95
0,4.0,7.0,10.0,100.0,0.91557578204,0.0715412019891
