,motion_thresh,age_l,age_u,n,med_rsq,CI_95
0,26.0,15.0,18.0,90.0,0.96344291621,0.070888909123
