,motion_thresh,age_l,age_u,n,med_rsq,CI_95
0,48.0,9.0,12.0,130.0,0.976003862098,0.0390193648747
