,motion_thresh,age_l,age_u,n,med_rsq,CI_95
0,40.0,7.0,10.0,280.0,0.964381807906,0.0516465024055
