,motion_thresh,age_l,age_u,n,med_rsq,CI_95
0,40.0,10.0,13.0,30.0,0.902034987725,0.124336653318
