,motion_thresh,age_l,age_u,n,med_rsq,CI_95,med_icc,CI_95_icc
0,45.0,13.0,16.0,150.0,0.980827456404,0.0359113291382,0.990345836605,0.0177406005457
