,motion_thresh,age_l,age_u,n,med_rsq,CI_95
0,32.0,7.0,10.0,30.0,0.895870619475,0.15615144177
