,motion_thresh,age_l,age_u,n,med_rsq,CI_95,med_icc,CI_95_icc
0,5.0,14.0,17.0,240.0,0.962056226892,0.0433644978773,0.981285932929,0.0206499691553
