,motion_thresh,age_l,age_u,n,med_rsq,CI_95
0,28.0,12.0,15.0,230.0,0.97774654218,0.0241109794907
