,motion_thresh,age_l,age_u,n,med_rsq,CI_95,med_icc,CI_95_icc
0,25.0,10.0,13.0,90.0,0.970633766719,0.040717119039,0.985146868289,0.0196010203682
