,motion_thresh,age_l,age_u,n,med_rsq,CI_95
0,40.0,6.0,9.0,260.0,0.950322699564,0.0425503167532
