,motion_thresh,age_l,age_u,n,med_rsq,CI_95
0,6.0,8.0,11.0,250.0,0.923403542562,0.0729637833559
