,motion_thresh,age_l,age_u,n,med_rsq,CI_95
0,10.0,7.0,10.0,180.0,0.949560960426,0.0497420415104
