,motion_thresh,age_l,age_u,n,med_rsq,CI_95
0,38.0,7.0,10.0,110.0,0.961499936291,0.0464789492859
