,motion_thresh,age_l,age_u,n,med_rsq,CI_95
0,40.0,6.0,9.0,180.0,0.952239952292,0.0640860292006
