,motion_thresh,age_l,age_u,n,med_rsq,CI_95
0,14.0,6.0,9.0,110.0,0.932757950151,0.0696882772419
