,motion_thresh,age_l,age_u,n,med_rsq,CI_95
0,26.0,7.0,10.0,50.0,0.938753215543,0.0806953648069
