,motion_thresh,age_l,age_u,n,med_rsq,CI_95
0,28.0,11.0,14.0,270.0,0.979341410387,0.0217936855026
