,motion_thresh,age_l,age_u,n,med_rsq,CI_95,med_icc,CI_95_icc
0,25.0,6.0,9.0,210.0,0.955382335709,0.0494956358441,0.977879848864,0.0266606934359
