,motion_thresh,age_l,age_u,n,med_rsq,CI_95
0,48.0,9.0,12.0,20.0,0.847550475783,0.202822886729
