,motion_thresh,age_l,age_u,n,med_rsq,CI_95
0,34.0,14.0,17.0,50.0,0.941421484203,0.0881966246605
