,motion_thresh,age_l,age_u,n,med_rsq,CI_95
0,24.0,10.0,13.0,50.0,0.9413921109,0.0782234769742
