,motion_thresh,age_l,age_u,n,med_rsq,CI_95
0,48.0,6.0,9.0,240.0,0.940152794858,0.100456906263
