,motion_thresh,age_l,age_u,n,med_rsq,CI_95
0,8.0,6.0,9.0,170.0,0.918570455465,0.059513590182
