,motion_thresh,age_l,age_u,n,med_rsq,CI_95
0,16.0,10.0,13.0,30.0,0.897251290823,0.157929193507
