,motion_thresh,age_l,age_u,n,med_rsq,CI_95
0,2.0,13.0,16.0,220.0,0.941383015593,0.0640118039666
