,motion_thresh,age_l,age_u,n,med_rsq,CI_95
0,4.0,15.0,18.0,40.0,0.917073534679,0.0611561292874
