,motion_thresh,age_l,age_u,n,med_rsq,CI_95
0,2.0,10.0,13.0,70.0,0.934102138096,0.0187169415293
