,motion_thresh,age_l,age_u,n,med_rsq,CI_95
0,18.0,8.0,11.0,30.0,0.896941779173,0.103537805055
