,motion_thresh,age_l,age_u,n,med_rsq,CI_95,med_icc,CI_95_icc
0,40.0,14.0,17.0,60.0,0.955770950378,0.0512695226238,0.9780548462,0.025078933581
