,motion_thresh,age_l,age_u,n,med_rsq,CI_95
0,24.0,6.0,9.0,50.0,0.936463923921,0.0724827740306
