,motion_thresh,age_l,age_u,n,med_rsq,CI_95
0,44.0,8.0,11.0,130.0,0.974436819953,0.0497825042441
