,motion_thresh,age_l,age_u,n,med_rsq,CI_95
0,34.0,11.0,14.0,110.0,0.973927513209,0.0277908090323
