,motion_thresh,age_l,age_u,n,med_rsq,CI_95,med_icc,CI_95_icc
0,15.0,14.0,17.0,30.0,0.911502879218,0.163757276771,0.955049816561,0.0787306265983
