,motion_thresh,age_l,age_u,n,med_rsq,CI_95
0,6.0,15.0,18.0,90.0,0.94274478015,0.0246535158736
