,motion_thresh,age_l,age_u,n,med_rsq,CI_95
0,40.0,9.0,12.0,300.0,0.977585835774,0.0318066452913
