,motion_thresh,age_l,age_u,n,med_rsq,CI_95
0,26.0,7.0,10.0,110.0,0.93258679118,0.125124422659
