,motion_thresh,age_l,age_u,n,med_rsq,CI_95
0,30.0,11.0,14.0,160.0,0.979875665204,0.0181684549027
