,motion_thresh,age_l,age_u,n,med_rsq,CI_95
0,44.0,13.0,16.0,10.0,0.728230825734,0.442092547356
