,motion_thresh,age_l,age_u,n,med_rsq,CI_95,med_icc,CI_95_icc
0,30.0,14.0,17.0,30.0,0.913638246262,0.164758886629,0.956130942685,0.0780301791827
