,motion_thresh,age_l,age_u,n,med_rsq,CI_95
0,48.0,10.0,13.0,170.0,0.980601252596,0.0239865523381
