,motion_thresh,age_l,age_u,n,med_rsq,CI_95
0,24.0,12.0,15.0,120.0,0.976001395204,0.0312203337059
