,motion_thresh,age_l,age_u,n,med_rsq,CI_95
0,36.0,8.0,11.0,220.0,0.974488356714,0.0265094031517
