,motion_thresh,age_l,age_u,n,med_rsq,CI_95
0,4.0,10.0,13.0,30.0,0.898978637239,0.0590508517121
