,motion_thresh,age_l,age_u,n,med_rsq,CI_95
0,10.0,13.0,16.0,240.0,0.969808546497,0.0257256406708
