,motion_thresh,age_l,age_u,n,med_rsq,CI_95
0,2.0,14.0,17.0,250.0,0.944291207593,0.0261852746569
