,motion_thresh,age_l,age_u,n,med_rsq,CI_95
0,46.0,7.0,10.0,290.0,0.963996427766,0.037953766789
