,motion_thresh,age_l,age_u,n,med_rsq,CI_95
0,24.0,7.0,10.0,270.0,0.929047686215,0.113207975251
