,motion_thresh,age_l,age_u,n,med_rsq,CI_95
0,18.0,13.0,16.0,290.0,0.972991941298,0.0441813240637
