,motion_thresh,age_l,age_u,n,med_rsq,CI_95
0,24.0,11.0,14.0,130.0,0.977236574206,0.0252639597057
