,motion_thresh,age_l,age_u,n,med_rsq,CI_95
0,24.0,13.0,16.0,270.0,0.976173147853,0.0263572902052
