,motion_thresh,age_l,age_u,n,med_rsq,CI_95
0,20.0,12.0,15.0,110.0,0.973159527707,0.0412505741286
