,motion_thresh,age_l,age_u,n,med_rsq,CI_95
0,18.0,7.0,10.0,60.0,0.947364165406,0.0937989481756
