,motion_thresh,age_l,age_u,n,med_rsq,CI_95
0,14.0,11.0,14.0,20.0,0.85779744594,0.188741180736
