,motion_thresh,age_l,age_u,n,med_rsq,CI_95,med_icc,CI_95_icc
0,45.0,13.0,16.0,120.0,0.977925648532,0.0271052914286,0.988939520792,0.0138284523085
