,motion_thresh,age_l,age_u,n,med_rsq,CI_95
0,42.0,6.0,9.0,90.0,0.946124198776,0.0634195782091
