,motion_thresh,age_l,age_u,n,med_rsq,CI_95
0,12.0,12.0,15.0,240.0,0.974023456008,0.0275753994383
