,motion_thresh,age_l,age_u,n,med_rsq,CI_95
0,4.0,7.0,10.0,250.0,0.920415572716,0.0579630884676
