,motion_thresh,age_l,age_u,n,med_rsq,CI_95
0,20.0,15.0,18.0,290.0,0.962335343673,0.0416877254968
