,motion_thresh,age_l,age_u,n,med_rsq,CI_95
0,28.0,14.0,17.0,240.0,0.971636549745,0.0382311534796
