,motion_thresh,age_l,age_u,n,med_rsq,CI_95
0,22.0,13.0,16.0,70.0,0.955414635567,0.0791068091268
