,motion_thresh,age_l,age_u,n,med_rsq,CI_95
0,4.0,6.0,9.0,140.0,0.901653138788,0.0781115614318
