,motion_thresh,age_l,age_u,n,med_rsq,CI_95
0,12.0,7.0,10.0,120.0,0.950425001602,0.0566468026243
