,motion_thresh,age_l,age_u,n,med_rsq,CI_95
0,48.0,14.0,17.0,80.0,0.961139544468,0.0730340493358
