,motion_thresh,age_l,age_u,n,med_rsq,CI_95
0,14.0,9.0,12.0,50.0,0.939225962373,0.0681518327578
