,motion_thresh,age_l,age_u,n,med_rsq,CI_95
0,44.0,7.0,10.0,150.0,0.96562120971,0.0381530963714
