,motion_thresh,age_l,age_u,n,med_rsq,CI_95
0,2.0,11.0,14.0,200.0,0.945930052172,0.0336246634611
