,motion_thresh,age_l,age_u,n,med_rsq,CI_95
0,36.0,15.0,18.0,110.0,0.96813047553,0.0504300815493
