,motion_thresh,age_l,age_u,n,med_rsq,CI_95
0,20.0,10.0,13.0,270.0,0.972896369703,0.0504911184847
