,motion_thresh,age_l,age_u,n,med_rsq,CI_95
0,26.0,15.0,18.0,10.0,0.723088992151,0.437444356146
