,motion_thresh,age_l,age_u,n,med_rsq,CI_95
0,6.0,14.0,17.0,70.0,0.956282986223,0.0431275991916
