,motion_thresh,age_l,age_u,n,med_rsq,CI_95
0,34.0,6.0,9.0,300.0,0.949580724932,0.0656812676064
