,motion_thresh,age_l,age_u,n,med_rsq,CI_95
0,18.0,14.0,17.0,140.0,0.967220603979,0.0479222970352
