,motion_thresh,age_l,age_u,n,med_rsq,CI_95
0,18.0,8.0,11.0,140.0,0.966323164984,0.0302379067664
