,motion_thresh,age_l,age_u,n,med_rsq,CI_95
0,34.0,13.0,16.0,30.0,0.896435929235,0.150904596709
