,motion_thresh,age_l,age_u,n,med_rsq,CI_95
0,22.0,11.0,14.0,10.0,0.709043850739,0.318020279421
