,motion_thresh,age_l,age_u,n,med_rsq,CI_95
0,2.0,12.0,15.0,170.0,0.947496456863,0.0366317427646
