,motion_thresh,age_l,age_u,n,med_rsq,CI_95
0,12.0,10.0,13.0,50.0,0.938803468361,0.0833413769553
