,motion_thresh,age_l,age_u,n,med_rsq,CI_95
0,18.0,7.0,10.0,270.0,0.9578908047,0.0617580817456
