,motion_thresh,age_l,age_u,n,med_rsq,CI_95
0,22.0,6.0,9.0,140.0,0.939312041597,0.0594932508545
