,motion_thresh,age_l,age_u,n,med_rsq,CI_95,med_icc,CI_95_icc
0,20.0,12.0,15.0,30.0,0.912656290821,0.114943444884,0.956492630171,0.0512583253838
