,motion_thresh,age_l,age_u,n,med_rsq,CI_95
0,46.0,9.0,12.0,30.0,0.905967022883,0.149949700788
