,motion_thresh,age_l,age_u,n,med_rsq,CI_95
0,40.0,15.0,18.0,50.0,0.941578351476,0.076776295858
