,motion_thresh,age_l,age_u,n,med_rsq,CI_95
0,44.0,9.0,12.0,140.0,0.978011508287,0.0230280914987
