,motion_thresh,age_l,age_u,n,med_rsq,CI_95
0,42.0,6.0,9.0,80.0,0.950955872126,0.0483532063804
