,motion_thresh,age_l,age_u,n,med_rsq,CI_95
0,8.0,9.0,12.0,300.0,0.955758656343,0.0489526111835
