,motion_thresh,age_l,age_u,n,med_rsq,CI_95
0,44.0,8.0,11.0,60.0,0.946293872664,0.086716594497
