,motion_thresh,age_l,age_u,n,med_rsq,CI_95
0,38.0,8.0,11.0,80.0,0.959019157667,0.0769399176326
