,motion_thresh,age_l,age_u,n,med_rsq,CI_95
0,32.0,14.0,17.0,220.0,0.974210330525,0.0341495397057
