,motion_thresh,age_l,age_u,n,med_rsq,CI_95
0,2.0,15.0,18.0,70.0,0.930470440898,0.0254568968705
