,motion_thresh,age_l,age_u,n,med_rsq,CI_95
0,46.0,15.0,18.0,90.0,0.967827150517,0.0551450111082
