,motion_thresh,age_l,age_u,n,med_rsq,CI_95
0,50.0,10.0,13.0,190.0,0.975845369712,0.0324013300179
