,motion_thresh,age_l,age_u,n,med_rsq,CI_95
0,42.0,12.0,15.0,300.0,0.979477835113,0.025775806286
