,motion_thresh,age_l,age_u,n,med_rsq,CI_95
0,28.0,11.0,14.0,240.0,0.980107348679,0.0212375062632
