,motion_thresh,age_l,age_u,n,med_rsq,CI_95
0,36.0,12.0,15.0,30.0,0.898023584164,0.198090035584
