,motion_thresh,age_l,age_u,n,med_rsq,CI_95
0,34.0,8.0,11.0,100.0,0.967667943949,0.0420826658301
