,motion_thresh,age_l,age_u,n,med_rsq,CI_95
0,10.0,9.0,12.0,10.0,0.721546646888,0.300266937076
