,motion_thresh,age_l,age_u,n,med_rsq,CI_95
0,36.0,11.0,14.0,230.0,0.980699464797,0.0173215630545
