,motion_thresh,age_l,age_u,n,med_rsq,CI_95
0,16.0,12.0,15.0,300.0,0.978121315747,0.0178947389178
