,motion_thresh,age_l,age_u,n,med_rsq,CI_95
0,32.0,6.0,9.0,60.0,0.944577874531,0.0867461698873
