,motion_thresh,age_l,age_u,n,med_rsq,CI_95,med_icc,CI_95_icc
0,25.0,6.0,9.0,60.0,0.95320961672,0.0700746898924,0.976632056388,0.0367600082441
