,motion_thresh,age_l,age_u,n,med_rsq,CI_95
0,8.0,7.0,10.0,100.0,0.944159456532,0.0381410025597
