,motion_thresh,age_l,age_u,n,med_rsq,CI_95
0,16.0,14.0,17.0,60.0,0.949209671471,0.0672662138837
