,motion_thresh,age_l,age_u,n,med_rsq,CI_95
0,2.0,14.0,17.0,70.0,0.946489555427,0.0170242575202
