,motion_thresh,age_l,age_u,n,med_rsq,CI_95
0,50.0,13.0,16.0,240.0,0.975733570991,0.0425462523657
