,motion_thresh,age_l,age_u,n,med_rsq,CI_95
0,36.0,8.0,11.0,190.0,0.972571682308,0.0257457895298
