,motion_thresh,age_l,age_u,n,med_rsq,CI_95
0,4.0,8.0,11.0,60.0,0.937040252504,0.0607639161624
