,motion_thresh,age_l,age_u,n,med_rsq,CI_95
0,50.0,9.0,12.0,80.0,0.960904328856,0.0667112549574
