,motion_thresh,age_l,age_u,n,med_rsq,CI_95
0,26.0,9.0,12.0,30.0,0.899471698245,0.154617565334
