,motion_thresh,age_l,age_u,n,med_rsq,CI_95
0,10.0,12.0,15.0,100.0,0.971411960208,0.0254918812499
