,motion_thresh,age_l,age_u,n,med_rsq,CI_95
0,4.0,12.0,15.0,110.0,0.941340697978,0.057108666822
