,motion_thresh,age_l,age_u,n,med_rsq,CI_95,med_icc,CI_95_icc
0,15.0,11.0,14.0,120.0,0.978910847064,0.0180851239864,0.98938887795,0.00887668186667
