,motion_thresh,age_l,age_u,n,med_rsq,CI_95,med_icc,CI_95_icc
0,25.0,13.0,16.0,180.0,0.979542530408,0.0204546169309,0.989770146299,0.0101141895716
