,motion_thresh,age_l,age_u,n,med_rsq,CI_95
0,8.0,12.0,15.0,50.0,0.94118236854,0.0516166618705
