,motion_thresh,age_l,age_u,n,med_rsq,CI_95,med_icc,CI_95_icc
0,10.0,9.0,12.0,30.0,0.909043105082,0.116182893793,0.954178658798,0.0533874847946
