,motion_thresh,age_l,age_u,n,med_rsq,CI_95
0,36.0,6.0,9.0,50.0,0.939630066148,0.0802843756606
