,motion_thresh,age_l,age_u,n,med_rsq,CI_95
0,22.0,13.0,16.0,10.0,0.71755985403,0.287545514898
