,motion_thresh,age_l,age_u,n,med_rsq,CI_95
0,12.0,12.0,15.0,110.0,0.972976679999,0.0253766297479
