,motion_thresh,age_l,age_u,n,med_rsq,CI_95
0,22.0,12.0,15.0,100.0,0.969232087893,0.0383180429637
