,motion_thresh,age_l,age_u,n,med_rsq,CI_95
0,44.0,12.0,15.0,90.0,0.967529393564,0.0450896263315
