,motion_thresh,age_l,age_u,n,med_rsq,CI_95
0,2.0,10.0,13.0,160.0,0.935803034459,0.0194439483787
