,motion_thresh,age_l,age_u,n,med_rsq,CI_95
0,28.0,10.0,13.0,100.0,0.971179344633,0.0387734481583
