,motion_thresh,age_l,age_u,n,med_rsq,CI_95
0,30.0,10.0,13.0,190.0,0.978696459073,0.0221323608877
