,motion_thresh,age_l,age_u,n,med_rsq,CI_95,med_icc,CI_95_icc
0,35.0,10.0,13.0,150.0,0.97978186471,0.0368264997707,0.989704137584,0.0188203576862
