,motion_thresh,age_l,age_u,n,med_rsq,CI_95
0,24.0,7.0,10.0,220.0,0.937890865597,0.12148775284
