,motion_thresh,age_l,age_u,n,med_rsq,CI_95
0,12.0,8.0,11.0,100.0,0.958430802141,0.0624395645949
