,motion_thresh,age_l,age_u,n,med_rsq,CI_95
0,16.0,11.0,14.0,60.0,0.950678984438,0.0642022889544
