,motion_thresh,age_l,age_u,n,med_rsq,CI_95
0,42.0,9.0,12.0,180.0,0.978338923017,0.0256202148078
