,motion_thresh,age_l,age_u,n,med_rsq,CI_95
0,38.0,11.0,14.0,90.0,0.966939305479,0.0362405951949
