,motion_thresh,age_l,age_u,n,med_rsq,CI_95
0,8.0,14.0,17.0,280.0,0.961072550667,0.036925120027
