,motion_thresh,age_l,age_u,n,med_rsq,CI_95
0,24.0,14.0,17.0,40.0,0.922199750601,0.115004714929
