,motion_thresh,age_l,age_u,n,med_rsq,CI_95
0,14.0,15.0,18.0,100.0,0.958581570055,0.0406236466423
