,motion_thresh,age_l,age_u,n,med_rsq,CI_95
0,20.0,7.0,10.0,260.0,0.96404000189,0.0448360489882
