,motion_thresh,age_l,age_u,n,med_rsq,CI_95
0,42.0,8.0,11.0,210.0,0.974354966298,0.0260313265073
