,motion_thresh,age_l,age_u,n,med_rsq,CI_95
0,10.0,9.0,12.0,90.0,0.965340743675,0.0263093483914
