,motion_thresh,age_l,age_u,n,med_rsq,CI_95
0,2.0,6.0,9.0,100.0,0.87350549392,0.0617976786756
