,motion_thresh,age_l,age_u,n,med_rsq,CI_95
0,38.0,11.0,14.0,170.0,0.979408608778,0.0181569571326
