,motion_thresh,age_l,age_u,n,med_rsq,CI_95
0,40.0,9.0,12.0,30.0,0.905929712931,0.229041952784
