,motion_thresh,age_l,age_u,n,med_rsq,CI_95
0,26.0,11.0,14.0,170.0,0.979649483625,0.0156070890153
