,motion_thresh,age_l,age_u,n,med_rsq,CI_95
0,18.0,6.0,9.0,30.0,0.894012521522,0.134036982853
