,motion_thresh,age_l,age_u,n,med_rsq,CI_95
0,10.0,7.0,10.0,80.0,0.950845722722,0.0491060253025
