,motion_thresh,age_l,age_u,n,med_rsq,CI_95
0,26.0,13.0,16.0,120.0,0.973650798876,0.0364889659071
