,motion_thresh,age_l,age_u,n,med_rsq,CI_95
0,20.0,7.0,10.0,190.0,0.963678093448,0.0421379171144
