,motion_thresh,age_l,age_u,n,med_rsq,CI_95
0,6.0,13.0,16.0,230.0,0.971260222371,0.0162459309206
