,motion_thresh,age_l,age_u,n,med_rsq,CI_95
0,10.0,11.0,14.0,120.0,0.973818130363,0.0250515099398
