,motion_thresh,age_l,age_u,n,med_rsq,CI_95
0,34.0,15.0,18.0,140.0,0.969009863722,0.0322578170919
