,motion_thresh,age_l,age_u,n,med_rsq,CI_95,med_icc,CI_95_icc
0,35.0,11.0,14.0,90.0,0.970946206499,0.0421726372536,0.985425285404,0.0212801873693
