,motion_thresh,age_l,age_u,n,med_rsq,CI_95
0,28.0,11.0,14.0,100.0,0.968411853566,0.0409589360381
