,motion_thresh,age_l,age_u,n,med_rsq,CI_95
0,40.0,10.0,13.0,130.0,0.975881133564,0.0352810736889
