,motion_thresh,age_l,age_u,n,med_rsq,CI_95
0,20.0,6.0,9.0,260.0,0.942075106495,0.0513972595973
