,motion_thresh,age_l,age_u,n,med_rsq,CI_95
0,38.0,8.0,11.0,190.0,0.973335043646,0.0306750970442
