,motion_thresh,age_l,age_u,n,med_rsq,CI_95
0,26.0,9.0,12.0,110.0,0.971603180852,0.050841824233
