,motion_thresh,age_l,age_u,n,med_rsq,CI_95
0,2.0,10.0,13.0,290.0,0.937478757828,0.0132399034335
