,motion_thresh,age_l,age_u,n,med_rsq,CI_95
0,22.0,12.0,15.0,80.0,0.963009246029,0.0605840800331
