,motion_thresh,age_l,age_u,n,med_rsq,CI_95
0,12.0,7.0,10.0,130.0,0.950957903926,0.0358412365268
