,motion_thresh,age_l,age_u,n,med_rsq,CI_95
0,34.0,13.0,16.0,190.0,0.976330127938,0.0248895257957
