,motion_thresh,age_l,age_u,n,med_rsq,CI_95
0,36.0,12.0,15.0,160.0,0.978617697051,0.0216658265934
