,motion_thresh,age_l,age_u,n,med_rsq,CI_95,med_icc,CI_95_icc
0,45.0,14.0,17.0,210.0,0.978832420553,0.0206900513365,0.989581101389,0.0100952122062
