,motion_thresh,age_l,age_u,n,med_rsq,CI_95
0,14.0,9.0,12.0,150.0,0.95143472912,0.0680980274954
