,motion_thresh,age_l,age_u,n,med_rsq,CI_95
0,8.0,6.0,9.0,180.0,0.918854596959,0.0566148604578
