,motion_thresh,age_l,age_u,n,med_rsq,CI_95
0,24.0,9.0,12.0,70.0,0.954437599601,0.0423418656406
