,motion_thresh,age_l,age_u,n,med_rsq,CI_95
0,2.0,8.0,11.0,280.0,0.911511329357,0.0523857801868
