,motion_thresh,age_l,age_u,n,med_rsq,CI_95
0,4.0,15.0,18.0,170.0,0.937667029224,0.0634790755813
