,motion_thresh,age_l,age_u,n,med_rsq,CI_95
0,38.0,7.0,10.0,90.0,0.965089144637,0.0383532465759
