,motion_thresh,age_l,age_u,n,med_rsq,CI_95,med_icc,CI_95_icc
0,30.0,13.0,16.0,150.0,0.979783941275,0.0192131826488,0.989885445294,0.00942050983511
