,motion_thresh,age_l,age_u,n,med_rsq,CI_95
0,8.0,8.0,11.0,190.0,0.954041751424,0.0393124641867
