,motion_thresh,age_l,age_u,n,med_rsq,CI_95,med_icc,CI_95_icc
0,15.0,12.0,15.0,180.0,0.976020169081,0.0289822761319,0.98784986596,0.0145768038667
