,motion_thresh,age_l,age_u,n,med_rsq,CI_95
0,28.0,11.0,14.0,20.0,0.854982118913,0.190810939545
