,motion_thresh,age_l,age_u,n,med_rsq,CI_95
0,2.0,13.0,16.0,60.0,0.93674223959,0.062332614791
