,motion_thresh,age_l,age_u,n,med_rsq,CI_95,med_icc,CI_95_icc
0,10.0,14.0,17.0,300.0,0.954504915759,0.074393853663,0.977735471683,0.0357181828161
