,motion_thresh,age_l,age_u,n,med_rsq,CI_95
0,20.0,8.0,11.0,130.0,0.959885870885,0.0627204281462
