,motion_thresh,age_l,age_u,n,med_rsq,CI_95
0,14.0,13.0,16.0,120.0,0.975640892792,0.0207017520845
