,motion_thresh,age_l,age_u,n,med_rsq,CI_95
0,24.0,8.0,11.0,30.0,0.897332468652,0.150047645221
