,motion_thresh,age_l,age_u,n,med_rsq,CI_95
0,6.0,7.0,10.0,40.0,0.920135751025,0.0717147154298
