,motion_thresh,age_l,age_u,n,med_rsq,CI_95
0,18.0,14.0,17.0,10.0,0.717466619865,0.40030085612
