,motion_thresh,age_l,age_u,n,med_rsq,CI_95
0,2.0,11.0,14.0,280.0,0.946263999409,0.0166166725673
