,motion_thresh,age_l,age_u,n,med_rsq,CI_95
0,12.0,13.0,16.0,60.0,0.948751201346,0.0654555603743
