,motion_thresh,age_l,age_u,n,med_rsq,CI_95,med_icc,CI_95_icc
0,10.0,14.0,17.0,150.0,0.95668398867,0.0769630279428,0.978694156491,0.0360724080157
