,motion_thresh,age_l,age_u,n,med_rsq,CI_95,med_icc,CI_95_icc
0,50.0,8.0,11.0,270.0,0.975211214975,0.0349914404018,0.987790133288,0.0182225596789
