,motion_thresh,age_l,age_u,n,med_rsq,CI_95
0,14.0,9.0,12.0,230.0,0.948257062699,0.0874301287676
