,motion_thresh,age_l,age_u,n,med_rsq,CI_95
0,32.0,9.0,12.0,180.0,0.976643892205,0.0206060910473
