,motion_thresh,age_l,age_u,n,med_rsq,CI_95
0,2.0,13.0,16.0,190.0,0.942603385704,0.0328152668601
