,motion_thresh,age_l,age_u,n,med_rsq,CI_95
0,50.0,11.0,14.0,210.0,0.981019177233,0.0281811758615
