,motion_thresh,age_l,age_u,n,med_rsq,CI_95
0,36.0,8.0,11.0,50.0,0.937830817719,0.0592397244116
