,motion_thresh,age_l,age_u,n,med_rsq,CI_95
0,14.0,14.0,17.0,20.0,0.843646955136,0.144457874583
