,motion_thresh,age_l,age_u,n,med_rsq,CI_95
0,8.0,10.0,13.0,50.0,0.939714782063,0.0927366208015
