,motion_thresh,age_l,age_u,n,med_rsq,CI_95
0,28.0,8.0,11.0,30.0,0.895579016877,0.169474876775
