,motion_thresh,age_l,age_u,n,med_rsq,CI_95
0,14.0,15.0,18.0,50.0,0.937938261561,0.0932703624938
