,motion_thresh,age_l,age_u,n,med_rsq,CI_95
0,42.0,14.0,17.0,280.0,0.974906664493,0.025184079178
