,motion_thresh,age_l,age_u,n,med_rsq,CI_95
0,30.0,11.0,14.0,110.0,0.971536742875,0.0415074603414
