,motion_thresh,age_l,age_u,n,med_rsq,CI_95
0,46.0,15.0,18.0,280.0,0.966861148165,0.0455221563607
