,motion_thresh,age_l,age_u,n,med_rsq,CI_95
0,4.0,10.0,13.0,220.0,0.955219108725,0.0337536034835
