,motion_thresh,age_l,age_u,n,med_rsq,CI_95,med_icc,CI_95_icc
0,45.0,10.0,13.0,270.0,0.973024496438,0.0451071942588,0.986190934719,0.0233873136585
