,motion_thresh,age_l,age_u,n,med_rsq,CI_95
0,34.0,6.0,9.0,10.0,0.671459233927,0.685439093602
