,motion_thresh,age_l,age_u,n,med_rsq,CI_95
0,2.0,15.0,18.0,280.0,0.925979835472,0.0585421813975
