,motion_thresh,age_l,age_u,n,med_rsq,CI_95
0,4.0,13.0,16.0,10.0,0.727298392815,0.219092463132
