,motion_thresh,age_l,age_u,n,med_rsq,CI_95
0,50.0,15.0,18.0,230.0,0.9684148,0.0708126374538
