,motion_thresh,age_l,age_u,n,med_rsq,CI_95,med_icc,CI_95_icc
0,15.0,13.0,16.0,300.0,0.970532164058,0.0358758693801,0.985173941006,0.018160115496
