,motion_thresh,age_l,age_u,n,med_rsq,CI_95
0,10.0,10.0,13.0,280.0,0.969768068912,0.0262506624989
