,motion_thresh,age_l,age_u,n,med_rsq,CI_95
0,8.0,11.0,14.0,300.0,0.970007736149,0.0225227768346
