,motion_thresh,age_l,age_u,n,med_rsq,CI_95
0,18.0,8.0,11.0,230.0,0.965827191577,0.0436835732891
