,motion_thresh,age_l,age_u,n,med_rsq,CI_95
0,12.0,14.0,17.0,200.0,0.967919459961,0.0377256728557
