,motion_thresh,age_l,age_u,n,med_rsq,CI_95
0,20.0,10.0,13.0,190.0,0.973396366485,0.033565920784
