,motion_thresh,age_l,age_u,n,med_rsq,CI_95
0,10.0,11.0,14.0,50.0,0.940881208902,0.0539541970573
