,motion_thresh,age_l,age_u,n,med_rsq,CI_95
0,24.0,6.0,9.0,240.0,0.946590179266,0.0642897414681
