,motion_thresh,age_l,age_u,n,med_rsq,CI_95
0,4.0,11.0,14.0,180.0,0.962762098148,0.0204854015124
