,motion_thresh,age_l,age_u,n,med_rsq,CI_95
0,32.0,8.0,11.0,300.0,0.972846595997,0.0252993355322
