,motion_thresh,age_l,age_u,n,med_rsq,CI_95
0,38.0,9.0,12.0,250.0,0.976353798427,0.0280418447418
