,motion_thresh,age_l,age_u,n,med_rsq,CI_95
0,6.0,6.0,9.0,220.0,0.896028801263,0.0753496005825
