,motion_thresh,age_l,age_u,n,med_rsq,CI_95
0,30.0,9.0,12.0,300.0,0.975266416069,0.0263059601335
