,motion_thresh,age_l,age_u,n,med_rsq,CI_95
0,6.0,15.0,18.0,190.0,0.951377163411,0.0102382193003
