,motion_thresh,age_l,age_u,n,med_rsq,CI_95
0,22.0,11.0,14.0,190.0,0.979619573747,0.0180599093329
