,motion_thresh,age_l,age_u,n,med_rsq,CI_95
0,48.0,11.0,14.0,220.0,0.981658421294,0.0191701762837
