,motion_thresh,age_l,age_u,n,med_rsq,CI_95
0,44.0,7.0,10.0,190.0,0.966030367258,0.0377998709315
