,motion_thresh,age_l,age_u,n,med_rsq,CI_95
0,40.0,11.0,14.0,270.0,0.980502676955,0.0238607786863
