,motion_thresh,age_l,age_u,n,med_rsq,CI_95,med_icc,CI_95_icc
0,40.0,6.0,9.0,30.0,0.908786859442,0.168629840314,0.954546614614,0.0788714021237
