,motion_thresh,age_l,age_u,n,med_rsq,CI_95
0,34.0,10.0,13.0,130.0,0.977037423464,0.0194436085198
