,motion_thresh,age_l,age_u,n,med_rsq,CI_95,med_icc,CI_95_icc
0,10.0,11.0,14.0,90.0,0.971012759506,0.0285486165328,0.985572373747,0.0141913167824
