,motion_thresh,age_l,age_u,n,med_rsq,CI_95
0,42.0,14.0,17.0,60.0,0.94484290717,0.077664518335
