,motion_thresh,age_l,age_u,n,med_rsq,CI_95
0,26.0,7.0,10.0,180.0,0.929108739663,0.115396621517
