,motion_thresh,age_l,age_u,n,med_rsq,CI_95,med_icc,CI_95_icc
0,25.0,11.0,14.0,240.0,0.98148572958,0.0245880822131,0.990640824046,0.0118068261971
