,motion_thresh,age_l,age_u,n,med_rsq,CI_95
0,14.0,8.0,11.0,120.0,0.964337844224,0.0340285643613
