,motion_thresh,age_l,age_u,n,med_rsq,CI_95
0,26.0,10.0,13.0,110.0,0.97241202223,0.0295027831838
