,motion_thresh,age_l,age_u,n,med_rsq,CI_95
0,32.0,13.0,16.0,120.0,0.975310589873,0.0367771825727
