,motion_thresh,age_l,age_u,n,med_rsq,CI_95
0,28.0,10.0,13.0,130.0,0.976434742275,0.0403263219664
