,motion_thresh,age_l,age_u,n,med_rsq,CI_95
0,12.0,9.0,12.0,200.0,0.96750405037,0.0270787170498
