,motion_thresh,age_l,age_u,n,med_rsq,CI_95
0,50.0,14.0,17.0,190.0,0.974943145025,0.0236579254418
