,motion_thresh,age_l,age_u,n,med_rsq,CI_95
0,28.0,11.0,14.0,200.0,0.979804135729,0.0240946098435
