,motion_thresh,age_l,age_u,n,med_rsq,CI_95
0,28.0,15.0,18.0,170.0,0.968769411214,0.0426926556648
