,motion_thresh,age_l,age_u,n,med_rsq,CI_95
0,18.0,12.0,15.0,200.0,0.975688915966,0.0298460752993
