,motion_thresh,age_l,age_u,n,med_rsq,CI_95
0,10.0,9.0,12.0,50.0,0.93816998774,0.0547696570876
