,motion_thresh,age_l,age_u,n,med_rsq,CI_95,med_icc,CI_95_icc
0,45.0,15.0,18.0,240.0,0.971900682555,0.0386401713207,0.985699283477,0.0198611946495
