,motion_thresh,age_l,age_u,n,med_rsq,CI_95,med_icc,CI_95_icc
0,30.0,6.0,9.0,240.0,0.954424826697,0.0449503226429,0.977453827948,0.0220488182815
