,motion_thresh,age_l,age_u,n,med_rsq,CI_95
0,48.0,15.0,18.0,290.0,0.967017547816,0.0515764171947
