,motion_thresh,age_l,age_u,n,med_rsq,CI_95
0,20.0,14.0,17.0,280.0,0.969182113312,0.0479854602666
