,motion_thresh,age_l,age_u,n,med_rsq,CI_95
0,32.0,15.0,18.0,170.0,0.966920404758,0.0458230783347
