,motion_thresh,age_l,age_u,n,med_rsq,CI_95
0,24.0,11.0,14.0,90.0,0.966933812714,0.0487552500034
