,motion_thresh,age_l,age_u,n,med_rsq,CI_95
0,10.0,8.0,11.0,250.0,0.958697019042,0.0407104782673
