,motion_thresh,age_l,age_u,n,med_rsq,CI_95
0,10.0,11.0,14.0,70.0,0.957516108906,0.0464178428692
