,motion_thresh,age_l,age_u,n,med_rsq,CI_95,med_icc,CI_95_icc
0,35.0,14.0,17.0,150.0,0.97817534829,0.0277469437769,0.989217284381,0.0137187603857
