,motion_thresh,age_l,age_u,n,med_rsq,CI_95
0,50.0,6.0,9.0,110.0,0.952795420087,0.0747936631477
