,motion_thresh,age_l,age_u,n,med_rsq,CI_95
0,32.0,7.0,10.0,50.0,0.937412219289,0.0840712588927
