,motion_thresh,age_l,age_u,n,med_rsq,CI_95,med_icc,CI_95_icc
0,15.0,12.0,15.0,270.0,0.976002067335,0.0245650986987,0.987936280835,0.0124381690594
