,motion_thresh,age_l,age_u,n,med_rsq,CI_95
0,36.0,7.0,10.0,220.0,0.961421335668,0.0508872000678
