,motion_thresh,age_l,age_u,n,med_rsq,CI_95
0,44.0,9.0,12.0,240.0,0.977512613965,0.0315398865205
