,motion_thresh,age_l,age_u,n,med_rsq,CI_95
0,2.0,9.0,12.0,180.0,0.915720277875,0.0341847331358
