,motion_thresh,age_l,age_u,n,med_rsq,CI_95
0,50.0,15.0,18.0,110.0,0.968187444634,0.0358265712092
