,motion_thresh,age_l,age_u,n,med_rsq,CI_95,med_icc,CI_95_icc
0,30.0,8.0,11.0,180.0,0.975541470442,0.023315659307,0.987927684283,0.0118444100789
