,motion_thresh,age_l,age_u,n,med_rsq,CI_95
0,32.0,8.0,11.0,260.0,0.972925922646,0.0333423149601
