,motion_thresh,age_l,age_u,n,med_rsq,CI_95
0,18.0,8.0,11.0,160.0,0.966666622578,0.04859437511
