,motion_thresh,age_l,age_u,n,med_rsq,CI_95
0,40.0,7.0,10.0,230.0,0.964902840136,0.04958392043
