,motion_thresh,age_l,age_u,n,med_rsq,CI_95
0,50.0,8.0,11.0,70.0,0.954823232829,0.0744442845372
