,motion_thresh,age_l,age_u,n,med_rsq,CI_95
0,18.0,14.0,17.0,290.0,0.965020219043,0.0621590045749
