,motion_thresh,age_l,age_u,n,med_rsq,CI_95
0,2.0,11.0,14.0,10.0,0.727497256838,0.229437326998
