,motion_thresh,age_l,age_u,n,med_rsq,CI_95,med_icc,CI_95_icc
0,50.0,11.0,14.0,270.0,0.983735473693,0.0203214882717,0.991771864146,0.00988905721743
