,motion_thresh,age_l,age_u,n,med_rsq,CI_95
0,30.0,9.0,12.0,290.0,0.976052799396,0.0186623166302
