,motion_thresh,age_l,age_u,n,med_rsq,CI_95
0,38.0,6.0,9.0,290.0,0.949747285554,0.0517068809231
