,motion_thresh,age_l,age_u,n,med_rsq,CI_95
0,32.0,10.0,13.0,210.0,0.97982678529,0.0259207593937
