,motion_thresh,age_l,age_u,n,med_rsq,CI_95
0,44.0,10.0,13.0,30.0,0.904451688157,0.102332203288
