,motion_thresh,age_l,age_u,n,med_rsq,CI_95
0,26.0,11.0,14.0,110.0,0.97267871614,0.0254231664854
