,motion_thresh,age_l,age_u,n,med_rsq,CI_95
0,50.0,7.0,10.0,150.0,0.966713499253,0.0320855812419
