,motion_thresh,age_l,age_u,n,med_rsq,CI_95
0,48.0,9.0,12.0,50.0,0.935462016356,0.0951396985163
