,motion_thresh,age_l,age_u,n,med_rsq,CI_95
0,48.0,8.0,11.0,190.0,0.975266923259,0.0291842993013
