,motion_thresh,age_l,age_u,n,med_rsq,CI_95
0,4.0,8.0,11.0,110.0,0.932928053658,0.0694391700872
