,motion_thresh,age_l,age_u,n,med_rsq,CI_95
0,10.0,6.0,9.0,120.0,0.927073696733,0.0648670766143
