,motion_thresh,age_l,age_u,n,med_rsq,CI_95
0,8.0,8.0,11.0,280.0,0.955198095119,0.0420957338843
