,motion_thresh,age_l,age_u,n,med_rsq,CI_95
0,2.0,15.0,18.0,170.0,0.930001153337,0.0375900404829
