,motion_thresh,age_l,age_u,n,med_rsq,CI_95
0,22.0,6.0,9.0,190.0,0.940275163321,0.0601095610683
