,motion_thresh,age_l,age_u,n,med_rsq,CI_95
0,36.0,14.0,17.0,40.0,0.922237950323,0.137735549054
