,motion_thresh,age_l,age_u,n,med_rsq,CI_95
0,32.0,15.0,18.0,230.0,0.968162942684,0.0268394526701
