,motion_thresh,age_l,age_u,n,med_rsq,CI_95
0,24.0,13.0,16.0,60.0,0.949759610059,0.0625294326251
