,motion_thresh,age_l,age_u,n,med_rsq,CI_95
0,8.0,8.0,11.0,160.0,0.955137015936,0.0412582885459
