,motion_thresh,age_l,age_u,n,med_rsq,CI_95
0,40.0,10.0,13.0,70.0,0.956265912876,0.0601055731843
