,motion_thresh,age_l,age_u,n,med_rsq,CI_95
0,4.0,11.0,14.0,40.0,0.932357221392,0.0522492369759
