,motion_thresh,age_l,age_u,n,med_rsq,CI_95
0,50.0,9.0,12.0,250.0,0.978917963451,0.0183294515659
