,motion_thresh,age_l,age_u,n,med_rsq,CI_95
0,32.0,7.0,10.0,240.0,0.966452540298,0.0532100667335
