,motion_thresh,age_l,age_u,n,med_rsq,CI_95,med_icc,CI_95_icc
0,20.0,9.0,12.0,60.0,0.956935748122,0.0507715580808,0.978726001192,0.0238635491847
