,motion_thresh,age_l,age_u,n,med_rsq,CI_95
0,20.0,7.0,10.0,50.0,0.940726677797,0.0742978809483
