,motion_thresh,age_l,age_u,n,med_rsq,CI_95
0,24.0,8.0,11.0,130.0,0.967686135582,0.0484552437205
