,motion_thresh,age_l,age_u,n,med_rsq,CI_95,med_icc,CI_95_icc
0,35.0,9.0,12.0,180.0,0.979486823117,0.0238132062028,0.989830694271,0.0123178408014
