,motion_thresh,age_l,age_u,n,med_rsq,CI_95
0,22.0,8.0,11.0,10.0,0.709068132973,0.451659793449
