,motion_thresh,age_l,age_u,n,med_rsq,CI_95
0,26.0,13.0,16.0,150.0,0.976108631465,0.0376341184642
