,motion_thresh,age_l,age_u,n,med_rsq,CI_95
0,16.0,9.0,12.0,20.0,0.851624375053,0.185844313401
