,motion_thresh,age_l,age_u,n,med_rsq,CI_95
0,12.0,15.0,18.0,10.0,0.723641618974,0.420318192962
