,motion_thresh,age_l,age_u,n,med_rsq,CI_95
0,6.0,11.0,14.0,70.0,0.954112376967,0.0284897393675
