,motion_thresh,age_l,age_u,n,med_rsq,CI_95
0,50.0,10.0,13.0,180.0,0.976680745698,0.0370767364714
