,motion_thresh,age_l,age_u,n,med_rsq,CI_95
0,48.0,15.0,18.0,180.0,0.968835873703,0.0306782078908
