,motion_thresh,age_l,age_u,n,med_rsq,CI_95,med_icc,CI_95_icc
0,20.0,6.0,9.0,180.0,0.948007647766,0.0521838461132,0.974222791247,0.0250269310205
