,motion_thresh,age_l,age_u,n,med_rsq,CI_95
0,50.0,6.0,9.0,290.0,0.952074452166,0.0504560106314
