,motion_thresh,age_l,age_u,n,med_rsq,CI_95
0,26.0,12.0,15.0,20.0,0.855212032435,0.207360978461
