,motion_thresh,age_l,age_u,n,med_rsq,CI_95
0,46.0,14.0,17.0,290.0,0.975174793601,0.0258371237173
