,motion_thresh,age_l,age_u,n,med_rsq,CI_95
0,46.0,13.0,16.0,220.0,0.978580184372,0.028273874009
