,motion_thresh,age_l,age_u,n,med_rsq,CI_95
0,38.0,6.0,9.0,260.0,0.950109830213,0.0447333882488
