,motion_thresh,age_l,age_u,n,med_rsq,CI_95
0,28.0,6.0,9.0,200.0,0.94663567254,0.0617697092877
