,motion_thresh,age_l,age_u,n,med_rsq,CI_95
0,26.0,8.0,11.0,30.0,0.891565367628,0.205020474732
