,motion_thresh,age_l,age_u,n,med_rsq,CI_95
0,12.0,11.0,14.0,80.0,0.963327631787,0.0457795953813
