,motion_thresh,age_l,age_u,n,med_rsq,CI_95
0,30.0,11.0,14.0,50.0,0.941690181038,0.0565701792549
