,motion_thresh,age_l,age_u,n,med_rsq,CI_95,med_icc,CI_95_icc
0,20.0,13.0,16.0,210.0,0.978941270957,0.0186372364444,0.989467872469,0.00959626234739
