,motion_thresh,age_l,age_u,n,med_rsq,CI_95
0,26.0,9.0,12.0,290.0,0.975434645971,0.0299729740928
