,motion_thresh,age_l,age_u,n,med_rsq,CI_95
0,26.0,12.0,15.0,270.0,0.978020227325,0.02214934492
