,motion_thresh,age_l,age_u,n,med_rsq,CI_95
0,34.0,13.0,16.0,110.0,0.97150968998,0.0412743011215
