,motion_thresh,age_l,age_u,n,med_rsq,CI_95
0,42.0,13.0,16.0,150.0,0.978182192216,0.0197300801715
