,motion_thresh,age_l,age_u,n,med_rsq,CI_95
0,44.0,12.0,15.0,290.0,0.980585399789,0.0236241215969
