,motion_thresh,age_l,age_u,n,med_rsq,CI_95
0,24.0,11.0,14.0,160.0,0.978194054168,0.021911501215
