,motion_thresh,age_l,age_u,n,med_rsq,CI_95
0,38.0,13.0,16.0,80.0,0.96077347318,0.0597885967871
