,motion_thresh,age_l,age_u,n,med_rsq,CI_95
0,12.0,15.0,18.0,20.0,0.861148244641,0.130453458135
