,motion_thresh,age_l,age_u,n,med_rsq,CI_95
0,44.0,7.0,10.0,200.0,0.965523033846,0.0446902070332
