,motion_thresh,age_l,age_u,n,med_rsq,CI_95
0,10.0,9.0,12.0,110.0,0.964573507039,0.0298324488748
