,motion_thresh,age_l,age_u,n,med_rsq,CI_95
0,44.0,14.0,17.0,180.0,0.975775488073,0.0246845739384
