,motion_thresh,age_l,age_u,n,med_rsq,CI_95
0,38.0,8.0,11.0,140.0,0.97430233792,0.0243580085739
