,motion_thresh,age_l,age_u,n,med_rsq,CI_95,med_icc,CI_95_icc
0,50.0,6.0,9.0,60.0,0.952579377335,0.0817583119881,0.976141336736,0.0376223189845
