,motion_thresh,age_l,age_u,n,med_rsq,CI_95
0,50.0,13.0,16.0,80.0,0.96242182556,0.0465087423456
