,motion_thresh,age_l,age_u,n,med_rsq,CI_95
0,6.0,7.0,10.0,150.0,0.925761470959,0.0675010949002
