,motion_thresh,age_l,age_u,n,med_rsq,CI_95
0,10.0,13.0,16.0,270.0,0.970074263221,0.0256910893798
