,motion_thresh,age_l,age_u,n,med_rsq,CI_95
0,40.0,7.0,10.0,120.0,0.964746987659,0.0443903410524
