,motion_thresh,age_l,age_u,n,med_rsq,CI_95
0,10.0,7.0,10.0,60.0,0.948531098916,0.0412035958042
