,motion_thresh,age_l,age_u,n,med_rsq,CI_95,med_icc,CI_95_icc
0,50.0,8.0,11.0,150.0,0.976327886521,0.0293517354308,0.988238971019,0.0154065677793
