,motion_thresh,age_l,age_u,n,med_rsq,CI_95
0,30.0,11.0,14.0,10.0,0.718817313331,0.294142566811
