,motion_thresh,age_l,age_u,n,med_rsq,CI_95
0,28.0,15.0,18.0,60.0,0.94835881187,0.0488162764624
