,motion_thresh,age_l,age_u,n,med_rsq,CI_95,med_icc,CI_95_icc
0,20.0,8.0,11.0,180.0,0.963603701566,0.0582047857594,0.981914150065,0.0266292156799
