,motion_thresh,age_l,age_u,n,med_rsq,CI_95
0,50.0,14.0,17.0,290.0,0.975433696867,0.0268999919683
