,motion_thresh,age_l,age_u,n,med_rsq,CI_95
0,48.0,13.0,16.0,20.0,0.855360236991,0.20639886229
