,motion_thresh,age_l,age_u,n,med_rsq,CI_95
0,22.0,9.0,12.0,130.0,0.966271869437,0.0645258543948
