,motion_thresh,age_l,age_u,n,med_rsq,CI_95
0,18.0,9.0,12.0,210.0,0.971517137539,0.0354754917129
