,motion_thresh,age_l,age_u,n,med_rsq,CI_95
0,46.0,12.0,15.0,20.0,0.852705899371,0.29916659558
