,motion_thresh,age_l,age_u,n,med_rsq,CI_95
0,2.0,10.0,13.0,120.0,0.939401324155,0.0292569659215
