,motion_thresh,age_l,age_u,n,med_rsq,CI_95
0,4.0,11.0,14.0,240.0,0.959763423188,0.0176127298377
