,motion_thresh,age_l,age_u,n,med_rsq,CI_95
0,18.0,10.0,13.0,300.0,0.97417602136,0.032171961603
