,motion_thresh,age_l,age_u,n,med_rsq,CI_95
0,4.0,10.0,13.0,150.0,0.952596640497,0.0332173462949
