,motion_thresh,age_l,age_u,n,med_rsq,CI_95
0,28.0,14.0,17.0,230.0,0.970912955579,0.0263355819036
