,motion_thresh,age_l,age_u,n,med_rsq,CI_95
0,24.0,6.0,9.0,230.0,0.945579540558,0.0752522362051
