,motion_thresh,age_l,age_u,n,med_rsq,CI_95
0,42.0,7.0,10.0,250.0,0.968176653153,0.0412505789854
