,motion_thresh,age_l,age_u,n,med_rsq,CI_95
0,10.0,11.0,14.0,270.0,0.974535898527,0.0237187706561
