,motion_thresh,age_l,age_u,n,med_rsq,CI_95
0,36.0,7.0,10.0,280.0,0.96272166486,0.0421197226591
