,motion_thresh,age_l,age_u,n,med_rsq,CI_95
0,6.0,9.0,12.0,150.0,0.956830399515,0.0257636796347
