,motion_thresh,age_l,age_u,n,med_rsq,CI_95
0,2.0,9.0,12.0,260.0,0.916580285638,0.0588815982342
