,motion_thresh,age_l,age_u,n,med_rsq,CI_95
0,40.0,12.0,15.0,60.0,0.950969166425,0.0745732860719
