,motion_thresh,age_l,age_u,n,med_rsq,CI_95
0,32.0,15.0,18.0,210.0,0.9659821422,0.0467864148945
