,motion_thresh,age_l,age_u,n,med_rsq,CI_95,med_icc,CI_95_icc
0,5.0,7.0,10.0,30.0,0.901737389727,0.138029800127,0.951256521311,0.0666915426312
