,motion_thresh,age_l,age_u,n,med_rsq,CI_95
0,26.0,9.0,12.0,100.0,0.968324327939,0.0462663449815
