,motion_thresh,age_l,age_u,n,med_rsq,CI_95
0,46.0,9.0,12.0,230.0,0.976953244869,0.0237302933326
