,motion_thresh,age_l,age_u,n,med_rsq,CI_95
0,48.0,14.0,17.0,300.0,0.975468199889,0.0248356166345
