,motion_thresh,age_l,age_u,n,med_rsq,CI_95
0,50.0,9.0,12.0,220.0,0.979835163842,0.0175081695793
