,motion_thresh,age_l,age_u,n,med_rsq,CI_95
0,50.0,7.0,10.0,60.0,0.949750841006,0.0643972581057
