,motion_thresh,age_l,age_u,n,med_rsq,CI_95
0,44.0,12.0,15.0,280.0,0.980043076811,0.0274465419195
