,motion_thresh,age_l,age_u,n,med_rsq,CI_95
0,40.0,14.0,17.0,290.0,0.97253877957,0.0434579024744
