,motion_thresh,age_l,age_u,n,med_rsq,CI_95,med_icc,CI_95_icc
0,15.0,13.0,16.0,150.0,0.967774409589,0.0417671519885,0.983927040936,0.0209753935123
