,motion_thresh,age_l,age_u,n,med_rsq,CI_95
0,2.0,6.0,9.0,130.0,0.86887830483,0.0343127465926
