,motion_thresh,age_l,age_u,n,med_rsq,CI_95
0,46.0,11.0,14.0,200.0,0.981104262229,0.0172788693232
