,motion_thresh,age_l,age_u,n,med_rsq,CI_95
0,36.0,7.0,10.0,140.0,0.96318224041,0.0483873672971
