,motion_thresh,age_l,age_u,n,med_rsq,CI_95
0,48.0,12.0,15.0,30.0,0.895508130198,0.147798257476
