,motion_thresh,age_l,age_u,n,med_rsq,CI_95
0,36.0,13.0,16.0,290.0,0.976871195103,0.0265614002193
