,motion_thresh,age_l,age_u,n,med_rsq,CI_95,med_icc,CI_95_icc
0,10.0,12.0,15.0,240.0,0.978373084828,0.0231234001859,0.989108448975,0.0118571875045
