,motion_thresh,age_l,age_u,n,med_rsq,CI_95
0,44.0,13.0,16.0,80.0,0.960652638999,0.0673112514201
