,motion_thresh,age_l,age_u,n,med_rsq,CI_95
0,6.0,10.0,13.0,200.0,0.961925414658,0.0680688056428
