,motion_thresh,age_l,age_u,n,med_rsq,CI_95
0,44.0,13.0,16.0,210.0,0.977586454459,0.0218160392434
