,motion_thresh,age_l,age_u,n,med_rsq,CI_95
0,36.0,13.0,16.0,80.0,0.962128676897,0.0387777338944
