,motion_thresh,age_l,age_u,n,med_rsq,CI_95,med_icc,CI_95_icc
0,30.0,12.0,15.0,240.0,0.981258965327,0.0273748997916,0.990673815732,0.0140089505465
