,motion_thresh,age_l,age_u,n,med_rsq,CI_95,med_icc,CI_95_icc
0,45.0,15.0,18.0,150.0,0.971940726691,0.0346845615019,0.98591539716,0.0179962352886
