,motion_thresh,age_l,age_u,n,med_rsq,CI_95
0,20.0,11.0,14.0,80.0,0.963653187604,0.0446929742489
