,motion_thresh,age_l,age_u,n,med_rsq,CI_95
0,4.0,6.0,9.0,20.0,0.851083835285,0.163415725533
