,motion_thresh,age_l,age_u,n,med_rsq,CI_95
0,48.0,11.0,14.0,150.0,0.978782327454,0.0443532466551
