,motion_thresh,age_l,age_u,n,med_rsq,CI_95
0,24.0,6.0,9.0,190.0,0.947691336033,0.0497382439239
