,motion_thresh,age_l,age_u,n,med_rsq,CI_95
0,2.0,13.0,16.0,180.0,0.93606361995,0.0658150353507
