,motion_thresh,age_l,age_u,n,med_rsq,CI_95
0,28.0,14.0,17.0,100.0,0.971042207424,0.0341970674931
