,motion_thresh,age_l,age_u,n,med_rsq,CI_95,med_icc,CI_95_icc
0,50.0,9.0,12.0,210.0,0.98240801892,0.0165343471559,0.991197858981,0.00796018349611
