,motion_thresh,age_l,age_u,n,med_rsq,CI_95
0,8.0,7.0,10.0,230.0,0.942838153448,0.0424254946597
