,motion_thresh,age_l,age_u,n,med_rsq,CI_95
0,22.0,11.0,14.0,280.0,0.979660556234,0.0230508141464
