,motion_thresh,age_l,age_u,n,med_rsq,CI_95
0,50.0,10.0,13.0,140.0,0.978684421179,0.0300803539055
