,motion_thresh,age_l,age_u,n,med_rsq,CI_95
0,24.0,7.0,10.0,40.0,0.916092219597,0.109926590261
