,motion_thresh,age_l,age_u,n,med_rsq,CI_95,med_icc,CI_95_icc
0,45.0,6.0,9.0,90.0,0.954352950606,0.0622466661644,0.977277031251,0.0293662693798
