,motion_thresh,age_l,age_u,n,med_rsq,CI_95
0,24.0,11.0,14.0,150.0,0.978684806756,0.0272793552848
