,motion_thresh,age_l,age_u,n,med_rsq,CI_95,med_icc,CI_95_icc
0,20.0,7.0,10.0,30.0,0.910677844685,0.165996908557,0.954401502506,0.0726607566341
