,motion_thresh,age_l,age_u,n,med_rsq,CI_95
0,34.0,14.0,17.0,250.0,0.974368507708,0.0436322495065
