,motion_thresh,age_l,age_u,n,med_rsq,CI_95
0,46.0,10.0,13.0,90.0,0.966083429957,0.057668292403
