,motion_thresh,age_l,age_u,n,med_rsq,CI_95
0,4.0,13.0,16.0,60.0,0.949125801951,0.0478161026128
