,motion_thresh,age_l,age_u,n,med_rsq,CI_95,med_icc,CI_95_icc
0,20.0,8.0,11.0,300.0,0.96166529966,0.0634977192338,0.981193035239,0.0300355859414
