,motion_thresh,age_l,age_u,n,med_rsq,CI_95
0,26.0,15.0,18.0,40.0,0.923771337029,0.0950475781627
