,motion_thresh,age_l,age_u,n,med_rsq,CI_95
0,14.0,8.0,11.0,270.0,0.966444233682,0.0240799564492
