,motion_thresh,age_l,age_u,n,med_rsq,CI_95
0,28.0,12.0,15.0,40.0,0.923434818818,0.0930561808714
