,motion_thresh,age_l,age_u,n,med_rsq,CI_95
0,40.0,13.0,16.0,290.0,0.977259915145,0.0192233555476
