,motion_thresh,age_l,age_u,n,med_rsq,CI_95
0,26.0,9.0,12.0,10.0,0.728263008062,0.41016983609
