,motion_thresh,age_l,age_u,n,med_rsq,CI_95
0,20.0,10.0,13.0,30.0,0.900239397448,0.11481131996
