,motion_thresh,age_l,age_u,n,med_rsq,CI_95
0,18.0,11.0,14.0,50.0,0.943258414469,0.0748184331116
