,motion_thresh,age_l,age_u,n,med_rsq,CI_95,med_icc,CI_95_icc
0,20.0,15.0,18.0,180.0,0.967873893746,0.0551467229741,0.984027309261,0.0260188730556
