,motion_thresh,age_l,age_u,n,med_rsq,CI_95
0,2.0,9.0,12.0,80.0,0.916469173119,0.0516239476724
