,motion_thresh,age_l,age_u,n,med_rsq,CI_95
0,2.0,15.0,18.0,60.0,0.929637593854,0.051738353789
