,motion_thresh,age_l,age_u,n,med_rsq,CI_95
0,24.0,7.0,10.0,180.0,0.933008092706,0.121864825952
