,motion_thresh,age_l,age_u,n,med_rsq,CI_95
0,10.0,7.0,10.0,250.0,0.949688036021,0.0446495074377
