,motion_thresh,age_l,age_u,n,med_rsq,CI_95
0,6.0,6.0,9.0,100.0,0.887247946771,0.0583120470756
