,motion_thresh,age_l,age_u,n,med_rsq,CI_95
0,4.0,8.0,11.0,140.0,0.935894317247,0.0516480294122
