,motion_thresh,age_l,age_u,n,med_rsq,CI_95
0,2.0,10.0,13.0,90.0,0.937451671713,0.0387158107358
