,motion_thresh,age_l,age_u,n,med_rsq,CI_95
0,46.0,15.0,18.0,250.0,0.967367168439,0.0402326026559
