,motion_thresh,age_l,age_u,n,med_rsq,CI_95
0,10.0,12.0,15.0,150.0,0.973338287478,0.0269939095456
