,motion_thresh,age_l,age_u,n,med_rsq,CI_95
0,36.0,14.0,17.0,190.0,0.974697714281,0.0274078996707
