,motion_thresh,age_l,age_u,n,med_rsq,CI_95
0,14.0,9.0,12.0,120.0,0.952382400364,0.0747400926132
