,motion_thresh,age_l,age_u,n,med_rsq,CI_95,med_icc,CI_95_icc
0,30.0,7.0,10.0,300.0,0.969368303281,0.044903892348,0.984717342964,0.020607696216
