,motion_thresh,age_l,age_u,n,med_rsq,CI_95,med_icc,CI_95_icc
0,35.0,13.0,16.0,150.0,0.980923256164,0.0247194066979,0.990387016921,0.0123785989156
