,motion_thresh,age_l,age_u,n,med_rsq,CI_95
0,42.0,15.0,18.0,110.0,0.967673352717,0.041727858817
