,motion_thresh,age_l,age_u,n,med_rsq,CI_95
0,32.0,6.0,9.0,180.0,0.945101316462,0.0603333340318
