,motion_thresh,age_l,age_u,n,med_rsq,CI_95
0,24.0,10.0,13.0,60.0,0.949723055356,0.0923000144215
