,motion_thresh,age_l,age_u,n,med_rsq,CI_95
0,50.0,14.0,17.0,200.0,0.974817568017,0.0317825644881
