,motion_thresh,age_l,age_u,n,med_rsq,CI_95
0,2.0,6.0,9.0,290.0,0.864393681345,0.0773113648905
