,motion_thresh,age_l,age_u,n,med_rsq,CI_95
0,24.0,13.0,16.0,70.0,0.955739608351,0.0724327327013
