,motion_thresh,age_l,age_u,n,med_rsq,CI_95
0,10.0,8.0,11.0,140.0,0.956208561259,0.0356435440444
