,motion_thresh,age_l,age_u,n,med_rsq,CI_95
0,42.0,15.0,18.0,300.0,0.969840107244,0.0329465790058
