,motion_thresh,age_l,age_u,n,med_rsq,CI_95
0,26.0,6.0,9.0,210.0,0.946264317836,0.0770197053725
