,motion_thresh,age_l,age_u,n,med_rsq,CI_95
0,42.0,13.0,16.0,260.0,0.977567992183,0.0171747542079
