,motion_thresh,age_l,age_u,n,med_rsq,CI_95
0,8.0,12.0,15.0,30.0,0.899985695714,0.129917890179
