,motion_thresh,age_l,age_u,n,med_rsq,CI_95
0,16.0,9.0,12.0,230.0,0.95863227343,0.0618342735312
