,motion_thresh,age_l,age_u,n,med_rsq,CI_95
0,20.0,9.0,12.0,190.0,0.972686314039,0.0342812031489
