,motion_thresh,age_l,age_u,n,med_rsq,CI_95
0,28.0,10.0,13.0,170.0,0.967523972498,0.0702424851444
