,motion_thresh,age_l,age_u,n,med_rsq,CI_95
0,32.0,6.0,9.0,10.0,0.716358893404,0.318060900099
