,motion_thresh,age_l,age_u,n,med_rsq,CI_95
0,28.0,10.0,13.0,80.0,0.963050314867,0.0386801125716
