,motion_thresh,age_l,age_u,n,med_rsq,CI_95
0,24.0,6.0,9.0,120.0,0.946590523877,0.0475617074001
