,motion_thresh,age_l,age_u,n,med_rsq,CI_95
0,22.0,11.0,14.0,230.0,0.978663416123,0.0262428471548
