,motion_thresh,age_l,age_u,n,med_rsq,CI_95
0,4.0,7.0,10.0,70.0,0.910717241559,0.0745932200633
