,motion_thresh,age_l,age_u,n,med_rsq,CI_95,med_icc,CI_95_icc
0,15.0,8.0,11.0,300.0,0.967398485944,0.0317768812138,0.983408207275,0.0167660588993
