,motion_thresh,age_l,age_u,n,med_rsq,CI_95,med_icc,CI_95_icc
0,10.0,7.0,10.0,210.0,0.954670182598,0.0476904151668,0.976886167116,0.0220643418558
