,motion_thresh,age_l,age_u,n,med_rsq,CI_95
0,20.0,13.0,16.0,200.0,0.975847692188,0.0221634808639
