,motion_thresh,age_l,age_u,n,med_rsq,CI_95
0,26.0,12.0,15.0,110.0,0.973586464933,0.0349957252951
