,motion_thresh,age_l,age_u,n,med_rsq,CI_95
0,42.0,7.0,10.0,80.0,0.957406582777,0.0587876120213
