,motion_thresh,age_l,age_u,n,med_rsq,CI_95
0,20.0,13.0,16.0,100.0,0.968828440856,0.0427766452303
