,motion_thresh,age_l,age_u,n,med_rsq,CI_95
0,24.0,12.0,15.0,180.0,0.978033386317,0.0242998963996
