,motion_thresh,age_l,age_u,n,med_rsq,CI_95
0,42.0,13.0,16.0,100.0,0.969407720437,0.0443707185564
