,motion_thresh,age_l,age_u,n,med_rsq,CI_95
0,38.0,7.0,10.0,160.0,0.96272105347,0.0626575906018
