,motion_thresh,age_l,age_u,n,med_rsq,CI_95
0,14.0,7.0,10.0,290.0,0.957183932431,0.0554955223496
