,motion_thresh,age_l,age_u,n,med_rsq,CI_95,med_icc,CI_95_icc
0,15.0,7.0,10.0,270.0,0.951623911527,0.0622152198874,0.976449403455,0.0291666841642
