,motion_thresh,age_l,age_u,n,med_rsq,CI_95
0,32.0,12.0,15.0,170.0,0.97700578998,0.0216823971821
