,motion_thresh,age_l,age_u,n,med_rsq,CI_95,med_icc,CI_95_icc
0,45.0,10.0,13.0,240.0,0.973952863612,0.0375434211881,0.986786464965,0.0192747504736
