,motion_thresh,age_l,age_u,n,med_rsq,CI_95
0,26.0,14.0,17.0,240.0,0.974035723951,0.0301104316838
