,motion_thresh,age_l,age_u,n,med_rsq,CI_95,med_icc,CI_95_icc
0,15.0,6.0,9.0,210.0,0.947388237535,0.0537254682703,0.973331636055,0.0276592020855
