,motion_thresh,age_l,age_u,n,med_rsq,CI_95
0,24.0,11.0,14.0,10.0,0.71722257621,0.381466466082
