,motion_thresh,age_l,age_u,n,med_rsq,CI_95
0,4.0,6.0,9.0,180.0,0.902383484186,0.0544418692197
