,motion_thresh,age_l,age_u,n,med_rsq,CI_95
0,2.0,13.0,16.0,250.0,0.938097154429,0.0577232198146
