,motion_thresh,age_l,age_u,n,med_rsq,CI_95
0,22.0,13.0,16.0,220.0,0.976293112055,0.0235814745415
