,motion_thresh,age_l,age_u,n,med_rsq,CI_95
0,2.0,15.0,18.0,100.0,0.926590735369,0.0282480762582
