,motion_thresh,age_l,age_u,n,med_rsq,CI_95
0,10.0,7.0,10.0,220.0,0.949082772474,0.0463433795883
