,motion_thresh,age_l,age_u,n,med_rsq,CI_95
0,32.0,10.0,13.0,20.0,0.846201498355,0.245904858403
