,motion_thresh,age_l,age_u,n,med_rsq,CI_95
0,38.0,6.0,9.0,70.0,0.949884369917,0.0695138398021
