,motion_thresh,age_l,age_u,n,med_rsq,CI_95
0,22.0,8.0,11.0,300.0,0.966939239126,0.0321681996471
