,motion_thresh,age_l,age_u,n,med_rsq,CI_95
0,50.0,11.0,14.0,170.0,0.980137497343,0.0283732791951
