,motion_thresh,age_l,age_u,n,med_rsq,CI_95
0,12.0,10.0,13.0,120.0,0.972102664348,0.0315100578723
