,motion_thresh,age_l,age_u,n,med_rsq,CI_95
0,40.0,6.0,9.0,90.0,0.948752707978,0.05303721646
