,motion_thresh,age_l,age_u,n,med_rsq,CI_95,med_icc,CI_95_icc
0,40.0,8.0,11.0,30.0,0.908546624338,0.105377759359,0.95502633335,0.047574476441
