,motion_thresh,age_l,age_u,n,med_rsq,CI_95
0,38.0,6.0,9.0,90.0,0.948350592973,0.0598674838956
