,motion_thresh,age_l,age_u,n,med_rsq,CI_95,med_icc,CI_95_icc
0,5.0,11.0,14.0,240.0,0.971762680194,0.0170537517025,0.985927100197,0.00804671501369
