,motion_thresh,age_l,age_u,n,med_rsq,CI_95
0,32.0,13.0,16.0,70.0,0.957185980584,0.058337716631
