,motion_thresh,age_l,age_u,n,med_rsq,CI_95
0,38.0,7.0,10.0,70.0,0.952574437606,0.0793304924365
