,motion_thresh,age_l,age_u,n,med_rsq,CI_95
0,14.0,13.0,16.0,220.0,0.975389382068,0.0264387152113
