,motion_thresh,age_l,age_u,n,med_rsq,CI_95
0,2.0,12.0,15.0,270.0,0.946959864382,0.0281003958763
