,motion_thresh,age_l,age_u,n,med_rsq,CI_95
0,36.0,9.0,12.0,150.0,0.977135645865,0.021977734406
