,motion_thresh,age_l,age_u,n,med_rsq,CI_95
0,34.0,14.0,17.0,70.0,0.955055942475,0.0656705995871
