,motion_thresh,age_l,age_u,n,med_rsq,CI_95
0,2.0,6.0,9.0,30.0,0.859947291514,0.0675240097331
