,motion_thresh,age_l,age_u,n,med_rsq,CI_95
0,50.0,8.0,11.0,160.0,0.973474120037,0.0300761605043
