,motion_thresh,age_l,age_u,n,med_rsq,CI_95
0,6.0,10.0,13.0,20.0,0.857763278572,0.166939072717
