,motion_thresh,age_l,age_u,n,med_rsq,CI_95
0,50.0,15.0,18.0,210.0,0.968941288439,0.0459177733164
