,motion_thresh,age_l,age_u,n,med_rsq,CI_95
0,38.0,14.0,17.0,300.0,0.970940891,0.0520642760726
