,motion_thresh,age_l,age_u,n,med_rsq,CI_95
0,4.0,8.0,11.0,20.0,0.8360797505,0.19166365331
