,motion_thresh,age_l,age_u,n,med_rsq,CI_95
0,42.0,14.0,17.0,80.0,0.961102925111,0.0627009262688
