,motion_thresh,age_l,age_u,n,med_rsq,CI_95,med_icc,CI_95_icc
0,25.0,8.0,11.0,90.0,0.967023112032,0.051101439119,0.983569444368,0.0254102916842
