,motion_thresh,age_l,age_u,n,med_rsq,CI_95,med_icc,CI_95_icc
0,5.0,7.0,10.0,90.0,0.931682755486,0.0705206515895,0.965578784928,0.0345353677522
