,motion_thresh,age_l,age_u,n,med_rsq,CI_95
0,24.0,11.0,14.0,60.0,0.952897082699,0.0556424830716
