,motion_thresh,age_l,age_u,n,med_rsq,CI_95
0,32.0,14.0,17.0,70.0,0.958006876023,0.0459427713989
