,motion_thresh,age_l,age_u,n,med_rsq,CI_95
0,40.0,6.0,9.0,10.0,0.692761165499,0.467200280092
