,motion_thresh,age_l,age_u,n,med_rsq,CI_95
0,22.0,6.0,9.0,80.0,0.943762360443,0.0506918978827
