,motion_thresh,age_l,age_u,n,med_rsq,CI_95
0,20.0,9.0,12.0,220.0,0.973426663035,0.0293581290427
