,motion_thresh,age_l,age_u,n,med_rsq,CI_95
0,34.0,8.0,11.0,240.0,0.974243050355,0.02797487213
