,motion_thresh,age_l,age_u,n,med_rsq,CI_95
0,4.0,7.0,10.0,70.0,0.919973297851,0.0524159422666
