,motion_thresh,age_l,age_u,n,med_rsq,CI_95,med_icc,CI_95_icc
0,30.0,14.0,17.0,90.0,0.969134050412,0.0474420667671,0.984858398272,0.0248538832786
