,motion_thresh,age_l,age_u,n,med_rsq,CI_95
0,44.0,13.0,16.0,40.0,0.923217304954,0.101404196587
