,motion_thresh,age_l,age_u,n,med_rsq,CI_95
0,6.0,11.0,14.0,200.0,0.964463824497,0.0238851719944
