,motion_thresh,age_l,age_u,n,med_rsq,CI_95
0,42.0,14.0,17.0,100.0,0.971196403371,0.0503049226651
