,motion_thresh,age_l,age_u,n,med_rsq,CI_95
0,40.0,11.0,14.0,210.0,0.980270285764,0.0254476613611
