,motion_thresh,age_l,age_u,n,med_rsq,CI_95
0,10.0,11.0,14.0,240.0,0.973302775324,0.0188859494938
