,motion_thresh,age_l,age_u,n,med_rsq,CI_95
0,50.0,7.0,10.0,240.0,0.96779924129,0.0391564775268
