,motion_thresh,age_l,age_u,n,med_rsq,CI_95
0,20.0,12.0,15.0,240.0,0.977889778019,0.018711894441
