,motion_thresh,age_l,age_u,n,med_rsq,CI_95
0,24.0,10.0,13.0,130.0,0.973033406299,0.0442418704728
