,motion_thresh,age_l,age_u,n,med_rsq,CI_95
0,44.0,10.0,13.0,280.0,0.981628193459,0.0291237083948
