,motion_thresh,age_l,age_u,n,med_rsq,CI_95
0,10.0,15.0,18.0,280.0,0.951759937786,0.0571662413701
