,motion_thresh,age_l,age_u,n,med_rsq,CI_95
0,40.0,15.0,18.0,30.0,0.903426273552,0.116112477967
