,motion_thresh,age_l,age_u,n,med_rsq,CI_95
0,46.0,10.0,13.0,100.0,0.968113629458,0.05266619909
