,motion_thresh,age_l,age_u,n,med_rsq,CI_95
0,38.0,13.0,16.0,200.0,0.97393705971,0.0372500366994
