,motion_thresh,age_l,age_u,n,med_rsq,CI_95
0,2.0,6.0,9.0,150.0,0.861756277072,0.069670578502
