,motion_thresh,age_l,age_u,n,med_rsq,CI_95,med_icc,CI_95_icc
0,25.0,13.0,16.0,300.0,0.979033567672,0.0240931229723,0.989513147118,0.0115671309988
