,motion_thresh,age_l,age_u,n,med_rsq,CI_95
0,4.0,11.0,14.0,200.0,0.963086673216,0.0190654405314
