,motion_thresh,age_l,age_u,n,med_rsq,CI_95
0,42.0,7.0,10.0,70.0,0.956066138545,0.0509384761752
