,motion_thresh,age_l,age_u,n,med_rsq,CI_95
0,12.0,14.0,17.0,70.0,0.954990682097,0.0657619217903
