,motion_thresh,age_l,age_u,n,med_rsq,CI_95
0,40.0,15.0,18.0,290.0,0.967572469626,0.0474332884203
