,motion_thresh,age_l,age_u,n,med_rsq,CI_95
0,16.0,12.0,15.0,250.0,0.977976589136,0.0232040197051
