,motion_thresh,age_l,age_u,n,med_rsq,CI_95,med_icc,CI_95_icc
0,45.0,6.0,9.0,180.0,0.956080691719,0.0551013283543,0.978198342382,0.0250421928432
