,motion_thresh,age_l,age_u,n,med_rsq,CI_95
0,4.0,8.0,11.0,240.0,0.930186727573,0.0436727286387
