,motion_thresh,age_l,age_u,n,med_rsq,CI_95
0,34.0,14.0,17.0,140.0,0.974024820346,0.0362928621384
