,motion_thresh,age_l,age_u,n,med_rsq,CI_95,med_icc,CI_95_icc
0,10.0,10.0,13.0,240.0,0.972332215013,0.0241894784653,0.986277320179,0.0120122439774
