,motion_thresh,age_l,age_u,n,med_rsq,CI_95
0,32.0,13.0,16.0,200.0,0.976874119612,0.0282148059961
