,motion_thresh,age_l,age_u,n,med_rsq,CI_95,med_icc,CI_95_icc
0,5.0,15.0,18.0,300.0,0.956979195326,0.0452254789577,0.978336307569,0.0225547127549
