,motion_thresh,age_l,age_u,n,med_rsq,CI_95
0,18.0,9.0,12.0,170.0,0.970321746034,0.0413226194538
