,motion_thresh,age_l,age_u,n,med_rsq,CI_95
0,34.0,11.0,14.0,30.0,0.903293259695,0.108907715536
