,motion_thresh,age_l,age_u,n,med_rsq,CI_95
0,12.0,9.0,12.0,220.0,0.967795263415,0.0226824443947
