,motion_thresh,age_l,age_u,n,med_rsq,CI_95,med_icc,CI_95_icc
0,25.0,7.0,10.0,120.0,0.936649603582,0.170469608964,0.969994894364,0.0744352954781
