,motion_thresh,age_l,age_u,n,med_rsq,CI_95
0,2.0,11.0,14.0,190.0,0.944496803824,0.0293580573961
