,motion_thresh,age_l,age_u,n,med_rsq,CI_95,med_icc,CI_95_icc
0,50.0,11.0,14.0,120.0,0.976533386415,0.034455164224,0.988118199615,0.0165965272736
