,motion_thresh,age_l,age_u,n,med_rsq,CI_95
0,2.0,6.0,9.0,170.0,0.869017775914,0.0394545225094
