,motion_thresh,age_l,age_u,n,med_rsq,CI_95,med_icc,CI_95_icc
0,40.0,8.0,11.0,120.0,0.975986984246,0.032141033669,0.988092559951,0.0168858156696
