,motion_thresh,age_l,age_u,n,med_rsq,CI_95
0,38.0,14.0,17.0,20.0,0.851392979716,0.213976779113
