,motion_thresh,age_l,age_u,n,med_rsq,CI_95
0,6.0,6.0,9.0,200.0,0.898720120812,0.0649312319544
