,motion_thresh,age_l,age_u,n,med_rsq,CI_95
0,24.0,6.0,9.0,70.0,0.943329573403,0.0680367593292
