,motion_thresh,age_l,age_u,n,med_rsq,CI_95
0,40.0,7.0,10.0,260.0,0.965274101604,0.0430883667273
