,motion_thresh,age_l,age_u,n,med_rsq,CI_95
0,4.0,7.0,10.0,180.0,0.925023618429,0.102821526111
