,motion_thresh,age_l,age_u,n,med_rsq,CI_95
0,30.0,9.0,12.0,10.0,0.70950116695,0.428246789823
