,motion_thresh,age_l,age_u,n,med_rsq,CI_95
0,6.0,15.0,18.0,120.0,0.950040155794,0.0398009126663
