,motion_thresh,age_l,age_u,n,med_rsq,CI_95
0,4.0,15.0,18.0,50.0,0.94520483023,0.0361606151953
