,motion_thresh,age_l,age_u,n,med_rsq,CI_95
0,38.0,15.0,18.0,150.0,0.970414496176,0.035951276372
