,motion_thresh,age_l,age_u,n,med_rsq,CI_95
0,42.0,10.0,13.0,170.0,0.97175592337,0.0484783892689
