,motion_thresh,age_l,age_u,n,med_rsq,CI_95,med_icc,CI_95_icc
0,45.0,9.0,12.0,150.0,0.981637606496,0.0227728746509,0.990841321573,0.0114210557181
