,motion_thresh,age_l,age_u,n,med_rsq,CI_95
0,6.0,7.0,10.0,130.0,0.935433639462,0.0337673961264
