,motion_thresh,age_l,age_u,n,med_rsq,CI_95
0,38.0,10.0,13.0,10.0,0.710185897228,0.43196454942
