,motion_thresh,age_l,age_u,n,med_rsq,CI_95
0,6.0,13.0,16.0,110.0,0.966732215722,0.0161941401205
