,motion_thresh,age_l,age_u,n,med_rsq,CI_95
0,26.0,8.0,11.0,280.0,0.971316704638,0.0305529740467
