,motion_thresh,age_l,age_u,n,med_rsq,CI_95
0,42.0,15.0,18.0,60.0,0.950206801032,0.0926265271927
