,motion_thresh,age_l,age_u,n,med_rsq,CI_95
0,24.0,7.0,10.0,300.0,0.932406686235,0.110596132923
