,motion_thresh,age_l,age_u,n,med_rsq,CI_95
0,8.0,7.0,10.0,200.0,0.944287782289,0.0362811029328
