,motion_thresh,age_l,age_u,n,med_rsq,CI_95
0,6.0,7.0,10.0,170.0,0.930379964903,0.0280574402803
