,motion_thresh,age_l,age_u,n,med_rsq,CI_95
0,44.0,10.0,13.0,80.0,0.96218160339,0.0819043741336
