,motion_thresh,age_l,age_u,n,med_rsq,CI_95
0,50.0,9.0,12.0,20.0,0.850555400719,0.23707828204
