,motion_thresh,age_l,age_u,n,med_rsq,CI_95
0,10.0,15.0,18.0,50.0,0.94146335899,0.0736751151453
