,motion_thresh,age_l,age_u,n,med_rsq,CI_95
0,28.0,15.0,18.0,250.0,0.968063008156,0.0524325955932
