,motion_thresh,age_l,age_u,n,med_rsq,CI_95
0,42.0,14.0,17.0,120.0,0.975568613363,0.0265618620867
