,motion_thresh,age_l,age_u,n,med_rsq,CI_95
0,6.0,14.0,17.0,140.0,0.963337211473,0.0244269330318
