,motion_thresh,age_l,age_u,n,med_rsq,CI_95
0,6.0,14.0,17.0,130.0,0.963943613594,0.0309359241814
