,motion_thresh,age_l,age_u,n,med_rsq,CI_95
0,34.0,6.0,9.0,70.0,0.950133019876,0.0536645424731
