,motion_thresh,age_l,age_u,n,med_rsq,CI_95
0,38.0,14.0,17.0,210.0,0.971486817524,0.0395954844366
