,motion_thresh,age_l,age_u,n,med_rsq,CI_95
0,8.0,14.0,17.0,90.0,0.958099743731,0.0612255893691
