,motion_thresh,age_l,age_u,n,med_rsq,CI_95
0,48.0,7.0,10.0,160.0,0.967911340373,0.040212342241
