,motion_thresh,age_l,age_u,n,med_rsq,CI_95
0,6.0,10.0,13.0,130.0,0.95871556542,0.0351348635449
