,motion_thresh,age_l,age_u,n,med_rsq,CI_95
0,28.0,6.0,9.0,60.0,0.945563487313,0.0564470033656
