,motion_thresh,age_l,age_u,n,med_rsq,CI_95,med_icc,CI_95_icc
0,50.0,13.0,16.0,30.0,0.91305104545,0.118468520472,0.956621310262,0.054561465151
