,motion_thresh,age_l,age_u,n,med_rsq,CI_95
0,50.0,12.0,15.0,170.0,0.980365555947,0.0281547586512
