,motion_thresh,age_l,age_u,n,med_rsq,CI_95,med_icc,CI_95_icc
0,30.0,11.0,14.0,120.0,0.977231455623,0.0359004643962,0.988463727899,0.0181630641153
