,motion_thresh,age_l,age_u,n,med_rsq,CI_95
0,22.0,7.0,10.0,290.0,0.96057312869,0.0449267603519
