,motion_thresh,age_l,age_u,n,med_rsq,CI_95
0,48.0,7.0,10.0,230.0,0.967218334407,0.0423894062918
