,motion_thresh,age_l,age_u,n,med_rsq,CI_95
0,18.0,6.0,9.0,80.0,0.943383841837,0.0672954939108
