,motion_thresh,age_l,age_u,n,med_rsq,CI_95
0,46.0,7.0,10.0,240.0,0.965533818762,0.0379504184934
