,motion_thresh,age_l,age_u,n,med_rsq,CI_95
0,44.0,15.0,18.0,90.0,0.966844169737,0.0533779292646
