,motion_thresh,age_l,age_u,n,med_rsq,CI_95
0,36.0,10.0,13.0,50.0,0.940206051286,0.0994967972289
