,motion_thresh,age_l,age_u,n,med_rsq,CI_95
0,6.0,14.0,17.0,300.0,0.963946180214,0.0262453443693
