,motion_thresh,age_l,age_u,n,med_rsq,CI_95,med_icc,CI_95_icc
0,15.0,8.0,11.0,240.0,0.968439338014,0.0455911255188,0.984050993885,0.0238042303764
