,motion_thresh,age_l,age_u,n,med_rsq,CI_95
0,32.0,10.0,13.0,60.0,0.950673236719,0.0728668228337
