,motion_thresh,age_l,age_u,n,med_rsq,CI_95
0,6.0,12.0,15.0,190.0,0.970364656101,0.0321104096531
