,motion_thresh,age_l,age_u,n,med_rsq,CI_95
0,26.0,8.0,11.0,220.0,0.970105101232,0.0406239106935
