,motion_thresh,age_l,age_u,n,med_rsq,CI_95
0,8.0,8.0,11.0,80.0,0.954775168813,0.0300531747041
