,motion_thresh,age_l,age_u,n,med_rsq,CI_95
0,4.0,15.0,18.0,70.0,0.944730686706,0.0671053320801
