,motion_thresh,age_l,age_u,n,med_rsq,CI_95,med_icc,CI_95_icc
0,5.0,12.0,15.0,180.0,0.970750344562,0.0260496047242,0.985593042508,0.0132327931664
