,motion_thresh,age_l,age_u,n,med_rsq,CI_95
0,24.0,15.0,18.0,260.0,0.964409323871,0.0645335459929
