,motion_thresh,age_l,age_u,n,med_rsq,CI_95
0,42.0,8.0,11.0,40.0,0.91909869638,0.133180763472
