,motion_thresh,age_l,age_u,n,med_rsq,CI_95
0,24.0,11.0,14.0,250.0,0.978450287414,0.0306376317424
