,motion_thresh,age_l,age_u,n,med_rsq,CI_95
0,38.0,9.0,12.0,300.0,0.976689052661,0.0225397186414
