,motion_thresh,age_l,age_u,n,med_rsq,CI_95
0,12.0,11.0,14.0,290.0,0.975061896677,0.0228564894487
