,motion_thresh,age_l,age_u,n,med_rsq,CI_95
0,30.0,8.0,11.0,260.0,0.971359113198,0.038287036454
