,motion_thresh,age_l,age_u,n,med_rsq,CI_95
0,4.0,12.0,15.0,180.0,0.941773560065,0.0702578837492
