,motion_thresh,age_l,age_u,n,med_rsq,CI_95
0,30.0,11.0,14.0,290.0,0.979744882747,0.0218886536093
