,motion_thresh,age_l,age_u,n,med_rsq,CI_95
0,38.0,10.0,13.0,170.0,0.979435501582,0.0297301215571
