,motion_thresh,age_l,age_u,n,med_rsq,CI_95
0,30.0,6.0,9.0,40.0,0.924672581694,0.120677163999
