,motion_thresh,age_l,age_u,n,med_rsq,CI_95
0,18.0,11.0,14.0,90.0,0.967143355564,0.0329205254854
