,motion_thresh,age_l,age_u,n,med_rsq,CI_95
0,40.0,12.0,15.0,10.0,0.720961085277,0.342583362314
