,motion_thresh,age_l,age_u,n,med_rsq,CI_95,med_icc,CI_95_icc
0,10.0,13.0,16.0,90.0,0.96971729235,0.0324109025236,0.984857185722,0.0164139373354
