,motion_thresh,age_l,age_u,n,med_rsq,CI_95
0,8.0,10.0,13.0,110.0,0.96666880162,0.0293825284252
