,motion_thresh,age_l,age_u,n,med_rsq,CI_95
0,38.0,9.0,12.0,100.0,0.968655449808,0.0521852751295
