,motion_thresh,age_l,age_u,n,med_rsq,CI_95
0,12.0,10.0,13.0,200.0,0.97200331673,0.0332775781889
