,motion_thresh,age_l,age_u,n,med_rsq,CI_95
0,18.0,15.0,18.0,40.0,0.923264334593,0.084880693261
