,motion_thresh,age_l,age_u,n,med_rsq,CI_95
0,14.0,8.0,11.0,110.0,0.963554822583,0.0317958285864
