,motion_thresh,age_l,age_u,n,med_rsq,CI_95
0,18.0,15.0,18.0,260.0,0.95488977964,0.0969290050347
