,motion_thresh,age_l,age_u,n,med_rsq,CI_95,med_icc,CI_95_icc
0,50.0,13.0,16.0,180.0,0.979902145604,0.0314160276443,0.990040980285,0.0154282870993
