,motion_thresh,age_l,age_u,n,med_rsq,CI_95
0,20.0,9.0,12.0,80.0,0.960974860529,0.0536289497466
