,motion_thresh,age_l,age_u,n,med_rsq,CI_95
0,34.0,10.0,13.0,250.0,0.974383978728,0.0286307948723
