,motion_thresh,age_l,age_u,n,med_rsq,CI_95
0,46.0,12.0,15.0,10.0,0.708186773857,0.477660706317
