,motion_thresh,age_l,age_u,n,med_rsq,CI_95
0,36.0,14.0,17.0,270.0,0.973687581691,0.0281150405071
