,motion_thresh,age_l,age_u,n,med_rsq,CI_95
0,2.0,11.0,14.0,140.0,0.943786922442,0.0277791101146
