,motion_thresh,age_l,age_u,n,med_rsq,CI_95,med_icc,CI_95_icc
0,30.0,8.0,11.0,270.0,0.976536480969,0.0281835955796,0.988409577615,0.0145485913389
