,motion_thresh,age_l,age_u,n,med_rsq,CI_95
0,46.0,6.0,9.0,210.0,0.949679324046,0.066373713282
