,motion_thresh,age_l,age_u,n,med_rsq,CI_95
0,24.0,11.0,14.0,260.0,0.978144619646,0.029988635435
