,motion_thresh,age_l,age_u,n,med_rsq,CI_95
0,26.0,9.0,12.0,80.0,0.960408695535,0.0538166328427
