,motion_thresh,age_l,age_u,n,med_rsq,CI_95
0,18.0,8.0,11.0,40.0,0.919501720159,0.132342633219
