,motion_thresh,age_l,age_u,n,med_rsq,CI_95
0,38.0,9.0,12.0,20.0,0.846021286796,0.307941142925
