,motion_thresh,age_l,age_u,n,med_rsq,CI_95
0,24.0,8.0,11.0,20.0,0.849261823239,0.205214422554
