,motion_thresh,age_l,age_u,n,med_rsq,CI_95
0,6.0,8.0,11.0,120.0,0.942550873302,0.0877313532526
