,motion_thresh,age_l,age_u,n,med_rsq,CI_95
0,22.0,7.0,10.0,120.0,0.960362520565,0.0603861644068
