,motion_thresh,age_l,age_u,n,med_rsq,CI_95
0,24.0,11.0,14.0,270.0,0.978526864251,0.0271815709699
