,motion_thresh,age_l,age_u,n,med_rsq,CI_95
0,16.0,8.0,11.0,170.0,0.963585219045,0.035700637481
