,motion_thresh,age_l,age_u,n,med_rsq,CI_95
0,22.0,12.0,15.0,140.0,0.978723208889,0.0210315108251
