,motion_thresh,age_l,age_u,n,med_rsq,CI_95
0,30.0,14.0,17.0,230.0,0.973884307984,0.0299689270023
