,motion_thresh,age_l,age_u,n,med_rsq,CI_95,med_icc,CI_95_icc
0,30.0,13.0,16.0,270.0,0.979278778375,0.0226064153194,0.989629575657,0.0109663223598
