,motion_thresh,age_l,age_u,n,med_rsq,CI_95
0,30.0,15.0,18.0,110.0,0.969616820415,0.0357111147701
