,motion_thresh,age_l,age_u,n,med_rsq,CI_95
0,20.0,12.0,15.0,190.0,0.979061600322,0.0243884896903
