,motion_thresh,age_l,age_u,n,med_rsq,CI_95
0,28.0,10.0,13.0,20.0,0.841531167228,0.277758484055
