,motion_thresh,age_l,age_u,n,med_rsq,CI_95
0,4.0,7.0,10.0,280.0,0.926310513535,0.0379664448153
