,motion_thresh,age_l,age_u,n,med_rsq,CI_95,med_icc,CI_95_icc
0,30.0,14.0,17.0,120.0,0.976401488654,0.0207619607155,0.988150910387,0.0105863216201
