,motion_thresh,age_l,age_u,n,med_rsq,CI_95,med_icc,CI_95_icc
0,45.0,7.0,10.0,210.0,0.968634254772,0.0348912965423,0.984660473116,0.016876313311
