,motion_thresh,age_l,age_u,n,med_rsq,CI_95,med_icc,CI_95_icc
0,50.0,11.0,14.0,210.0,0.983416646599,0.0228804085509,0.9917052244,0.0111280078133
