,motion_thresh,age_l,age_u,n,med_rsq,CI_95
0,24.0,11.0,14.0,120.0,0.97628303472,0.025126063552
