,motion_thresh,age_l,age_u,n,med_rsq,CI_95,med_icc,CI_95_icc
0,15.0,9.0,12.0,30.0,0.91261155991,0.0873870199963,0.956170041561,0.0413981706359
