,motion_thresh,age_l,age_u,n,med_rsq,CI_95
0,26.0,11.0,14.0,220.0,0.979583693905,0.0176293812396
