,motion_thresh,age_l,age_u,n,med_rsq,CI_95
0,18.0,14.0,17.0,130.0,0.967419692208,0.0487487327691
