,motion_thresh,age_l,age_u,n,med_rsq,CI_95
0,6.0,11.0,14.0,160.0,0.970265867481,0.0191981038268
