,motion_thresh,age_l,age_u,n,med_rsq,CI_95
0,50.0,14.0,17.0,120.0,0.973808510038,0.0279422025065
