,motion_thresh,age_l,age_u,n,med_rsq,CI_95
0,26.0,10.0,13.0,180.0,0.977205227913,0.0413675826923
