,motion_thresh,age_l,age_u,n,med_rsq,CI_95
0,20.0,15.0,18.0,270.0,0.962544158951,0.0616739669803
