,motion_thresh,age_l,age_u,n,med_rsq,CI_95
0,24.0,7.0,10.0,20.0,0.854496778556,0.182344070421
