,motion_thresh,age_l,age_u,n,med_rsq,CI_95
0,32.0,7.0,10.0,300.0,0.963964842686,0.0522763982382
