,motion_thresh,age_l,age_u,n,med_rsq,CI_95
0,32.0,9.0,12.0,170.0,0.975690882777,0.0311924717223
