,motion_thresh,age_l,age_u,n,med_rsq,CI_95
0,14.0,8.0,11.0,150.0,0.963961351929,0.0360264259346
