,motion_thresh,age_l,age_u,n,med_rsq,CI_95,med_icc,CI_95_icc
0,35.0,12.0,15.0,300.0,0.982238880468,0.0233918533432,0.990979428629,0.0119130685335
