,motion_thresh,age_l,age_u,n,med_rsq,CI_95
0,6.0,13.0,16.0,100.0,0.969295350276,0.0147537011904
