,motion_thresh,age_l,age_u,n,med_rsq,CI_95
0,10.0,6.0,9.0,200.0,0.922039916792,0.0770496253739
