,motion_thresh,age_l,age_u,n,med_rsq,CI_95
0,40.0,6.0,9.0,170.0,0.949822437396,0.0631142389721
