,motion_thresh,age_l,age_u,n,med_rsq,CI_95,med_icc,CI_95_icc
0,10.0,10.0,13.0,210.0,0.973184258233,0.017764354709,0.986716706893,0.00882555112036
