,motion_thresh,age_l,age_u,n,med_rsq,CI_95
0,30.0,8.0,11.0,180.0,0.973046393921,0.0192818790438
