,motion_thresh,age_l,age_u,n,med_rsq,CI_95
0,44.0,12.0,15.0,80.0,0.963998132793,0.0429640244707
