,motion_thresh,age_l,age_u,n,med_rsq,CI_95
0,32.0,13.0,16.0,10.0,0.713258055514,0.413221661556
