,motion_thresh,age_l,age_u,n,med_rsq,CI_95
0,6.0,13.0,16.0,40.0,0.925710046878,0.072283352429
