,motion_thresh,age_l,age_u,n,med_rsq,CI_95
0,46.0,14.0,17.0,240.0,0.976229303313,0.0244265804163
