,motion_thresh,age_l,age_u,n,med_rsq,CI_95
0,20.0,9.0,12.0,50.0,0.938007278283,0.0792700945839
