,motion_thresh,age_l,age_u,n,med_rsq,CI_95
0,22.0,12.0,15.0,250.0,0.976578338897,0.0209085106387
