,motion_thresh,age_l,age_u,n,med_rsq,CI_95
0,44.0,15.0,18.0,130.0,0.967893543025,0.0450434917046
