,motion_thresh,age_l,age_u,n,med_rsq,CI_95,med_icc,CI_95_icc
0,40.0,15.0,18.0,180.0,0.972413754286,0.0329998119241,0.986280058149,0.0160820401046
