,motion_thresh,age_l,age_u,n,med_rsq,CI_95
0,30.0,9.0,12.0,90.0,0.966813175987,0.0532139652752
