,motion_thresh,age_l,age_u,n,med_rsq,CI_95
0,30.0,10.0,13.0,200.0,0.977716044363,0.0195486345534
