,motion_thresh,age_l,age_u,n,med_rsq,CI_95
0,10.0,7.0,10.0,230.0,0.949063607381,0.0548887452571
