,motion_thresh,age_l,age_u,n,med_rsq,CI_95
0,48.0,7.0,10.0,210.0,0.964392094833,0.0547405394148
