,motion_thresh,age_l,age_u,n,med_rsq,CI_95
0,30.0,7.0,10.0,220.0,0.965269561503,0.0515839610122
