,motion_thresh,age_l,age_u,n,med_rsq,CI_95
0,32.0,13.0,16.0,290.0,0.977211458615,0.0263442139687
