,motion_thresh,age_l,age_u,n,med_rsq,CI_95
0,18.0,12.0,15.0,170.0,0.975539934486,0.0272291836683
