,motion_thresh,age_l,age_u,n,med_rsq,CI_95
0,20.0,11.0,14.0,260.0,0.978264266666,0.0283570648471
