,motion_thresh,age_l,age_u,n,med_rsq,CI_95
0,36.0,9.0,12.0,20.0,0.853843405048,0.152197074313
