,motion_thresh,age_l,age_u,n,med_rsq,CI_95
0,18.0,13.0,16.0,50.0,0.939629451644,0.0689562456551
