,motion_thresh,age_l,age_u,n,med_rsq,CI_95
0,12.0,15.0,18.0,140.0,0.959146280101,0.0365357850357
