,motion_thresh,age_l,age_u,n,med_rsq,CI_95
0,36.0,9.0,12.0,200.0,0.977464032346,0.0276651568485
