,motion_thresh,age_l,age_u,n,med_rsq,CI_95
0,18.0,7.0,10.0,40.0,0.917857614483,0.138038170122
