,motion_thresh,age_l,age_u,n,med_rsq,CI_95
0,20.0,12.0,15.0,120.0,0.976310946152,0.0325100403152
