,motion_thresh,age_l,age_u,n,med_rsq,CI_95
0,20.0,8.0,11.0,290.0,0.957088506672,0.0570902685393
