,motion_thresh,age_l,age_u,n,med_rsq,CI_95
0,46.0,15.0,18.0,40.0,0.921293307753,0.0969557050089
