,motion_thresh,age_l,age_u,n,med_rsq,CI_95
0,36.0,14.0,17.0,20.0,0.853269321596,0.159676605822
