,motion_thresh,age_l,age_u,n,med_rsq,CI_95
0,26.0,14.0,17.0,200.0,0.973987822925,0.0277921489255
