,motion_thresh,age_l,age_u,n,med_rsq,CI_95
0,32.0,14.0,17.0,80.0,0.95986347662,0.0671489216065
