,motion_thresh,age_l,age_u,n,med_rsq,CI_95
0,26.0,9.0,12.0,280.0,0.976196958608,0.0233030036038
