,motion_thresh,age_l,age_u,n,med_rsq,CI_95,med_icc,CI_95_icc
0,15.0,9.0,12.0,300.0,0.972097498433,0.0440522265541,0.985783520098,0.0232073786223
