,motion_thresh,age_l,age_u,n,med_rsq,CI_95
0,38.0,8.0,11.0,60.0,0.946213221576,0.0628594219292
