,motion_thresh,age_l,age_u,n,med_rsq,CI_95
0,14.0,11.0,14.0,250.0,0.975588522445,0.0197572575531
