,motion_thresh,age_l,age_u,n,med_rsq,CI_95
0,24.0,14.0,17.0,200.0,0.965991825596,0.0809194241348
