,motion_thresh,age_l,age_u,n,med_rsq,CI_95
0,8.0,8.0,11.0,110.0,0.954295508788,0.040874814599
