,motion_thresh,age_l,age_u,n,med_rsq,CI_95
0,14.0,13.0,16.0,290.0,0.975078844253,0.0194792103864
