,motion_thresh,age_l,age_u,n,med_rsq,CI_95
0,22.0,10.0,13.0,260.0,0.976830510516,0.0272406271176
