,motion_thresh,age_l,age_u,n,med_rsq,CI_95
0,16.0,9.0,12.0,190.0,0.961427864144,0.0591458722087
