,motion_thresh,age_l,age_u,n,med_rsq,CI_95
0,26.0,7.0,10.0,20.0,0.855351619105,0.162031285215
