,motion_thresh,age_l,age_u,n,med_rsq,CI_95
0,42.0,8.0,11.0,140.0,0.974388310927,0.0232131791981
