,motion_thresh,age_l,age_u,n,med_rsq,CI_95
0,18.0,9.0,12.0,80.0,0.963253110041,0.054388539442
