,motion_thresh,age_l,age_u,n,med_rsq,CI_95
0,6.0,8.0,11.0,180.0,0.94876001135,0.0170878278867
