,motion_thresh,age_l,age_u,n,med_rsq,CI_95
0,46.0,11.0,14.0,150.0,0.978943387521,0.0293198921384
