,motion_thresh,age_l,age_u,n,med_rsq,CI_95
0,24.0,8.0,11.0,300.0,0.965510820741,0.0489140925807
