,motion_thresh,age_l,age_u,n,med_rsq,CI_95
0,14.0,6.0,9.0,50.0,0.93330282561,0.0900873132805
