,motion_thresh,age_l,age_u,n,med_rsq,CI_95
0,38.0,10.0,13.0,70.0,0.954921654732,0.059099641456
