,motion_thresh,age_l,age_u,n,med_rsq,CI_95
0,44.0,13.0,16.0,270.0,0.9778567306,0.0250762065178
