,motion_thresh,age_l,age_u,n,med_rsq,CI_95
0,44.0,8.0,11.0,230.0,0.975404899778,0.0333055091321
