,motion_thresh,age_l,age_u,n,med_rsq,CI_95
0,2.0,11.0,14.0,150.0,0.945608019468,0.0278737299397
