,motion_thresh,age_l,age_u,n,med_rsq,CI_95,med_icc,CI_95_icc
0,45.0,11.0,14.0,120.0,0.978260311211,0.0351457714791,0.989140071849,0.0167654097933
