,motion_thresh,age_l,age_u,n,med_rsq,CI_95
0,14.0,11.0,14.0,60.0,0.951197628534,0.0489750742319
