,motion_thresh,age_l,age_u,n,med_rsq,CI_95
0,36.0,6.0,9.0,250.0,0.947398645659,0.0566581053998
