,motion_thresh,age_l,age_u,n,med_rsq,CI_95
0,26.0,14.0,17.0,270.0,0.973774114387,0.0362345692748
