,motion_thresh,age_l,age_u,n,med_rsq,CI_95
0,24.0,11.0,14.0,100.0,0.97100402127,0.0308933456624
