,motion_thresh,age_l,age_u,n,med_rsq,CI_95
0,10.0,14.0,17.0,70.0,0.957266414276,0.0662470825597
