,motion_thresh,age_l,age_u,n,med_rsq,CI_95
0,36.0,7.0,10.0,170.0,0.961181068103,0.0404368337701
