,motion_thresh,age_l,age_u,n,med_rsq,CI_95
0,38.0,12.0,15.0,10.0,0.728301384009,0.382037508633
