,motion_thresh,age_l,age_u,n,med_rsq,CI_95
0,44.0,11.0,14.0,210.0,0.980969255371,0.0194071367282
