,motion_thresh,age_l,age_u,n,med_rsq,CI_95
0,38.0,6.0,9.0,120.0,0.951528467413,0.0643987419836
