,motion_thresh,age_l,age_u,n,med_rsq,CI_95,med_icc,CI_95_icc
0,30.0,11.0,14.0,90.0,0.970530441992,0.0489689141264,0.985398083233,0.0234644821446
