,motion_thresh,age_l,age_u,n,med_rsq,CI_95
0,36.0,15.0,18.0,180.0,0.967831060211,0.0485611773983
