,motion_thresh,age_l,age_u,n,med_rsq,CI_95
0,18.0,10.0,13.0,270.0,0.972680973763,0.0293096203097
