,motion_thresh,age_l,age_u,n,med_rsq,CI_95
0,12.0,15.0,18.0,50.0,0.937801544633,0.07230153267
