,motion_thresh,age_l,age_u,n,med_rsq,CI_95
0,14.0,8.0,11.0,240.0,0.963241838159,0.0331553549306
