,motion_thresh,age_l,age_u,n,med_rsq,CI_95
0,16.0,9.0,12.0,120.0,0.959441045743,0.0559036902722
