,motion_thresh,age_l,age_u,n,med_rsq,CI_95
0,50.0,6.0,9.0,150.0,0.951457121711,0.0505661127126
