,motion_thresh,age_l,age_u,n,med_rsq,CI_95
0,36.0,10.0,13.0,40.0,0.922382095412,0.134247616382
