,motion_thresh,age_l,age_u,n,med_rsq,CI_95,med_icc,CI_95_icc
0,5.0,12.0,15.0,210.0,0.970823758709,0.0255533117188,0.985467809742,0.0126073524448
