,motion_thresh,age_l,age_u,n,med_rsq,CI_95
0,48.0,14.0,17.0,90.0,0.96607467087,0.0600827624699
