,motion_thresh,age_l,age_u,n,med_rsq,CI_95
0,10.0,7.0,10.0,70.0,0.948463714132,0.0402920119572
