,motion_thresh,age_l,age_u,n,med_rsq,CI_95
0,44.0,10.0,13.0,110.0,0.972760303609,0.0388247879003
