,motion_thresh,age_l,age_u,n,med_rsq,CI_95,med_icc,CI_95_icc
0,25.0,14.0,17.0,60.0,0.956923460521,0.0558920847332,0.978566068391,0.0266900738305
