,motion_thresh,age_l,age_u,n,med_rsq,CI_95,med_icc,CI_95_icc
0,30.0,7.0,10.0,270.0,0.968365006721,0.0586823569887,0.984175324995,0.0264240488432
