,motion_thresh,age_l,age_u,n,med_rsq,CI_95
0,44.0,11.0,14.0,160.0,0.981028922987,0.0244690074336
