,motion_thresh,age_l,age_u,n,med_rsq,CI_95
0,38.0,7.0,10.0,180.0,0.964272912318,0.0335608697975
