,motion_thresh,age_l,age_u,n,med_rsq,CI_95,med_icc,CI_95_icc
0,5.0,13.0,16.0,30.0,0.913624555422,0.0969708395694,0.957296641974,0.0463749436772
