,motion_thresh,age_l,age_u,n,med_rsq,CI_95
0,2.0,14.0,17.0,90.0,0.946643167607,0.0399944573949
