,motion_thresh,age_l,age_u,n,med_rsq,CI_95
0,30.0,13.0,16.0,260.0,0.976737021975,0.0229209003742
