,motion_thresh,age_l,age_u,n,med_rsq,CI_95
0,40.0,12.0,15.0,230.0,0.979916321799,0.0386039502263
