,motion_thresh,age_l,age_u,n,med_rsq,CI_95
0,34.0,12.0,15.0,120.0,0.974463765793,0.0342988624986
