,motion_thresh,age_l,age_u,n,med_rsq,CI_95
0,24.0,7.0,10.0,90.0,0.926801065156,0.138642432822
