,motion_thresh,age_l,age_u,n,med_rsq,CI_95
0,28.0,9.0,12.0,150.0,0.975027656554,0.0293868112782
