,motion_thresh,age_l,age_u,n,med_rsq,CI_95
0,32.0,10.0,13.0,120.0,0.974200245817,0.0390910344319
