,motion_thresh,age_l,age_u,n,med_rsq,CI_95
0,28.0,7.0,10.0,50.0,0.934767163401,0.109587928716
