,motion_thresh,age_l,age_u,n,med_rsq,CI_95,med_icc,CI_95_icc
0,40.0,10.0,13.0,60.0,0.956637438362,0.0669427097316,0.978274218212,0.0306724109388
