,motion_thresh,age_l,age_u,n,med_rsq,CI_95,med_icc,CI_95_icc
0,45.0,9.0,12.0,30.0,0.911671258645,0.11828384032,0.956086495678,0.0570214915084
