,motion_thresh,age_l,age_u,n,med_rsq,CI_95
0,18.0,13.0,16.0,300.0,0.97307164651,0.0266746517467
