,motion_thresh,age_l,age_u,n,med_rsq,CI_95
0,40.0,6.0,9.0,150.0,0.95131347085,0.0611528548863
