,motion_thresh,age_l,age_u,n,med_rsq,CI_95
0,4.0,8.0,11.0,270.0,0.927114835381,0.0676150730879
