,motion_thresh,age_l,age_u,n,med_rsq,CI_95,med_icc,CI_95_icc
0,45.0,15.0,18.0,270.0,0.973363181102,0.0410492302896,0.98658970978,0.0211138026225
