,motion_thresh,age_l,age_u,n,med_rsq,CI_95
0,30.0,8.0,11.0,270.0,0.972551272054,0.0309062262889
