,motion_thresh,age_l,age_u,n,med_rsq,CI_95
0,48.0,14.0,17.0,100.0,0.968527436512,0.0469067338058
