,motion_thresh,age_l,age_u,n,med_rsq,CI_95,med_icc,CI_95_icc
0,15.0,9.0,12.0,210.0,0.97212304695,0.0326214503193,0.98580513998,0.0173179016384
