,motion_thresh,age_l,age_u,n,med_rsq,CI_95
0,26.0,7.0,10.0,10.0,0.71030171676,0.456283574696
