,motion_thresh,age_l,age_u,n,med_rsq,CI_95
0,8.0,14.0,17.0,50.0,0.939867562783,0.0685746131015
