,motion_thresh,age_l,age_u,n,med_rsq,CI_95
0,2.0,11.0,14.0,250.0,0.945665704915,0.0198729225898
