,motion_thresh,age_l,age_u,n,med_rsq,CI_95,med_icc,CI_95_icc
0,30.0,14.0,17.0,150.0,0.975474011294,0.0280155935079,0.987649419092,0.0136219332168
