,motion_thresh,age_l,age_u,n,med_rsq,CI_95
0,16.0,14.0,17.0,250.0,0.968393071024,0.025510791627
