,motion_thresh,age_l,age_u,n,med_rsq,CI_95,med_icc,CI_95_icc
0,45.0,15.0,18.0,90.0,0.971444155319,0.0425002328899,0.985772755829,0.0207286866819
