,motion_thresh,age_l,age_u,n,med_rsq,CI_95
0,6.0,11.0,14.0,190.0,0.96968373014,0.0169127731057
