,motion_thresh,age_l,age_u,n,med_rsq,CI_95
0,20.0,10.0,13.0,20.0,0.848327931321,0.20277973931
