,motion_thresh,age_l,age_u,n,med_rsq,CI_95
0,4.0,8.0,11.0,280.0,0.933411701509,0.0633170384664
