,motion_thresh,age_l,age_u,n,med_rsq,CI_95
0,30.0,8.0,11.0,50.0,0.939016107112,0.057878763124
