,motion_thresh,age_l,age_u,n,med_rsq,CI_95
0,4.0,9.0,12.0,170.0,0.943805724834,0.0419027628181
