,motion_thresh,age_l,age_u,n,med_rsq,CI_95
0,20.0,8.0,11.0,300.0,0.961536497284,0.0633009816421
