,motion_thresh,age_l,age_u,n,med_rsq,CI_95
0,44.0,7.0,10.0,170.0,0.965921301037,0.0444490803474
