,motion_thresh,age_l,age_u,n,med_rsq,CI_95
0,2.0,15.0,18.0,30.0,0.886800727153,0.0535993657285
