,motion_thresh,age_l,age_u,n,med_rsq,CI_95
0,24.0,10.0,13.0,300.0,0.974132903311,0.0449248219677
