,motion_thresh,age_l,age_u,n,med_rsq,CI_95
0,32.0,11.0,14.0,100.0,0.969695464157,0.0363097955566
