,motion_thresh,age_l,age_u,n,med_rsq,CI_95
0,14.0,14.0,17.0,180.0,0.965609125413,0.048277352917
