,motion_thresh,age_l,age_u,n,med_rsq,CI_95
0,24.0,8.0,11.0,110.0,0.967984298261,0.0495637970795
