,motion_thresh,age_l,age_u,n,med_rsq,CI_95
0,12.0,15.0,18.0,90.0,0.958135828061,0.0318898445154
