,motion_thresh,age_l,age_u,n,med_rsq,CI_95
0,2.0,12.0,15.0,290.0,0.947994967213,0.0238702561571
