,motion_thresh,age_l,age_u,n,med_rsq,CI_95,med_icc,CI_95_icc
0,20.0,13.0,16.0,240.0,0.979319504705,0.0190382130648,0.989615625004,0.0100347617843
