,motion_thresh,age_l,age_u,n,med_rsq,CI_95
0,6.0,9.0,12.0,70.0,0.952090363486,0.0408452254601
