,motion_thresh,age_l,age_u,n,med_rsq,CI_95
0,44.0,15.0,18.0,270.0,0.968551220244,0.0487517736876
