,motion_thresh,age_l,age_u,n,med_rsq,CI_95
0,44.0,11.0,14.0,230.0,0.979967939076,0.015885755184
