,motion_thresh,age_l,age_u,n,med_rsq,CI_95
0,46.0,6.0,9.0,260.0,0.949102251496,0.0556588774638
