,motion_thresh,age_l,age_u,n,med_rsq,CI_95
0,28.0,9.0,12.0,120.0,0.973746502615,0.0371346894329
