,motion_thresh,age_l,age_u,n,med_rsq,CI_95
0,10.0,12.0,15.0,120.0,0.9739993475,0.021913211442
