,motion_thresh,age_l,age_u,n,med_rsq,CI_95
0,4.0,8.0,11.0,40.0,0.92793492117,0.0646790112133
