,motion_thresh,age_l,age_u,n,med_rsq,CI_95
0,32.0,6.0,9.0,70.0,0.945607533938,0.0581811210911
