,motion_thresh,age_l,age_u,n,med_rsq,CI_95
0,4.0,10.0,13.0,70.0,0.953523078514,0.0500263925819
