,motion_thresh,age_l,age_u,n,med_rsq,CI_95
0,24.0,15.0,18.0,160.0,0.965140387003,0.0651222940583
