,motion_thresh,age_l,age_u,n,med_rsq,CI_95,med_icc,CI_95_icc
0,30.0,15.0,18.0,240.0,0.970526151804,0.0425938762122,0.985293540888,0.02213744437
