,motion_thresh,age_l,age_u,n,med_rsq,CI_95
0,16.0,7.0,10.0,130.0,0.945599437125,0.0814598699881
