,motion_thresh,age_l,age_u,n,med_rsq,CI_95
0,18.0,8.0,11.0,250.0,0.964756180738,0.0497861204657
