,motion_thresh,age_l,age_u,n,med_rsq,CI_95
0,28.0,8.0,11.0,290.0,0.969133245123,0.0351458907347
