,motion_thresh,age_l,age_u,n,med_rsq,CI_95
0,8.0,10.0,13.0,280.0,0.967449953037,0.0238258007239
