,motion_thresh,age_l,age_u,n,med_rsq,CI_95
0,4.0,15.0,18.0,220.0,0.943781833294,0.0457924972705
