,motion_thresh,age_l,age_u,n,med_rsq,CI_95
0,44.0,11.0,14.0,10.0,0.719029347303,0.470543380581
