,motion_thresh,age_l,age_u,n,med_rsq,CI_95
0,20.0,10.0,13.0,220.0,0.972177188826,0.0263403855291
