,motion_thresh,age_l,age_u,n,med_rsq,CI_95
0,8.0,11.0,14.0,210.0,0.969671619837,0.0271548103088
