,motion_thresh,age_l,age_u,n,med_rsq,CI_95
0,8.0,14.0,17.0,170.0,0.960013779673,0.0524497158346
