,motion_thresh,age_l,age_u,n,med_rsq,CI_95
0,30.0,8.0,11.0,240.0,0.972687361666,0.0316328830934
