,motion_thresh,age_l,age_u,n,med_rsq,CI_95
0,34.0,9.0,12.0,220.0,0.976522382467,0.0191368389245
