,motion_thresh,age_l,age_u,n,med_rsq,CI_95
0,4.0,15.0,18.0,160.0,0.939861705946,0.0532240203244
