,motion_thresh,age_l,age_u,n,med_rsq,CI_95
0,42.0,9.0,12.0,10.0,0.714912076476,0.47827185373
