,motion_thresh,age_l,age_u,n,med_rsq,CI_95,med_icc,CI_95_icc
0,45.0,8.0,11.0,60.0,0.952633400044,0.0815663881865,0.977020709818,0.0420467893554
