,motion_thresh,age_l,age_u,n,med_rsq,CI_95
0,22.0,12.0,15.0,260.0,0.978230619466,0.0304109166346
