,motion_thresh,age_l,age_u,n,med_rsq,CI_95
0,2.0,7.0,10.0,240.0,0.847569612247,0.102385512224
