,motion_thresh,age_l,age_u,n,med_rsq,CI_95
0,26.0,7.0,10.0,80.0,0.957166520677,0.0912796508289
