,motion_thresh,age_l,age_u,n,med_rsq,CI_95,med_icc,CI_95_icc
0,5.0,8.0,11.0,210.0,0.95136550436,0.0360566859037,0.975803999852,0.0190050159432
