,motion_thresh,age_l,age_u,n,med_rsq,CI_95
0,12.0,14.0,17.0,30.0,0.903844020364,0.100863289503
