,motion_thresh,age_l,age_u,n,med_rsq,CI_95
0,4.0,7.0,10.0,240.0,0.912495494202,0.0419071727228
