,motion_thresh,age_l,age_u,n,med_rsq,CI_95,med_icc,CI_95_icc
0,25.0,8.0,11.0,120.0,0.971036591071,0.0460604841036,0.985724328244,0.0216183296703
