,motion_thresh,age_l,age_u,n,med_rsq,CI_95
0,30.0,6.0,9.0,190.0,0.946247540188,0.0612092218119
