,motion_thresh,age_l,age_u,n,med_rsq,CI_95
0,2.0,11.0,14.0,130.0,0.949380776951,0.0154006798145
