,motion_thresh,age_l,age_u,n,med_rsq,CI_95
0,48.0,7.0,10.0,70.0,0.954914686181,0.0705801358242
