,motion_thresh,age_l,age_u,n,med_rsq,CI_95
0,10.0,10.0,13.0,130.0,0.970210674166,0.0172938608177
