,motion_thresh,age_l,age_u,n,med_rsq,CI_95,med_icc,CI_95_icc
0,10.0,8.0,11.0,120.0,0.963840229731,0.0260397569314,0.981767533005,0.0126366997871
