,motion_thresh,age_l,age_u,n,med_rsq,CI_95
0,30.0,15.0,18.0,180.0,0.967738086055,0.045132279169
