,motion_thresh,age_l,age_u,n,med_rsq,CI_95
0,50.0,9.0,12.0,290.0,0.979198966922,0.0231066068068
