,motion_thresh,age_l,age_u,n,med_rsq,CI_95
0,6.0,10.0,13.0,110.0,0.959954713717,0.0380636850071
