,motion_thresh,age_l,age_u,n,med_rsq,CI_95
0,22.0,7.0,10.0,70.0,0.954698781847,0.0666092628311
