,motion_thresh,age_l,age_u,n,med_rsq,CI_95
0,4.0,15.0,18.0,120.0,0.937871402727,0.0645489713202
