,motion_thresh,age_l,age_u,n,med_rsq,CI_95
0,22.0,9.0,12.0,260.0,0.971258068341,0.0596282958063
