,motion_thresh,age_l,age_u,n,med_rsq,CI_95
0,22.0,10.0,13.0,170.0,0.973867474108,0.0399359313673
