,motion_thresh,age_l,age_u,n,med_rsq,CI_95
0,28.0,9.0,12.0,70.0,0.954997598934,0.0576212381351
