,motion_thresh,age_l,age_u,n,med_rsq,CI_95
0,32.0,9.0,12.0,40.0,0.921777700726,0.119342156508
