,motion_thresh,age_l,age_u,n,med_rsq,CI_95
0,26.0,12.0,15.0,240.0,0.97859608756,0.0206719146767
