,motion_thresh,age_l,age_u,n,med_rsq,CI_95,med_icc,CI_95_icc
0,25.0,6.0,9.0,120.0,0.952690930463,0.0700784022949,0.97606672162,0.036900410404
