,motion_thresh,age_l,age_u,n,med_rsq,CI_95
0,18.0,12.0,15.0,230.0,0.974986937585,0.0284515160913
