,motion_thresh,age_l,age_u,n,med_rsq,CI_95
0,32.0,7.0,10.0,110.0,0.964937031174,0.0699916532855
