,motion_thresh,age_l,age_u,n,med_rsq,CI_95
0,6.0,9.0,12.0,270.0,0.951660513114,0.0277137811262
