,motion_thresh,age_l,age_u,n,med_rsq,CI_95
0,28.0,13.0,16.0,160.0,0.975955644421,0.0302399174245
