,motion_thresh,age_l,age_u,n,med_rsq,CI_95
0,46.0,9.0,12.0,10.0,0.705322447116,0.400791524948
