,motion_thresh,age_l,age_u,n,med_rsq,CI_95
0,20.0,12.0,15.0,270.0,0.977918718597,0.0180685114145
