,motion_thresh,age_l,age_u,n,med_rsq,CI_95
0,44.0,10.0,13.0,160.0,0.980560399236,0.0272628925033
