,motion_thresh,age_l,age_u,n,med_rsq,CI_95
0,2.0,12.0,15.0,300.0,0.945727143752,0.031355053378
