,motion_thresh,age_l,age_u,n,med_rsq,CI_95
0,50.0,10.0,13.0,210.0,0.976565410815,0.0444336984129
