,motion_thresh,age_l,age_u,n,med_rsq,CI_95,med_icc,CI_95_icc
0,20.0,7.0,10.0,90.0,0.968347086847,0.0386554540357,0.984009479073,0.0190472941279
