,motion_thresh,age_l,age_u,n,med_rsq,CI_95
0,6.0,8.0,11.0,200.0,0.947168961879,0.0155916908637
