,motion_thresh,age_l,age_u,n,med_rsq,CI_95
0,16.0,6.0,9.0,100.0,0.943397119925,0.0561371760351
