,motion_thresh,age_l,age_u,n,med_rsq,CI_95
0,4.0,10.0,13.0,290.0,0.955875436776,0.0299833628491
