,motion_thresh,age_l,age_u,n,med_rsq,CI_95
0,8.0,9.0,12.0,150.0,0.955263628569,0.0462691856134
