,motion_thresh,age_l,age_u,n,med_rsq,CI_95
0,4.0,10.0,13.0,210.0,0.954450547281,0.0472724561901
