,motion_thresh,age_l,age_u,n,med_rsq,CI_95,med_icc,CI_95_icc
0,25.0,6.0,9.0,300.0,0.953060855774,0.0832805620602,0.976350974883,0.043634163253
