,motion_thresh,age_l,age_u,n,med_rsq,CI_95
0,38.0,12.0,15.0,270.0,0.980256213644,0.0232668064156
