,motion_thresh,age_l,age_u,n,med_rsq,CI_95
0,26.0,8.0,11.0,90.0,0.964652652028,0.0616496774926
