,motion_thresh,age_l,age_u,n,med_rsq,CI_95
0,14.0,7.0,10.0,280.0,0.95472248445,0.0871129166409
