,motion_thresh,age_l,age_u,n,med_rsq,CI_95
0,12.0,14.0,17.0,250.0,0.967380480726,0.0316985392207
