,motion_thresh,age_l,age_u,n,med_rsq,CI_95,med_icc,CI_95_icc
0,5.0,7.0,10.0,150.0,0.930991526818,0.0467271158112,0.96524319478,0.0235361726209
