,motion_thresh,age_l,age_u,n,med_rsq,CI_95
0,36.0,10.0,13.0,190.0,0.980100827311,0.0199024209867
