,motion_thresh,age_l,age_u,n,med_rsq,CI_95
0,8.0,13.0,16.0,230.0,0.969905559215,0.0191089799103
