,motion_thresh,age_l,age_u,n,med_rsq,CI_95
0,6.0,7.0,10.0,70.0,0.928504728734,0.0414080567136
