,motion_thresh,age_l,age_u,n,med_rsq,CI_95
0,6.0,7.0,10.0,10.0,0.712343002413,0.398161678772
