,motion_thresh,age_l,age_u,n,med_rsq,CI_95
0,28.0,12.0,15.0,60.0,0.947441050395,0.0725653500844
