,motion_thresh,age_l,age_u,n,med_rsq,CI_95,med_icc,CI_95_icc
0,50.0,15.0,18.0,300.0,0.972131578134,0.0500868408411,0.985965718512,0.0253103221382
