,motion_thresh,age_l,age_u,n,med_rsq,CI_95
0,42.0,11.0,14.0,60.0,0.950368074837,0.058778380082
