,motion_thresh,age_l,age_u,n,med_rsq,CI_95
0,28.0,12.0,15.0,100.0,0.97110134243,0.03816458503
