,motion_thresh,age_l,age_u,n,med_rsq,CI_95
0,46.0,15.0,18.0,220.0,0.96563803599,0.0430271290386
