,motion_thresh,age_l,age_u,n,med_rsq,CI_95
0,44.0,9.0,12.0,70.0,0.955717185393,0.0588870749324
