,motion_thresh,age_l,age_u,n,med_rsq,CI_95
0,48.0,13.0,16.0,30.0,0.895039980655,0.128289551559
