,motion_thresh,age_l,age_u,n,med_rsq,CI_95
0,24.0,9.0,12.0,50.0,0.941547164761,0.0823198574452
