,motion_thresh,age_l,age_u,n,med_rsq,CI_95
0,24.0,10.0,13.0,250.0,0.971486859357,0.0435802300681
