,motion_thresh,age_l,age_u,n,med_rsq,CI_95
0,2.0,6.0,9.0,140.0,0.872455488469,0.0924877270064
