,motion_thresh,age_l,age_u,n,med_rsq,CI_95
0,38.0,7.0,10.0,60.0,0.946943652516,0.0969959163381
