,motion_thresh,age_l,age_u,n,med_rsq,CI_95
0,2.0,11.0,14.0,290.0,0.943652023538,0.017776849437
