,motion_thresh,age_l,age_u,n,med_rsq,CI_95,med_icc,CI_95_icc
0,15.0,8.0,11.0,90.0,0.968339162304,0.0384660676085,0.983756316764,0.0197782002768
