,motion_thresh,age_l,age_u,n,med_rsq,CI_95
0,26.0,14.0,17.0,50.0,0.940934809519,0.0921000363432
