,motion_thresh,age_l,age_u,n,med_rsq,CI_95
0,36.0,8.0,11.0,210.0,0.975386169442,0.0233024873536
