,motion_thresh,age_l,age_u,n,med_rsq,CI_95,med_icc,CI_95_icc
0,10.0,11.0,14.0,60.0,0.957700071686,0.0477249632642,0.978989014806,0.0231730371893
