,motion_thresh,age_l,age_u,n,med_rsq,CI_95
0,6.0,12.0,15.0,170.0,0.966147838483,0.0402054830129
