,motion_thresh,age_l,age_u,n,med_rsq,CI_95
0,14.0,7.0,10.0,40.0,0.919234148249,0.133418065029
