,motion_thresh,age_l,age_u,n,med_rsq,CI_95
0,22.0,6.0,9.0,10.0,0.713122832362,0.286637631115
