,motion_thresh,age_l,age_u,n,med_rsq,CI_95
0,40.0,10.0,13.0,140.0,0.9799464698,0.0328026832326
