,motion_thresh,age_l,age_u,n,med_rsq,CI_95
0,28.0,15.0,18.0,270.0,0.968441640101,0.0330193870645
