,motion_thresh,age_l,age_u,n,med_rsq,CI_95
0,26.0,11.0,14.0,250.0,0.978615259643,0.0214081642264
