,motion_thresh,age_l,age_u,n,med_rsq,CI_95
0,14.0,6.0,9.0,130.0,0.931638234577,0.0972622749399
