,motion_thresh,age_l,age_u,n,med_rsq,CI_95
0,46.0,11.0,14.0,40.0,0.923031547492,0.0779469553673
