,motion_thresh,age_l,age_u,n,med_rsq,CI_95
0,48.0,9.0,12.0,160.0,0.978833572748,0.0306548137083
