,motion_thresh,age_l,age_u,n,med_rsq,CI_95,med_icc,CI_95_icc
0,5.0,9.0,12.0,270.0,0.956532770768,0.0467504678453,0.978120913666,0.0224416290891
