,motion_thresh,age_l,age_u,n,med_rsq,CI_95
0,36.0,10.0,13.0,20.0,0.846747074571,0.234096519694
