,motion_thresh,age_l,age_u,n,med_rsq,CI_95
0,40.0,9.0,12.0,220.0,0.977036859516,0.0394390586173
