,motion_thresh,age_l,age_u,n,med_rsq,CI_95
0,32.0,12.0,15.0,290.0,0.976832731723,0.0290944707695
