,motion_thresh,age_l,age_u,n,med_rsq,CI_95
0,18.0,12.0,15.0,70.0,0.957257139983,0.0458967043538
