,motion_thresh,age_l,age_u,n,med_rsq,CI_95
0,48.0,7.0,10.0,220.0,0.967718448172,0.0474366122009
