,motion_thresh,age_l,age_u,n,med_rsq,CI_95
0,2.0,14.0,17.0,210.0,0.944783855524,0.0341114040757
