,motion_thresh,age_l,age_u,n,med_rsq,CI_95
0,30.0,12.0,15.0,220.0,0.978921881439,0.037104748515
