,motion_thresh,age_l,age_u,n,med_rsq,CI_95
0,32.0,11.0,14.0,170.0,0.979577204523,0.0210973206655
