,motion_thresh,age_l,age_u,n,med_rsq,CI_95
0,26.0,13.0,16.0,30.0,0.900097056766,0.138419623177
