,motion_thresh,age_l,age_u,n,med_rsq,CI_95,med_icc,CI_95_icc
0,20.0,12.0,15.0,240.0,0.980651855902,0.0158619639367,0.990194888678,0.00792402991783
