,motion_thresh,age_l,age_u,n,med_rsq,CI_95
0,2.0,13.0,16.0,230.0,0.938140587729,0.0638785416235
