,motion_thresh,age_l,age_u,n,med_rsq,CI_95
0,46.0,6.0,9.0,220.0,0.951776037742,0.0608949376253
