,motion_thresh,age_l,age_u,n,med_rsq,CI_95
0,2.0,7.0,10.0,100.0,0.87968960156,0.135757087831
