,motion_thresh,age_l,age_u,n,med_rsq,CI_95
0,42.0,15.0,18.0,250.0,0.968625128378,0.0449550845705
