,motion_thresh,age_l,age_u,n,med_rsq,CI_95
0,42.0,14.0,17.0,110.0,0.971755171624,0.040916548216
