,motion_thresh,age_l,age_u,n,med_rsq,CI_95
0,50.0,8.0,11.0,60.0,0.947012195185,0.0820782949095
