,motion_thresh,age_l,age_u,n,med_rsq,CI_95
0,40.0,7.0,10.0,190.0,0.964168736315,0.033180513094
