,motion_thresh,age_l,age_u,n,med_rsq,CI_95
0,46.0,7.0,10.0,220.0,0.965345566498,0.0305285126573
