,motion_thresh,age_l,age_u,n,med_rsq,CI_95
0,18.0,12.0,15.0,260.0,0.975581407479,0.0299905223389
