,motion_thresh,age_l,age_u,n,med_rsq,CI_95
0,4.0,12.0,15.0,140.0,0.937806860132,0.0811186541951
