,motion_thresh,age_l,age_u,n,med_rsq,CI_95
0,42.0,10.0,13.0,60.0,0.950893099063,0.0740970730287
