,motion_thresh,age_l,age_u,n,med_rsq,CI_95
0,8.0,15.0,18.0,90.0,0.952761638356,0.0580622620356
