,motion_thresh,age_l,age_u,n,med_rsq,CI_95
0,30.0,11.0,14.0,240.0,0.979315849385,0.0285621993615
