,motion_thresh,age_l,age_u,n,med_rsq,CI_95
0,20.0,12.0,15.0,160.0,0.978619749858,0.0163994950789
