,motion_thresh,age_l,age_u,n,med_rsq,CI_95
0,36.0,15.0,18.0,10.0,0.714553129241,0.356413544853
