,motion_thresh,age_l,age_u,n,med_rsq,CI_95
0,10.0,12.0,15.0,170.0,0.973971828025,0.0214790359198
