,motion_thresh,age_l,age_u,n,med_rsq,CI_95
0,18.0,7.0,10.0,280.0,0.955540091528,0.0544517300512
