,motion_thresh,age_l,age_u,n,med_rsq,CI_95
0,2.0,7.0,10.0,50.0,0.879662366121,0.178858719872
