,motion_thresh,age_l,age_u,n,med_rsq,CI_95
0,48.0,7.0,10.0,50.0,0.938385256335,0.111785712595
