,motion_thresh,age_l,age_u,n,med_rsq,CI_95,med_icc,CI_95_icc
0,5.0,14.0,17.0,60.0,0.955609589614,0.0581574696043,0.977727743288,0.0279142277964
