,motion_thresh,age_l,age_u,n,med_rsq,CI_95
0,2.0,13.0,16.0,90.0,0.937242240867,0.059026495047
