,motion_thresh,age_l,age_u,n,med_rsq,CI_95
0,40.0,15.0,18.0,110.0,0.968199971902,0.0354196701488
