,motion_thresh,age_l,age_u,n,med_rsq,CI_95
0,4.0,14.0,17.0,60.0,0.952103791311,0.0515545753874
