,motion_thresh,age_l,age_u,n,med_rsq,CI_95,med_icc,CI_95_icc
0,50.0,13.0,16.0,270.0,0.979564546338,0.0319153712154,0.989730512154,0.0153971476053
