,motion_thresh,age_l,age_u,n,med_rsq,CI_95
0,34.0,13.0,16.0,50.0,0.93697052235,0.0650922731675
