,motion_thresh,age_l,age_u,n,med_rsq,CI_95
0,38.0,15.0,18.0,230.0,0.967198285377,0.03817570448
