,motion_thresh,age_l,age_u,n,med_rsq,CI_95
0,20.0,10.0,13.0,130.0,0.971196677892,0.0383085809935
