,motion_thresh,age_l,age_u,n,med_rsq,CI_95
0,14.0,7.0,10.0,240.0,0.953897100504,0.0508148974403
