,motion_thresh,age_l,age_u,n,med_rsq,CI_95
0,4.0,13.0,16.0,290.0,0.963723177791,0.019541849511
