,motion_thresh,age_l,age_u,n,med_rsq,CI_95
0,32.0,13.0,16.0,140.0,0.977242509027,0.0289749629488
