,motion_thresh,age_l,age_u,n,med_rsq,CI_95
0,38.0,10.0,13.0,90.0,0.966092421834,0.0581243431641
