,motion_thresh,age_l,age_u,n,med_rsq,CI_95
0,46.0,9.0,12.0,140.0,0.9774713788,0.0244828693878
