,motion_thresh,age_l,age_u,n,med_rsq,CI_95,med_icc,CI_95_icc
0,15.0,6.0,9.0,240.0,0.943330801645,0.0570587501596,0.971940212319,0.0291134867056
