,motion_thresh,age_l,age_u,n,med_rsq,CI_95
0,22.0,15.0,18.0,20.0,0.853548240452,0.151326770461
