,motion_thresh,age_l,age_u,n,med_rsq,CI_95
0,38.0,15.0,18.0,30.0,0.901992674122,0.127190272699
