,motion_thresh,age_l,age_u,n,med_rsq,CI_95
0,40.0,10.0,13.0,280.0,0.979894846232,0.0333444399894
