,motion_thresh,age_l,age_u,n,med_rsq,CI_95
0,42.0,14.0,17.0,300.0,0.975660178965,0.0256120942295
