,motion_thresh,age_l,age_u,n,med_rsq,CI_95
0,22.0,8.0,11.0,140.0,0.967258137187,0.0422875181382
