,motion_thresh,age_l,age_u,n,med_rsq,CI_95
0,2.0,11.0,14.0,100.0,0.945817517052,0.0192313576996
