,motion_thresh,age_l,age_u,n,med_rsq,CI_95
0,12.0,7.0,10.0,190.0,0.951402890358,0.0524134349067
