,motion_thresh,age_l,age_u,n,med_rsq,CI_95
0,40.0,15.0,18.0,100.0,0.968083645451,0.040293111512
