,motion_thresh,age_l,age_u,n,med_rsq,CI_95
0,36.0,11.0,14.0,30.0,0.897325558879,0.177855804806
