,motion_thresh,age_l,age_u,n,med_rsq,CI_95
0,36.0,7.0,10.0,80.0,0.961169788833,0.0726642634659
