,motion_thresh,age_l,age_u,n,med_rsq,CI_95
0,32.0,12.0,15.0,260.0,0.977084713775,0.0274061247022
