,motion_thresh,age_l,age_u,n,med_rsq,CI_95
0,40.0,10.0,13.0,120.0,0.973621475276,0.0296284690971
