,motion_thresh,age_l,age_u,n,med_rsq,CI_95
0,36.0,11.0,14.0,270.0,0.979665940572,0.0180446418854
