,motion_thresh,age_l,age_u,n,med_rsq,CI_95,med_icc,CI_95_icc
0,50.0,7.0,10.0,150.0,0.970639479388,0.0451006202891,0.985608708765,0.022779729249
