,motion_thresh,age_l,age_u,n,med_rsq,CI_95
0,20.0,11.0,14.0,170.0,0.97913008744,0.0191980479036
