,motion_thresh,age_l,age_u,n,med_rsq,CI_95
0,50.0,12.0,15.0,20.0,0.853632990527,0.158970178211
