,motion_thresh,age_l,age_u,n,med_rsq,CI_95
0,10.0,8.0,11.0,110.0,0.958543708423,0.039720412291
