,motion_thresh,age_l,age_u,n,med_rsq,CI_95
0,36.0,7.0,10.0,100.0,0.964011510384,0.0314546276399
