,motion_thresh,age_l,age_u,n,med_rsq,CI_95
0,20.0,7.0,10.0,250.0,0.962983126625,0.0420913951385
