,motion_thresh,age_l,age_u,n,med_rsq,CI_95
0,4.0,12.0,15.0,190.0,0.921471833687,0.063530688608
