,motion_thresh,age_l,age_u,n,med_rsq,CI_95
0,36.0,9.0,12.0,130.0,0.97711845212,0.0225725153982
