,motion_thresh,age_l,age_u,n,med_rsq,CI_95
0,36.0,8.0,11.0,300.0,0.973585143299,0.0217346027053
