,motion_thresh,age_l,age_u,n,med_rsq,CI_95
0,44.0,13.0,16.0,300.0,0.978047996569,0.0246885521032
