,motion_thresh,age_l,age_u,n,med_rsq,CI_95
0,46.0,13.0,16.0,150.0,0.978685616576,0.0232002835707
