,motion_thresh,age_l,age_u,n,med_rsq,CI_95
0,8.0,14.0,17.0,230.0,0.960037969457,0.0511233388803
