,motion_thresh,age_l,age_u,n,med_rsq,CI_95
0,42.0,6.0,9.0,260.0,0.94659396835,0.0500967244375
