,motion_thresh,age_l,age_u,n,med_rsq,CI_95
0,18.0,8.0,11.0,50.0,0.939945858307,0.0717387612856
