,motion_thresh,age_l,age_u,n,med_rsq,CI_95
0,12.0,9.0,12.0,50.0,0.936232649365,0.0845613405444
