,motion_thresh,age_l,age_u,n,med_rsq,CI_95
0,34.0,9.0,12.0,130.0,0.976779043361,0.029290179841
