,motion_thresh,age_l,age_u,n,med_rsq,CI_95
0,6.0,7.0,10.0,210.0,0.926681541198,0.0849011900021
