,motion_thresh,age_l,age_u,n,med_rsq,CI_95
0,6.0,15.0,18.0,260.0,0.951948975609,0.0441779725915
