,motion_thresh,age_l,age_u,n,med_rsq,CI_95
0,46.0,13.0,16.0,160.0,0.97739098108,0.0308638415756
