,motion_thresh,age_l,age_u,n,med_rsq,CI_95
0,44.0,8.0,11.0,110.0,0.971120072707,0.0508254122153
