,motion_thresh,age_l,age_u,n,med_rsq,CI_95
0,4.0,14.0,17.0,180.0,0.949938090711,0.0191272489768
