,motion_thresh,age_l,age_u,n,med_rsq,CI_95
0,26.0,10.0,13.0,30.0,0.903453649437,0.156993492298
