,motion_thresh,age_l,age_u,n,med_rsq,CI_95
0,18.0,9.0,12.0,110.0,0.968973984857,0.0379624853802
