,motion_thresh,age_l,age_u,n,med_rsq,CI_95
0,38.0,14.0,17.0,130.0,0.973124979464,0.0356412449337
