,motion_thresh,age_l,age_u,n,med_rsq,CI_95
0,30.0,12.0,15.0,160.0,0.978577491285,0.031290862217
