,motion_thresh,age_l,age_u,n,med_rsq,CI_95
0,16.0,15.0,18.0,250.0,0.962851099908,0.0359434033893
