,motion_thresh,age_l,age_u,n,med_rsq,CI_95
0,50.0,13.0,16.0,60.0,0.949843470908,0.06298851355
