,motion_thresh,age_l,age_u,n,med_rsq,CI_95
0,28.0,7.0,10.0,290.0,0.950490701639,0.0934934507988
