,motion_thresh,age_l,age_u,n,med_rsq,CI_95
0,36.0,12.0,15.0,270.0,0.978870264262,0.0202574117373
