,motion_thresh,age_l,age_u,n,med_rsq,CI_95
0,20.0,11.0,14.0,40.0,0.926222152771,0.169617599849
