,motion_thresh,age_l,age_u,n,med_rsq,CI_95
0,18.0,14.0,17.0,110.0,0.963793660964,0.052986452455
