,motion_thresh,age_l,age_u,n,med_rsq,CI_95
0,8.0,15.0,18.0,210.0,0.949295957099,0.0565150177791
