,motion_thresh,age_l,age_u,n,med_rsq,CI_95
0,50.0,12.0,15.0,300.0,0.980193475035,0.027955555561
