,motion_thresh,age_l,age_u,n,med_rsq,CI_95
0,22.0,15.0,18.0,220.0,0.964530695233,0.0400821024609
