,motion_thresh,age_l,age_u,n,med_rsq,CI_95
0,28.0,13.0,16.0,110.0,0.971871126928,0.0504568588448
