,motion_thresh,age_l,age_u,n,med_rsq,CI_95
0,44.0,13.0,16.0,90.0,0.967252973061,0.0315486015542
