,motion_thresh,age_l,age_u,n,med_rsq,CI_95
0,16.0,7.0,10.0,160.0,0.943544281926,0.079326306969
