,motion_thresh,age_l,age_u,n,med_rsq,CI_95
0,30.0,7.0,10.0,140.0,0.965417875833,0.0382860989741
