,motion_thresh,age_l,age_u,n,med_rsq,CI_95,med_icc,CI_95_icc
0,10.0,14.0,17.0,60.0,0.955510937536,0.0463335329439,0.977798210287,0.023114074886
