,motion_thresh,age_l,age_u,n,med_rsq,CI_95
0,50.0,10.0,13.0,20.0,0.848222234369,0.222558941921
