,motion_thresh,age_l,age_u,n,med_rsq,CI_95
0,2.0,11.0,14.0,20.0,0.855956020452,0.137348633871
