,motion_thresh,age_l,age_u,n,med_rsq,CI_95
0,2.0,6.0,9.0,280.0,0.865082077832,0.0669790157077
