,motion_thresh,age_l,age_u,n,med_rsq,CI_95
0,4.0,11.0,14.0,100.0,0.96234079009,0.0235025926799
