,motion_thresh,age_l,age_u,n,med_rsq,CI_95
0,4.0,7.0,10.0,20.0,0.843175784374,0.143563359648
