,motion_thresh,age_l,age_u,n,med_rsq,CI_95
0,8.0,6.0,9.0,30.0,0.89950194415,0.081232260623
