,motion_thresh,age_l,age_u,n,med_rsq,CI_95
0,50.0,13.0,16.0,210.0,0.976547245534,0.0259863411754
