,motion_thresh,age_l,age_u,n,med_rsq,CI_95
0,44.0,13.0,16.0,200.0,0.97813029565,0.0323030919968
