,motion_thresh,age_l,age_u,n,med_rsq,CI_95
0,6.0,10.0,13.0,180.0,0.959454044508,0.0437443420997
