,motion_thresh,age_l,age_u,n,med_rsq,CI_95
0,26.0,7.0,10.0,120.0,0.921028964736,0.130209387322
