,motion_thresh,age_l,age_u,n,med_rsq,CI_95
0,22.0,14.0,17.0,20.0,0.853266249774,0.185212625786
