,motion_thresh,age_l,age_u,n,med_rsq,CI_95
0,32.0,9.0,12.0,300.0,0.97628605493,0.0269143824543
