,motion_thresh,age_l,age_u,n,med_rsq,CI_95
0,46.0,10.0,13.0,120.0,0.974866530383,0.0312435335084
