,motion_thresh,age_l,age_u,n,med_rsq,CI_95
0,30.0,12.0,15.0,10.0,0.7155609159,0.378274488028
