,motion_thresh,age_l,age_u,n,med_rsq,CI_95
0,22.0,8.0,11.0,230.0,0.967644579316,0.0308912472445
