,motion_thresh,age_l,age_u,n,med_rsq,CI_95
0,36.0,13.0,16.0,150.0,0.977131358301,0.0203639036622
