,motion_thresh,age_l,age_u,n,med_rsq,CI_95
0,38.0,9.0,12.0,220.0,0.976394098326,0.0229580346064
