,motion_thresh,age_l,age_u,n,med_rsq,CI_95
0,34.0,6.0,9.0,200.0,0.950877584322,0.0471676896559
