,motion_thresh,age_l,age_u,n,med_rsq,CI_95
0,20.0,11.0,14.0,50.0,0.941487506323,0.101274336643
