,motion_thresh,age_l,age_u,n,med_rsq,CI_95
0,34.0,11.0,14.0,160.0,0.979626999781,0.0231439918531
