,motion_thresh,age_l,age_u,n,med_rsq,CI_95
0,42.0,12.0,15.0,110.0,0.973572826481,0.0496842020482
