,motion_thresh,age_l,age_u,n,med_rsq,CI_95
0,26.0,6.0,9.0,60.0,0.944807948732,0.0789509541041
