,motion_thresh,age_l,age_u,n,med_rsq,CI_95
0,12.0,9.0,12.0,170.0,0.967436072712,0.0253280008152
