,motion_thresh,age_l,age_u,n,med_rsq,CI_95
0,20.0,8.0,11.0,240.0,0.961520945259,0.0514155096417
