,motion_thresh,age_l,age_u,n,med_rsq,CI_95
0,28.0,11.0,14.0,130.0,0.977306150853,0.0361662330257
