,motion_thresh,age_l,age_u,n,med_rsq,CI_95,med_icc,CI_95_icc
0,45.0,7.0,10.0,60.0,0.954087150176,0.0911053921892,0.977131552328,0.0440763844737
