,motion_thresh,age_l,age_u,n,med_rsq,CI_95
0,36.0,6.0,9.0,70.0,0.950998003943,0.0494269385013
