,motion_thresh,age_l,age_u,n,med_rsq,CI_95
0,32.0,10.0,13.0,110.0,0.972919995495,0.0361552601844
