,motion_thresh,age_l,age_u,n,med_rsq,CI_95
0,26.0,13.0,16.0,210.0,0.976044931378,0.0255905236276
