,motion_thresh,age_l,age_u,n,med_rsq,CI_95
0,42.0,10.0,13.0,280.0,0.975353013962,0.0444630602376
