,motion_thresh,age_l,age_u,n,med_rsq,CI_95
0,24.0,12.0,15.0,20.0,0.864063646274,0.172225090675
