,motion_thresh,age_l,age_u,n,med_rsq,CI_95
0,34.0,10.0,13.0,80.0,0.961339512914,0.0651527589607
