,motion_thresh,age_l,age_u,n,med_rsq,CI_95,med_icc,CI_95_icc
0,20.0,10.0,13.0,270.0,0.97732279595,0.0323394000215,0.988506100312,0.0167710456344
