,motion_thresh,age_l,age_u,n,med_rsq,CI_95
0,36.0,7.0,10.0,70.0,0.95460842219,0.0738625382043
