,motion_thresh,age_l,age_u,n,med_rsq,CI_95
0,24.0,8.0,11.0,170.0,0.966954202323,0.0523171114067
