,motion_thresh,age_l,age_u,n,med_rsq,CI_95
0,26.0,14.0,17.0,40.0,0.921524486941,0.11848459101
