,motion_thresh,age_l,age_u,n,med_rsq,CI_95
0,48.0,15.0,18.0,70.0,0.955826382577,0.0682334324108
