,motion_thresh,age_l,age_u,n,med_rsq,CI_95
0,30.0,7.0,10.0,240.0,0.966493418224,0.0386193682438
