,motion_thresh,age_l,age_u,n,med_rsq,CI_95
0,14.0,7.0,10.0,230.0,0.953101253292,0.057585565847
