,motion_thresh,age_l,age_u,n,med_rsq,CI_95
0,34.0,10.0,13.0,150.0,0.975952615668,0.0387365976282
