,motion_thresh,age_l,age_u,n,med_rsq,CI_95
0,44.0,9.0,12.0,190.0,0.977413879934,0.0195584888975
