,motion_thresh,age_l,age_u,n,med_rsq,CI_95,med_icc,CI_95_icc
0,40.0,7.0,10.0,240.0,0.970178866917,0.0382305145861,0.985097199762,0.0175854983722
