,motion_thresh,age_l,age_u,n,med_rsq,CI_95
0,8.0,11.0,14.0,260.0,0.969336129916,0.0285659278111
