,motion_thresh,age_l,age_u,n,med_rsq,CI_95
0,14.0,14.0,17.0,50.0,0.939527699834,0.0974433398591
