,motion_thresh,age_l,age_u,n,med_rsq,CI_95
0,28.0,8.0,11.0,10.0,0.712403448529,0.273162640868
