,motion_thresh,age_l,age_u,n,med_rsq,CI_95
0,40.0,7.0,10.0,210.0,0.965065208794,0.0552294591785
