,motion_thresh,age_l,age_u,n,med_rsq,CI_95,med_icc,CI_95_icc
0,50.0,12.0,15.0,210.0,0.98316679385,0.025276785919,0.991636710076,0.0128080060316
