,motion_thresh,age_l,age_u,n,med_rsq,CI_95
0,4.0,7.0,10.0,50.0,0.919254104798,0.0934869202054
