,motion_thresh,age_l,age_u,n,med_rsq,CI_95
0,8.0,13.0,16.0,90.0,0.966813638211,0.0328100658292
