,motion_thresh,age_l,age_u,n,med_rsq,CI_95
0,34.0,9.0,12.0,10.0,0.705351891121,0.519716419622
