,motion_thresh,age_l,age_u,n,med_rsq,CI_95
0,46.0,7.0,10.0,80.0,0.95997301523,0.0601210676639
