,motion_thresh,age_l,age_u,n,med_rsq,CI_95
0,8.0,9.0,12.0,40.0,0.924812028052,0.0830378693376
