,motion_thresh,age_l,age_u,n,med_rsq,CI_95
0,10.0,7.0,10.0,50.0,0.932471702324,0.0747686171648
