,motion_thresh,age_l,age_u,n,med_rsq,CI_95
0,26.0,8.0,11.0,60.0,0.948672506677,0.0721351185378
