,motion_thresh,age_l,age_u,n,med_rsq,CI_95
0,4.0,6.0,9.0,60.0,0.903922442501,0.076596816892
