,motion_thresh,age_l,age_u,n,med_rsq,CI_95
0,2.0,6.0,9.0,210.0,0.867979972109,0.0688998748926
