,motion_thresh,age_l,age_u,n,med_rsq,CI_95
0,40.0,7.0,10.0,100.0,0.962809923469,0.0348172877278
