,motion_thresh,age_l,age_u,n,med_rsq,CI_95
0,24.0,6.0,9.0,10.0,0.72216890957,0.413448652112
