,motion_thresh,age_l,age_u,n,med_rsq,CI_95
0,42.0,9.0,12.0,270.0,0.978146456925,0.0278310907015
