,motion_thresh,age_l,age_u,n,med_rsq,CI_95
0,12.0,10.0,13.0,180.0,0.971617754924,0.0336235734211
