,motion_thresh,age_l,age_u,n,med_rsq,CI_95
0,10.0,15.0,18.0,150.0,0.951649029016,0.0674972801539
