,motion_thresh,age_l,age_u,n,med_rsq,CI_95
0,34.0,9.0,12.0,300.0,0.977272347056,0.0232408759431
