,motion_thresh,age_l,age_u,n,med_rsq,CI_95
0,18.0,13.0,16.0,80.0,0.960222003741,0.0647259301507
