,motion_thresh,age_l,age_u,n,med_rsq,CI_95
0,4.0,11.0,14.0,260.0,0.963458796149,0.0185342916153
