,motion_thresh,age_l,age_u,n,med_rsq,CI_95
0,26.0,10.0,13.0,140.0,0.976440499326,0.0276302358787
