,motion_thresh,age_l,age_u,n,med_rsq,CI_95
0,22.0,7.0,10.0,90.0,0.961369799858,0.0493655764738
