,motion_thresh,age_l,age_u,n,med_rsq,CI_95
0,6.0,8.0,11.0,300.0,0.940608985329,0.0788611651714
