,motion_thresh,age_l,age_u,n,med_rsq,CI_95
0,48.0,11.0,14.0,230.0,0.981195366286,0.0183055500225
