,motion_thresh,age_l,age_u,n,med_rsq,CI_95,med_icc,CI_95_icc
0,30.0,12.0,15.0,210.0,0.981458689915,0.0172274262377,0.990731943566,0.00871811522524
