,motion_thresh,age_l,age_u,n,med_rsq,CI_95
0,38.0,7.0,10.0,210.0,0.961675282636,0.054404542421
