,motion_thresh,age_l,age_u,n,med_rsq,CI_95
0,4.0,10.0,13.0,120.0,0.950268062664,0.0342569028323
