,motion_thresh,age_l,age_u,n,med_rsq,CI_95,med_icc,CI_95_icc
0,10.0,12.0,15.0,210.0,0.976664669157,0.0230461658642,0.98815050511,0.0120816522217
