,motion_thresh,age_l,age_u,n,med_rsq,CI_95
0,2.0,15.0,18.0,200.0,0.928032692936,0.0246239131138
