,motion_thresh,age_l,age_u,n,med_rsq,CI_95
0,44.0,6.0,9.0,170.0,0.950189537463,0.0509126973775
