,motion_thresh,age_l,age_u,n,med_rsq,CI_95
0,38.0,12.0,15.0,250.0,0.979501841204,0.0199108739466
