,motion_thresh,age_l,age_u,n,med_rsq,CI_95
0,50.0,8.0,11.0,190.0,0.973318553063,0.0334413235782
