,motion_thresh,age_l,age_u,n,med_rsq,CI_95
0,2.0,13.0,16.0,130.0,0.935987046061,0.0488953458016
