,motion_thresh,age_l,age_u,n,med_rsq,CI_95
0,6.0,8.0,11.0,250.0,0.936944696034,0.0846307413938
