,motion_thresh,age_l,age_u,n,med_rsq,CI_95
0,14.0,10.0,13.0,90.0,0.966283631261,0.0400023644796
