,motion_thresh,age_l,age_u,n,med_rsq,CI_95
0,4.0,6.0,9.0,260.0,0.904061653344,0.0682536023992
