,motion_thresh,age_l,age_u,n,med_rsq,CI_95
0,42.0,9.0,12.0,60.0,0.950368671347,0.0518787024368
