,motion_thresh,age_l,age_u,n,med_rsq,CI_95
0,20.0,8.0,11.0,30.0,0.896034087089,0.116545038837
