,motion_thresh,age_l,age_u,n,med_rsq,CI_95
0,18.0,11.0,14.0,130.0,0.97844262688,0.0163657098383
