,motion_thresh,age_l,age_u,n,med_rsq,CI_95
0,50.0,10.0,13.0,10.0,0.704091405671,0.456132267012
