,motion_thresh,age_l,age_u,n,med_rsq,CI_95
0,20.0,13.0,16.0,270.0,0.975445077173,0.0197676289669
