,motion_thresh,age_l,age_u,n,med_rsq,CI_95,med_icc,CI_95_icc
0,50.0,14.0,17.0,30.0,0.912734075159,0.146920274866,0.956430154396,0.071114480354
