,motion_thresh,age_l,age_u,n,med_rsq,CI_95
0,36.0,10.0,13.0,230.0,0.980451366067,0.0225440237742
