,motion_thresh,age_l,age_u,n,med_rsq,CI_95
0,20.0,6.0,9.0,160.0,0.939515871783,0.0683291265667
