,motion_thresh,age_l,age_u,n,med_rsq,CI_95
0,4.0,12.0,15.0,190.0,0.940882359373,0.0623402970255
