,motion_thresh,age_l,age_u,n,med_rsq,CI_95
0,26.0,12.0,15.0,150.0,0.977798628048,0.0279720920607
