,motion_thresh,age_l,age_u,n,med_rsq,CI_95
0,40.0,15.0,18.0,140.0,0.967230418896,0.0357745855783
