,motion_thresh,age_l,age_u,n,med_rsq,CI_95
0,10.0,6.0,9.0,100.0,0.924914838728,0.0790744298271
