,motion_thresh,age_l,age_u,n,med_rsq,CI_95,med_icc,CI_95_icc
0,20.0,14.0,17.0,300.0,0.973100496061,0.0393156432964,0.986685842651,0.018693705889
