,motion_thresh,age_l,age_u,n,med_rsq,CI_95
0,22.0,7.0,10.0,80.0,0.959474272112,0.0596908228874
