,motion_thresh,age_l,age_u,n,med_rsq,CI_95
0,28.0,9.0,12.0,250.0,0.973884891834,0.0374807519846
