,motion_thresh,age_l,age_u,n,med_rsq,CI_95
0,32.0,15.0,18.0,190.0,0.96912619545,0.0413650831072
