,motion_thresh,age_l,age_u,n,med_rsq,CI_95
0,30.0,9.0,12.0,180.0,0.975801602107,0.0257535305076
