,motion_thresh,age_l,age_u,n,med_rsq,CI_95
0,26.0,9.0,12.0,210.0,0.976617510852,0.0182825555963
