,motion_thresh,age_l,age_u,n,med_rsq,CI_95
0,6.0,7.0,10.0,110.0,0.926343518389,0.0247885033825
