,motion_thresh,age_l,age_u,n,med_rsq,CI_95
0,36.0,15.0,18.0,260.0,0.968597545167,0.0364499497474
