,motion_thresh,age_l,age_u,n,med_rsq,CI_95
0,28.0,13.0,16.0,120.0,0.973230784591,0.0322911479521
