,motion_thresh,age_l,age_u,n,med_rsq,CI_95
0,24.0,8.0,11.0,60.0,0.94598574487,0.08009756823
