,motion_thresh,age_l,age_u,n,med_rsq,CI_95
0,48.0,10.0,13.0,110.0,0.973248794642,0.0477461380079
