,motion_thresh,age_l,age_u,n,med_rsq,CI_95
0,12.0,11.0,14.0,60.0,0.950965643337,0.0591810029898
