,motion_thresh,age_l,age_u,n,med_rsq,CI_95
0,32.0,11.0,14.0,250.0,0.97986812143,0.0185620342957
