,motion_thresh,age_l,age_u,n,med_rsq,CI_95
0,6.0,11.0,14.0,300.0,0.969857280338,0.0202221834839
