,motion_thresh,age_l,age_u,n,med_rsq,CI_95
0,10.0,14.0,17.0,300.0,0.949652840709,0.0870766622082
