,motion_thresh,age_l,age_u,n,med_rsq,CI_95
0,34.0,6.0,9.0,40.0,0.919498763526,0.130218663524
