,motion_thresh,age_l,age_u,n,med_rsq,CI_95
0,22.0,6.0,9.0,60.0,0.941943164933,0.0887493291879
