,motion_thresh,age_l,age_u,n,med_rsq,CI_95
0,4.0,9.0,12.0,50.0,0.931466478644,0.0734260624547
