,motion_thresh,age_l,age_u,n,med_rsq,CI_95
0,10.0,14.0,17.0,100.0,0.949386069844,0.0797601455602
