,motion_thresh,age_l,age_u,n,med_rsq,CI_95
0,36.0,12.0,15.0,250.0,0.979913389967,0.0246309649691
