,motion_thresh,age_l,age_u,n,med_rsq,CI_95
0,40.0,9.0,12.0,40.0,0.918921074369,0.114682909771
