,motion_thresh,age_l,age_u,n,med_rsq,CI_95
0,16.0,14.0,17.0,30.0,0.897764612993,0.142360516317
