,motion_thresh,age_l,age_u,n,med_rsq,CI_95
0,2.0,7.0,10.0,60.0,0.868310854923,0.0986642696784
