,motion_thresh,age_l,age_u,n,med_rsq,CI_95
0,8.0,10.0,13.0,40.0,0.922550870117,0.080960061103
