,motion_thresh,age_l,age_u,n,med_rsq,CI_95
0,36.0,14.0,17.0,210.0,0.973435020557,0.0265454684557
