,motion_thresh,age_l,age_u,n,med_rsq,CI_95,med_icc,CI_95_icc
0,45.0,12.0,15.0,270.0,0.982596720088,0.0249882472124,0.991198645869,0.0120914345761
