,motion_thresh,age_l,age_u,n,med_rsq,CI_95
0,44.0,15.0,18.0,220.0,0.966799752391,0.0444526839199
