,motion_thresh,age_l,age_u,n,med_rsq,CI_95
0,36.0,7.0,10.0,90.0,0.965555147513,0.0339706203282
