,motion_thresh,age_l,age_u,n,med_rsq,CI_95
0,4.0,12.0,15.0,70.0,0.958826245416,0.0561464839549
