,motion_thresh,age_l,age_u,n,med_rsq,CI_95
0,36.0,6.0,9.0,230.0,0.951648094701,0.0590725281733
