,motion_thresh,age_l,age_u,n,med_rsq,CI_95
0,50.0,7.0,10.0,210.0,0.967188589241,0.0538732958764
