,motion_thresh,age_l,age_u,n,med_rsq,CI_95
0,34.0,9.0,12.0,160.0,0.975231225854,0.0294239366432
