,motion_thresh,age_l,age_u,n,med_rsq,CI_95
0,42.0,14.0,17.0,170.0,0.975173341825,0.0231465410701
