,motion_thresh,age_l,age_u,n,med_rsq,CI_95
0,20.0,10.0,13.0,50.0,0.938718353074,0.0856284130862
