,motion_thresh,age_l,age_u,n,med_rsq,CI_95
0,40.0,11.0,14.0,190.0,0.980174730192,0.0262385875719
