,motion_thresh,age_l,age_u,n,med_rsq,CI_95
0,4.0,10.0,13.0,260.0,0.955469424803,0.0410602660414
