,motion_thresh,age_l,age_u,n,med_rsq,CI_95,med_icc,CI_95_icc
0,25.0,15.0,18.0,150.0,0.969133303171,0.0509037307706,0.984760797647,0.0240841855763
