,motion_thresh,age_l,age_u,n,med_rsq,CI_95
0,22.0,10.0,13.0,30.0,0.902497683178,0.189312622304
