,motion_thresh,age_l,age_u,n,med_rsq,CI_95
0,18.0,13.0,16.0,250.0,0.973653226132,0.0268841481036
