,motion_thresh,age_l,age_u,n,med_rsq,CI_95
0,50.0,8.0,11.0,50.0,0.931311188619,0.0774887337088
