,motion_thresh,age_l,age_u,n,med_rsq,CI_95
0,38.0,12.0,15.0,170.0,0.980417435944,0.0302798393389
