,motion_thresh,age_l,age_u,n,med_rsq,CI_95
0,22.0,10.0,13.0,70.0,0.956090455534,0.0591674238361
