,motion_thresh,age_l,age_u,n,med_rsq,CI_95
0,48.0,8.0,11.0,140.0,0.975465751306,0.0206139393307
