,motion_thresh,age_l,age_u,n,med_rsq,CI_95
0,36.0,10.0,13.0,180.0,0.980743355467,0.01883146373
