,motion_thresh,age_l,age_u,n,med_rsq,CI_95
0,44.0,14.0,17.0,230.0,0.976256943352,0.0336157030739
