,motion_thresh,age_l,age_u,n,med_rsq,CI_95
0,4.0,10.0,13.0,160.0,0.955548995931,0.0152690281797
