,motion_thresh,age_l,age_u,n,med_rsq,CI_95,med_icc,CI_95_icc
0,35.0,14.0,17.0,120.0,0.977539276776,0.0395892058629,0.988904234702,0.0188847511614
