,motion_thresh,age_l,age_u,n,med_rsq,CI_95
0,42.0,6.0,9.0,160.0,0.949527356518,0.0521007707944
