,motion_thresh,age_l,age_u,n,med_rsq,CI_95
0,36.0,15.0,18.0,230.0,0.967048832901,0.0314384560604
