,motion_thresh,age_l,age_u,n,med_rsq,CI_95,med_icc,CI_95_icc
0,10.0,7.0,10.0,300.0,0.9549799653,0.0477855346254,0.977265599121,0.0236897464363
