,motion_thresh,age_l,age_u,n,med_rsq,CI_95,med_icc,CI_95_icc
0,15.0,13.0,16.0,30.0,0.913263574275,0.0915861419649,0.955934101673,0.0451299359511
