,motion_thresh,age_l,age_u,n,med_rsq,CI_95
0,8.0,10.0,13.0,290.0,0.966394553027,0.0236358627879
