,motion_thresh,age_l,age_u,n,med_rsq,CI_95
0,50.0,12.0,15.0,140.0,0.979006609787,0.0253502496198
