,motion_thresh,age_l,age_u,n,med_rsq,CI_95
0,2.0,15.0,18.0,220.0,0.925247631949,0.0374844062047
