,motion_thresh,age_l,age_u,n,med_rsq,CI_95
0,32.0,13.0,16.0,170.0,0.97662353543,0.0337810419138
