,motion_thresh,age_l,age_u,n,med_rsq,CI_95,med_icc,CI_95_icc
0,45.0,10.0,13.0,300.0,0.975859726774,0.0477273767842,0.987725093383,0.0244825532784
