,motion_thresh,age_l,age_u,n,med_rsq,CI_95
0,36.0,14.0,17.0,110.0,0.972635541467,0.0491720541227
