,motion_thresh,age_l,age_u,n,med_rsq,CI_95
0,28.0,13.0,16.0,100.0,0.967867570524,0.0373040499404
