,motion_thresh,age_l,age_u,n,med_rsq,CI_95
0,8.0,15.0,18.0,190.0,0.949192598437,0.0665847028393
