,motion_thresh,age_l,age_u,n,med_rsq,CI_95
0,2.0,12.0,15.0,100.0,0.950465058435,0.0131015715113
