,motion_thresh,age_l,age_u,n,med_rsq,CI_95
0,2.0,12.0,15.0,40.0,0.929047508996,0.0478597389587
