,motion_thresh,age_l,age_u,n,med_rsq,CI_95
0,34.0,7.0,10.0,290.0,0.965375469328,0.03311788273
