,motion_thresh,age_l,age_u,n,med_rsq,CI_95
0,26.0,9.0,12.0,260.0,0.975222627519,0.0366274552678
