,motion_thresh,age_l,age_u,n,med_rsq,CI_95
0,26.0,14.0,17.0,80.0,0.961374246129,0.0501601604023
