,motion_thresh,age_l,age_u,n,med_rsq,CI_95
0,4.0,7.0,10.0,110.0,0.916588267268,0.0637518882284
