,motion_thresh,age_l,age_u,n,med_rsq,CI_95,med_icc,CI_95_icc
0,40.0,11.0,14.0,300.0,0.983302133655,0.0177950263467,0.991696810317,0.00879514143839
