,motion_thresh,age_l,age_u,n,med_rsq,CI_95
0,42.0,7.0,10.0,270.0,0.969110524898,0.036687312459
