,motion_thresh,age_l,age_u,n,med_rsq,CI_95
0,6.0,9.0,12.0,30.0,0.898471814496,0.107800546564
