,motion_thresh,age_l,age_u,n,med_rsq,CI_95
0,46.0,11.0,14.0,170.0,0.981300204485,0.0168811268578
