,motion_thresh,age_l,age_u,n,med_rsq,CI_95
0,40.0,7.0,10.0,130.0,0.964160156966,0.0420584720293
