,motion_thresh,age_l,age_u,n,med_rsq,CI_95
0,16.0,13.0,16.0,180.0,0.974521319828,0.0252457883723
