,motion_thresh,age_l,age_u,n,med_rsq,CI_95,med_icc,CI_95_icc
0,20.0,8.0,11.0,30.0,0.911082196906,0.109641111253,0.955912974676,0.057518069727
