,motion_thresh,age_l,age_u,n,med_rsq,CI_95
0,6.0,14.0,17.0,130.0,0.965068158698,0.00910596721339
