,motion_thresh,age_l,age_u,n,med_rsq,CI_95
0,48.0,8.0,11.0,130.0,0.974289597836,0.0292376680742
