,motion_thresh,age_l,age_u,n,med_rsq,CI_95
0,42.0,15.0,18.0,100.0,0.965201632,0.0554946420218
