,motion_thresh,age_l,age_u,n,med_rsq,CI_95
0,18.0,15.0,18.0,10.0,0.721801996723,0.352785525836
