,motion_thresh,age_l,age_u,n,med_rsq,CI_95
0,10.0,15.0,18.0,290.0,0.954653800779,0.0556692594463
