,motion_thresh,age_l,age_u,n,med_rsq,CI_95
0,30.0,13.0,16.0,110.0,0.97206499824,0.0420093584677
