,motion_thresh,age_l,age_u,n,med_rsq,CI_95
0,48.0,6.0,9.0,150.0,0.939006315544,0.124737479613
