,motion_thresh,age_l,age_u,n,med_rsq,CI_95
0,28.0,11.0,14.0,30.0,0.898864891948,0.13931973824
