,motion_thresh,age_l,age_u,n,med_rsq,CI_95
0,44.0,11.0,14.0,170.0,0.980180685929,0.0340701791743
