,motion_thresh,age_l,age_u,n,med_rsq,CI_95
0,2.0,13.0,16.0,210.0,0.949568062462,0.0494911625143
