,motion_thresh,age_l,age_u,n,med_rsq,CI_95
0,28.0,14.0,17.0,250.0,0.972868506315,0.0278139185467
