,motion_thresh,age_l,age_u,n,med_rsq,CI_95
0,2.0,8.0,11.0,130.0,0.908961956276,0.0499312594454
