,motion_thresh,age_l,age_u,n,med_rsq,CI_95
0,30.0,12.0,15.0,150.0,0.977138149334,0.0209377639549
