,motion_thresh,age_l,age_u,n,med_rsq,CI_95
0,4.0,14.0,17.0,180.0,0.953476379162,0.0288105934242
