,motion_thresh,age_l,age_u,n,med_rsq,CI_95
0,46.0,8.0,11.0,60.0,0.947945926698,0.0664626895458
