,motion_thresh,age_l,age_u,n,med_rsq,CI_95
0,10.0,12.0,15.0,10.0,0.733138208029,0.215950992591
