,motion_thresh,age_l,age_u,n,med_rsq,CI_95
0,14.0,15.0,18.0,80.0,0.958711585782,0.0380290069192
