,motion_thresh,age_l,age_u,n,med_rsq,CI_95
0,34.0,10.0,13.0,210.0,0.976775193184,0.0568272366473
