,motion_thresh,age_l,age_u,n,med_rsq,CI_95
0,4.0,9.0,12.0,230.0,0.94070117946,0.0692263783727
