,motion_thresh,age_l,age_u,n,med_rsq,CI_95
0,8.0,12.0,15.0,230.0,0.972227761564,0.0235440426058
