,motion_thresh,age_l,age_u,n,med_rsq,CI_95
0,34.0,7.0,10.0,30.0,0.897821695661,0.178560393766
