,motion_thresh,age_l,age_u,n,med_rsq,CI_95
0,46.0,7.0,10.0,30.0,0.896168524567,0.159019335504
