,motion_thresh,age_l,age_u,n,med_rsq,CI_95
0,6.0,8.0,11.0,190.0,0.923420268343,0.0971155658932
