,motion_thresh,age_l,age_u,n,med_rsq,CI_95
0,8.0,15.0,18.0,220.0,0.949491460795,0.069294764472
