,motion_thresh,age_l,age_u,n,med_rsq,CI_95
0,18.0,8.0,11.0,200.0,0.966941458824,0.0334993279258
