,motion_thresh,age_l,age_u,n,med_rsq,CI_95
0,26.0,13.0,16.0,10.0,0.720839759062,0.340384778636
