,motion_thresh,age_l,age_u,n,med_rsq,CI_95
0,12.0,15.0,18.0,230.0,0.959169294224,0.0290466767523
