,motion_thresh,age_l,age_u,n,med_rsq,CI_95
0,30.0,13.0,16.0,220.0,0.976165478224,0.0226767929958
