,motion_thresh,age_l,age_u,n,med_rsq,CI_95
0,38.0,9.0,12.0,10.0,0.723400442382,0.530331162171
