,motion_thresh,age_l,age_u,n,med_rsq,CI_95
0,14.0,13.0,16.0,80.0,0.963577622366,0.0518093563479
