,motion_thresh,age_l,age_u,n,med_rsq,CI_95
0,42.0,12.0,15.0,280.0,0.979196082026,0.0447187359082
