,motion_thresh,age_l,age_u,n,med_rsq,CI_95
0,14.0,13.0,16.0,10.0,0.720367679634,0.286544785967
