,motion_thresh,age_l,age_u,n,med_rsq,CI_95
0,40.0,11.0,14.0,280.0,0.980185471968,0.0292850208398
