,motion_thresh,age_l,age_u,n,med_rsq,CI_95
0,50.0,15.0,18.0,50.0,0.940589274608,0.08453269911
