,motion_thresh,age_l,age_u,n,med_rsq,CI_95
0,28.0,15.0,18.0,110.0,0.967539532526,0.0393541685149
