,motion_thresh,age_l,age_u,n,med_rsq,CI_95
0,46.0,8.0,11.0,20.0,0.854945575101,0.204775704872
