,motion_thresh,age_l,age_u,n,med_rsq,CI_95
0,44.0,7.0,10.0,80.0,0.961117583671,0.0681450660763
