,motion_thresh,age_l,age_u,n,med_rsq,CI_95
0,36.0,9.0,12.0,170.0,0.97577788367,0.0250910854778
