,motion_thresh,age_l,age_u,n,med_rsq,CI_95
0,44.0,9.0,12.0,120.0,0.973291490482,0.0408688428994
