,motion_thresh,age_l,age_u,n,med_rsq,CI_95
0,2.0,10.0,13.0,20.0,0.85034790592,0.100298606798
