,motion_thresh,age_l,age_u,n,med_rsq,CI_95
0,26.0,10.0,13.0,270.0,0.977748731042,0.0302926334786
