,motion_thresh,age_l,age_u,n,med_rsq,CI_95
0,48.0,15.0,18.0,130.0,0.967647428837,0.0461184438495
