,motion_thresh,age_l,age_u,n,med_rsq,CI_95
0,2.0,6.0,9.0,80.0,0.868228522565,0.0541027479108
