,motion_thresh,age_l,age_u,n,med_rsq,CI_95
0,4.0,9.0,12.0,110.0,0.940836843205,0.0644895630905
