,motion_thresh,age_l,age_u,n,med_rsq,CI_95,med_icc,CI_95_icc
0,35.0,8.0,11.0,180.0,0.978474510709,0.0232578869047,0.989241812645,0.0118318383683
