,motion_thresh,age_l,age_u,n,med_rsq,CI_95,med_icc,CI_95_icc
0,50.0,7.0,10.0,90.0,0.970107935897,0.049723385386,0.985178774676,0.0260210309202
