,motion_thresh,age_l,age_u,n,med_rsq,CI_95
0,42.0,12.0,15.0,230.0,0.979149915066,0.0255284845769
