,motion_thresh,age_l,age_u,n,med_rsq,CI_95
0,26.0,8.0,11.0,40.0,0.925662913185,0.11177735187
