,motion_thresh,age_l,age_u,n,med_rsq,CI_95
0,4.0,9.0,12.0,80.0,0.943215383314,0.016522884498
