,motion_thresh,age_l,age_u,n,med_rsq,CI_95,med_icc,CI_95_icc
0,10.0,13.0,16.0,60.0,0.955387912729,0.0414784112844,0.977626371068,0.0199829045401
