,motion_thresh,age_l,age_u,n,med_rsq,CI_95
0,38.0,13.0,16.0,290.0,0.972815653336,0.0497305666984
