,motion_thresh,age_l,age_u,n,med_rsq,CI_95
0,10.0,10.0,13.0,70.0,0.956044211103,0.0392484195769
