,motion_thresh,age_l,age_u,n,med_rsq,CI_95
0,18.0,7.0,10.0,240.0,0.955998677318,0.0892201083486
