,motion_thresh,age_l,age_u,n,med_rsq,CI_95
0,48.0,7.0,10.0,300.0,0.965696657051,0.052972481195
