,motion_thresh,age_l,age_u,n,med_rsq,CI_95
0,10.0,7.0,10.0,200.0,0.947108154606,0.042659728961
