,motion_thresh,age_l,age_u,n,med_rsq,CI_95
0,34.0,13.0,16.0,270.0,0.975599018518,0.0263133961412
