,motion_thresh,age_l,age_u,n,med_rsq,CI_95
0,6.0,13.0,16.0,200.0,0.969227239231,0.0130169750688
