,motion_thresh,age_l,age_u,n,med_rsq,CI_95
0,6.0,9.0,12.0,10.0,0.705524933654,0.356102146866
