,motion_thresh,age_l,age_u,n,med_rsq,CI_95
0,14.0,6.0,9.0,270.0,0.931421482462,0.0998545033965
