,motion_thresh,age_l,age_u,n,med_rsq,CI_95,med_icc,CI_95_icc
0,5.0,10.0,13.0,30.0,0.905209383236,0.0949347575785,0.953831652843,0.0471216693301
