,motion_thresh,age_l,age_u,n,med_rsq,CI_95
0,2.0,13.0,16.0,250.0,0.948992472512,0.030633402481
