,motion_thresh,age_l,age_u,n,med_rsq,CI_95
0,4.0,13.0,16.0,160.0,0.961331940638,0.0118781535928
