,motion_thresh,age_l,age_u,n,med_rsq,CI_95
0,40.0,11.0,14.0,240.0,0.979511615794,0.0259599403259
