,motion_thresh,age_l,age_u,n,med_rsq,CI_95
0,46.0,7.0,10.0,40.0,0.920796563911,0.113327403798
