,motion_thresh,age_l,age_u,n,med_rsq,CI_95
0,48.0,8.0,11.0,40.0,0.918634381086,0.107636995268
