,motion_thresh,age_l,age_u,n,med_rsq,CI_95
0,6.0,10.0,13.0,180.0,0.960472502439,0.0524910498446
