,motion_thresh,age_l,age_u,n,med_rsq,CI_95
0,46.0,14.0,17.0,170.0,0.97615298362,0.0267541541808
