,motion_thresh,age_l,age_u,n,med_rsq,CI_95
0,44.0,15.0,18.0,40.0,0.924809579962,0.131919747209
