,motion_thresh,age_l,age_u,n,med_rsq,CI_95
0,28.0,13.0,16.0,70.0,0.955798448139,0.0546137590329
