,motion_thresh,age_l,age_u,n,med_rsq,CI_95
0,34.0,8.0,11.0,220.0,0.974360925706,0.0262015981283
