,motion_thresh,age_l,age_u,n,med_rsq,CI_95,med_icc,CI_95_icc
0,40.0,11.0,14.0,270.0,0.982884850027,0.0237829685863,0.991534730431,0.0117402057987
