,motion_thresh,age_l,age_u,n,med_rsq,CI_95
0,10.0,11.0,14.0,220.0,0.97462626635,0.025761953423
