,motion_thresh,age_l,age_u,n,med_rsq,CI_95,med_icc,CI_95_icc
0,20.0,15.0,18.0,60.0,0.951299021206,0.0834431423968,0.975988696752,0.0412857819844
