,motion_thresh,age_l,age_u,n,med_rsq,CI_95
0,30.0,10.0,13.0,250.0,0.977991782843,0.0278179161561
