,motion_thresh,age_l,age_u,n,med_rsq,CI_95
0,28.0,13.0,16.0,200.0,0.976949222115,0.030310686369
