,motion_thresh,age_l,age_u,n,med_rsq,CI_95
0,20.0,8.0,11.0,140.0,0.959102335553,0.0835348695264
