,motion_thresh,age_l,age_u,n,med_rsq,CI_95
0,48.0,13.0,16.0,180.0,0.977076102855,0.0278044686623
