,motion_thresh,age_l,age_u,n,med_rsq,CI_95
0,24.0,6.0,9.0,160.0,0.944263690435,0.065700595994
