,motion_thresh,age_l,age_u,n,med_rsq,CI_95
0,18.0,15.0,18.0,190.0,0.955498244667,0.0997353223679
