,motion_thresh,age_l,age_u,n,med_rsq,CI_95
0,6.0,11.0,14.0,210.0,0.970527021403,0.0208778182483
