,motion_thresh,age_l,age_u,n,med_rsq,CI_95
0,8.0,10.0,13.0,80.0,0.961874478989,0.0407609829369
