,motion_thresh,age_l,age_u,n,med_rsq,CI_95
0,48.0,14.0,17.0,110.0,0.972492169742,0.040348583715
