,motion_thresh,age_l,age_u,n,med_rsq,CI_95
0,16.0,7.0,10.0,120.0,0.944754489909,0.0867302510756
