,motion_thresh,age_l,age_u,n,med_rsq,CI_95
0,6.0,11.0,14.0,160.0,0.970145165604,0.0137717234356
