,motion_thresh,age_l,age_u,n,med_rsq,CI_95
0,18.0,6.0,9.0,220.0,0.941007584525,0.0726894549102
