,motion_thresh,age_l,age_u,n,med_rsq,CI_95
0,18.0,10.0,13.0,180.0,0.974463565982,0.0309247482506
