,motion_thresh,age_l,age_u,n,med_rsq,CI_95
0,16.0,12.0,15.0,20.0,0.855873806308,0.13400844546
