,motion_thresh,age_l,age_u,n,med_rsq,CI_95
0,18.0,11.0,14.0,110.0,0.97382437323,0.0298717628446
