,motion_thresh,age_l,age_u,n,med_rsq,CI_95
0,36.0,15.0,18.0,140.0,0.965341547569,0.0387398229316
