,motion_thresh,age_l,age_u,n,med_rsq,CI_95
0,4.0,6.0,9.0,280.0,0.903488060955,0.0323718849174
