,motion_thresh,age_l,age_u,n,med_rsq,CI_95
0,28.0,6.0,9.0,290.0,0.943656245724,0.0655820144419
