,motion_thresh,age_l,age_u,n,med_rsq,CI_95
0,12.0,15.0,18.0,300.0,0.959978458848,0.0324905644531
