,motion_thresh,age_l,age_u,n,med_rsq,CI_95
0,22.0,8.0,11.0,290.0,0.969749959694,0.0243644668315
