,motion_thresh,age_l,age_u,n,med_rsq,CI_95
0,34.0,11.0,14.0,280.0,0.978815403395,0.0346126093672
