,motion_thresh,age_l,age_u,n,med_rsq,CI_95
0,26.0,10.0,13.0,100.0,0.970666734757,0.0319726692737
