,motion_thresh,age_l,age_u,n,med_rsq,CI_95
0,10.0,7.0,10.0,20.0,0.849732156518,0.198500573308
