,motion_thresh,age_l,age_u,n,med_rsq,CI_95
0,28.0,10.0,13.0,110.0,0.974005247528,0.0315634378592
