,motion_thresh,age_l,age_u,n,med_rsq,CI_95,med_icc,CI_95_icc
0,10.0,11.0,14.0,210.0,0.978308365996,0.0203684712759,0.989111172029,0.00977403301456
