,motion_thresh,age_l,age_u,n,med_rsq,CI_95
0,24.0,13.0,16.0,30.0,0.89893556692,0.14280566927
