,motion_thresh,age_l,age_u,n,med_rsq,CI_95
0,28.0,13.0,16.0,150.0,0.975562114339,0.033351263518
