,motion_thresh,age_l,age_u,n,med_rsq,CI_95
0,22.0,6.0,9.0,150.0,0.942295565602,0.0578408382072
