,motion_thresh,age_l,age_u,n,med_rsq,CI_95
0,2.0,11.0,14.0,240.0,0.944400493479,0.0182308337528
