,motion_thresh,age_l,age_u,n,med_rsq,CI_95
0,38.0,11.0,14.0,200.0,0.979262015526,0.0270615247224
