,motion_thresh,age_l,age_u,n,med_rsq,CI_95
0,18.0,15.0,18.0,80.0,0.961459650494,0.067829465942
