,motion_thresh,age_l,age_u,n,med_rsq,CI_95
0,20.0,6.0,9.0,300.0,0.943779655717,0.0426307206241
