,motion_thresh,age_l,age_u,n,med_rsq,CI_95
0,34.0,8.0,11.0,30.0,0.895888444576,0.14482222378
