,motion_thresh,age_l,age_u,n,med_rsq,CI_95
0,16.0,10.0,13.0,60.0,0.950880499279,0.0547474767236
