,motion_thresh,age_l,age_u,n,med_rsq,CI_95
0,30.0,10.0,13.0,180.0,0.978731494163,0.0202169317111
