,motion_thresh,age_l,age_u,n,med_rsq,CI_95
0,14.0,12.0,15.0,110.0,0.972897106525,0.0287170703283
