,motion_thresh,age_l,age_u,n,med_rsq,CI_95
0,16.0,8.0,11.0,30.0,0.893594660636,0.148696027388
