,motion_thresh,age_l,age_u,n,med_rsq,CI_95
0,34.0,11.0,14.0,250.0,0.98012583644,0.0233573563519
