,motion_thresh,age_l,age_u,n,med_rsq,CI_95
0,8.0,8.0,11.0,220.0,0.954528413429,0.0534330880856
