,motion_thresh,age_l,age_u,n,med_rsq,CI_95
0,48.0,9.0,12.0,250.0,0.979895912956,0.0437586998833
