,motion_thresh,age_l,age_u,n,med_rsq,CI_95,med_icc,CI_95_icc
0,50.0,15.0,18.0,120.0,0.972616099078,0.0364980184217,0.986455837535,0.018545893103
