,motion_thresh,age_l,age_u,n,med_rsq,CI_95
0,10.0,10.0,13.0,200.0,0.969602147388,0.0175008841581
