,motion_thresh,age_l,age_u,n,med_rsq,CI_95
0,14.0,8.0,11.0,180.0,0.963522980976,0.0326410939412
