,motion_thresh,age_l,age_u,n,med_rsq,CI_95
0,46.0,8.0,11.0,40.0,0.91743779339,0.105428714377
