,motion_thresh,age_l,age_u,n,med_rsq,CI_95
0,40.0,7.0,10.0,290.0,0.963799667251,0.0374549679268
