,motion_thresh,age_l,age_u,n,med_rsq,CI_95
0,38.0,9.0,12.0,180.0,0.97769628708,0.0230971122976
