,motion_thresh,age_l,age_u,n,med_rsq,CI_95
0,24.0,10.0,13.0,30.0,0.893739728645,0.105719535363
