,motion_thresh,age_l,age_u,n,med_rsq,CI_95
0,28.0,14.0,17.0,300.0,0.973939559003,0.0361654542142
