,motion_thresh,age_l,age_u,n,med_rsq,CI_95
0,2.0,11.0,14.0,190.0,0.951542528793,0.0393230084909
