,motion_thresh,age_l,age_u,n,med_rsq,CI_95
0,42.0,12.0,15.0,270.0,0.978734846638,0.0312252701236
