,motion_thresh,age_l,age_u,n,med_rsq,CI_95
0,48.0,10.0,13.0,50.0,0.938643386103,0.112488141729
