,motion_thresh,age_l,age_u,n,med_rsq,CI_95,med_icc,CI_95_icc
0,50.0,15.0,18.0,90.0,0.971086230294,0.0491996926373,0.985389878129,0.0251239976125
