,motion_thresh,age_l,age_u,n,med_rsq,CI_95
0,22.0,13.0,16.0,140.0,0.977063230957,0.0230350409665
