,motion_thresh,age_l,age_u,n,med_rsq,CI_95
0,24.0,12.0,15.0,160.0,0.978351314626,0.0169691658334
