,motion_thresh,age_l,age_u,n,med_rsq,CI_95
0,12.0,13.0,16.0,120.0,0.961671590266,0.0503770633197
