,motion_thresh,age_l,age_u,n,med_rsq,CI_95
0,40.0,9.0,12.0,100.0,0.970238250666,0.0355194767055
