,motion_thresh,age_l,age_u,n,med_rsq,CI_95
0,22.0,14.0,17.0,170.0,0.968682410392,0.0586950761454
