,motion_thresh,age_l,age_u,n,med_rsq,CI_95
0,32.0,10.0,13.0,240.0,0.978881543974,0.0285155488072
