,motion_thresh,age_l,age_u,n,med_rsq,CI_95
0,40.0,14.0,17.0,150.0,0.973391753933,0.046685329847
