,motion_thresh,age_l,age_u,n,med_rsq,CI_95
0,38.0,10.0,13.0,260.0,0.978914175156,0.0279103205213
