,motion_thresh,age_l,age_u,n,med_rsq,CI_95
0,40.0,10.0,13.0,230.0,0.978405413565,0.0182308587576
