,motion_thresh,age_l,age_u,n,med_rsq,CI_95
0,26.0,11.0,14.0,290.0,0.979759735983,0.0230675755373
