,motion_thresh,age_l,age_u,n,med_rsq,CI_95
0,24.0,11.0,14.0,290.0,0.977378061946,0.0315508248091
