,motion_thresh,age_l,age_u,n,med_rsq,CI_95
0,40.0,13.0,16.0,120.0,0.975066517093,0.0270133758577
