,motion_thresh,age_l,age_u,n,med_rsq,CI_95
0,44.0,7.0,10.0,160.0,0.963776675966,0.0407179889662
