,motion_thresh,age_l,age_u,n,med_rsq,CI_95
0,10.0,13.0,16.0,160.0,0.969487525095,0.0371908167795
