,motion_thresh,age_l,age_u,n,med_rsq,CI_95
0,6.0,8.0,11.0,240.0,0.941809411735,0.0377331852784
