,motion_thresh,age_l,age_u,n,med_rsq,CI_95
0,18.0,7.0,10.0,110.0,0.957072799787,0.0600356607917
