,motion_thresh,age_l,age_u,n,med_rsq,CI_95
0,4.0,10.0,13.0,280.0,0.955622707302,0.0467517979078
