,motion_thresh,age_l,age_u,n,med_rsq,CI_95
0,16.0,12.0,15.0,100.0,0.971583767933,0.0349292846217
