,motion_thresh,age_l,age_u,n,med_rsq,CI_95
0,48.0,13.0,16.0,260.0,0.977945405482,0.039376079693
