,motion_thresh,age_l,age_u,n,med_rsq,CI_95
0,6.0,12.0,15.0,120.0,0.961571670677,0.0221060059199
