,motion_thresh,age_l,age_u,n,med_rsq,CI_95
0,24.0,10.0,13.0,260.0,0.974558872049,0.0342338593684
