,motion_thresh,age_l,age_u,n,med_rsq,CI_95
0,36.0,6.0,9.0,30.0,0.900334532892,0.172142925733
