,motion_thresh,age_l,age_u,n,med_rsq,CI_95
0,18.0,10.0,13.0,40.0,0.928271902631,0.0878001714022
