,motion_thresh,age_l,age_u,n,med_rsq,CI_95
0,26.0,9.0,12.0,180.0,0.97594259658,0.0223897299741
