,motion_thresh,age_l,age_u,n,med_rsq,CI_95
0,2.0,6.0,9.0,230.0,0.864885530416,0.0353228451887
