,motion_thresh,age_l,age_u,n,med_rsq,CI_95
0,50.0,11.0,14.0,80.0,0.960883470854,0.0463026769652
