,motion_thresh,age_l,age_u,n,med_rsq,CI_95
0,40.0,13.0,16.0,50.0,0.938501189522,0.0890377875319
