,motion_thresh,age_l,age_u,n,med_rsq,CI_95
0,38.0,6.0,9.0,190.0,0.950414623764,0.0661636239209
