,motion_thresh,age_l,age_u,n,med_rsq,CI_95
0,50.0,15.0,18.0,70.0,0.955397109724,0.064632820551
