,motion_thresh,age_l,age_u,n,med_rsq,CI_95
0,38.0,8.0,11.0,10.0,0.699959702945,0.420673870416
