,motion_thresh,age_l,age_u,n,med_rsq,CI_95
0,46.0,13.0,16.0,260.0,0.978717722335,0.033748311779
