,motion_thresh,age_l,age_u,n,med_rsq,CI_95
0,6.0,8.0,11.0,160.0,0.941759906354,0.0654305593351
