,motion_thresh,age_l,age_u,n,med_rsq,CI_95
0,24.0,9.0,12.0,90.0,0.966960407298,0.04297458617
