,motion_thresh,age_l,age_u,n,med_rsq,CI_95
0,18.0,10.0,13.0,230.0,0.972381242903,0.0321369298026
