,motion_thresh,age_l,age_u,n,med_rsq,CI_95
0,32.0,6.0,9.0,50.0,0.938135291601,0.1309385861
