,motion_thresh,age_l,age_u,n,med_rsq,CI_95,med_icc,CI_95_icc
0,5.0,15.0,18.0,90.0,0.957833332858,0.0343942859302,0.978878043087,0.0176501689015
