,motion_thresh,age_l,age_u,n,med_rsq,CI_95
0,2.0,10.0,13.0,50.0,0.935740760163,0.0409666774228
