,motion_thresh,age_l,age_u,n,med_rsq,CI_95
0,8.0,8.0,11.0,40.0,0.92123852487,0.0721896911219
