,motion_thresh,age_l,age_u,n,med_rsq,CI_95
0,2.0,13.0,16.0,300.0,0.938176559475,0.0679202053682
