,motion_thresh,age_l,age_u,n,med_rsq,CI_95
0,24.0,7.0,10.0,260.0,0.935034342003,0.104375585517
