,motion_thresh,age_l,age_u,n,med_rsq,CI_95,med_icc,CI_95_icc
0,10.0,9.0,12.0,180.0,0.968098879589,0.0198287493436,0.984088691737,0.0100659462857
