,motion_thresh,age_l,age_u,n,med_rsq,CI_95
0,40.0,10.0,13.0,110.0,0.973433180538,0.0513514636955
