,motion_thresh,age_l,age_u,n,med_rsq,CI_95
0,44.0,6.0,9.0,240.0,0.948182000973,0.0700823834758
