,motion_thresh,age_l,age_u,n,med_rsq,CI_95,med_icc,CI_95_icc
0,10.0,15.0,18.0,270.0,0.95963594705,0.0346217485917,0.979612794956,0.0175811178699
