,motion_thresh,age_l,age_u,n,med_rsq,CI_95
0,36.0,6.0,9.0,90.0,0.95193880055,0.059798007424
