,motion_thresh,age_l,age_u,n,med_rsq,CI_95
0,48.0,11.0,14.0,250.0,0.981315516102,0.021288857671
