,motion_thresh,age_l,age_u,n,med_rsq,CI_95
0,8.0,7.0,10.0,10.0,0.708017852809,0.370144598521
