,motion_thresh,age_l,age_u,n,med_rsq,CI_95
0,44.0,8.0,11.0,40.0,0.922568193484,0.0759610649292
