,motion_thresh,age_l,age_u,n,med_rsq,CI_95
0,36.0,14.0,17.0,70.0,0.955087828313,0.0721216694989
