,motion_thresh,age_l,age_u,n,med_rsq,CI_95
0,18.0,13.0,16.0,270.0,0.973820973771,0.0308939365706
