,motion_thresh,age_l,age_u,n,med_rsq,CI_95
0,28.0,9.0,12.0,290.0,0.973956654208,0.0367550846671
