,motion_thresh,age_l,age_u,n,med_rsq,CI_95,med_icc,CI_95_icc
0,50.0,6.0,9.0,150.0,0.95914903361,0.0334442742318,0.979548185754,0.0171462532799
