,motion_thresh,age_l,age_u,n,med_rsq,CI_95
0,24.0,7.0,10.0,190.0,0.931785146665,0.123062381182
