,motion_thresh,age_l,age_u,n,med_rsq,CI_95
0,46.0,7.0,10.0,260.0,0.964996902289,0.0330666793932
