,motion_thresh,age_l,age_u,n,med_rsq,CI_95
0,2.0,13.0,16.0,240.0,0.935938025767,0.0426710331552
