,motion_thresh,age_l,age_u,n,med_rsq,CI_95
0,24.0,14.0,17.0,180.0,0.969821191826,0.0526151351466
