,motion_thresh,age_l,age_u,n,med_rsq,CI_95,med_icc,CI_95_icc
0,10.0,14.0,17.0,120.0,0.951755190428,0.0912058410806,0.976146856844,0.0429049121226
