,motion_thresh,age_l,age_u,n,med_rsq,CI_95
0,10.0,7.0,10.0,160.0,0.950283000715,0.0452679398523
