,motion_thresh,age_l,age_u,n,med_rsq,CI_95,med_icc,CI_95_icc
0,15.0,7.0,10.0,60.0,0.952526585509,0.0579578404543,0.976735047963,0.027657043484
