,motion_thresh,age_l,age_u,n,med_rsq,CI_95
0,22.0,11.0,14.0,260.0,0.979360093258,0.0202792435422
