,motion_thresh,age_l,age_u,n,med_rsq,CI_95
0,6.0,11.0,14.0,230.0,0.969533370897,0.0254075810563
