,motion_thresh,age_l,age_u,n,med_rsq,CI_95
0,6.0,9.0,12.0,120.0,0.954200549705,0.0331725449085
