,motion_thresh,age_l,age_u,n,med_rsq,CI_95
0,30.0,15.0,18.0,190.0,0.968116059585,0.0379668518932
