,motion_thresh,age_l,age_u,n,med_rsq,CI_95
0,18.0,9.0,12.0,160.0,0.971026144286,0.034877412191
