,motion_thresh,age_l,age_u,n,med_rsq,CI_95
0,26.0,15.0,18.0,240.0,0.966021693385,0.0416884646521
