,motion_thresh,age_l,age_u,n,med_rsq,CI_95
0,50.0,12.0,15.0,180.0,0.981505372832,0.0244748521201
