,motion_thresh,age_l,age_u,n,med_rsq,CI_95
0,24.0,15.0,18.0,270.0,0.961725502498,0.0805556004795
