,motion_thresh,age_l,age_u,n,med_rsq,CI_95
0,6.0,11.0,14.0,170.0,0.96861379035,0.00984780317126
