,motion_thresh,age_l,age_u,n,med_rsq,CI_95
0,50.0,10.0,13.0,30.0,0.893199992696,0.169939505974
