,motion_thresh,age_l,age_u,n,med_rsq,CI_95
0,10.0,7.0,10.0,270.0,0.948824600213,0.0443444907873
