,motion_thresh,age_l,age_u,n,med_rsq,CI_95
0,22.0,14.0,17.0,150.0,0.969313500709,0.0519746175539
