,motion_thresh,age_l,age_u,n,med_rsq,CI_95
0,26.0,9.0,12.0,150.0,0.975811403578,0.0253586502405
