,motion_thresh,age_l,age_u,n,med_rsq,CI_95
0,18.0,15.0,18.0,20.0,0.848045934538,0.206829729772
