,motion_thresh,age_l,age_u,n,med_rsq,CI_95
0,14.0,6.0,9.0,20.0,0.847714618453,0.202357538785
