,motion_thresh,age_l,age_u,n,med_rsq,CI_95
0,34.0,7.0,10.0,170.0,0.965937400689,0.0337431247879
