,motion_thresh,age_l,age_u,n,med_rsq,CI_95
0,24.0,7.0,10.0,140.0,0.931611806196,0.0969365232575
