,motion_thresh,age_l,age_u,n,med_rsq,CI_95
0,24.0,7.0,10.0,210.0,0.927680896468,0.122011848944
