,motion_thresh,age_l,age_u,n,med_rsq,CI_95
0,38.0,10.0,13.0,140.0,0.978036857194,0.0267525744502
