,motion_thresh,age_l,age_u,n,med_rsq,CI_95
0,4.0,14.0,17.0,20.0,0.851827004553,0.0570308548125
