,motion_thresh,age_l,age_u,n,med_rsq,CI_95
0,32.0,10.0,13.0,290.0,0.978842972545,0.0214803939904
