,motion_thresh,age_l,age_u,n,med_rsq,CI_95
0,14.0,15.0,18.0,240.0,0.956693014177,0.0495979507528
