,motion_thresh,age_l,age_u,n,med_rsq,CI_95
0,42.0,14.0,17.0,220.0,0.974667861981,0.0392318064731
