,motion_thresh,age_l,age_u,n,med_rsq,CI_95
0,32.0,11.0,14.0,300.0,0.977646890202,0.0265649701931
