,motion_thresh,age_l,age_u,n,med_rsq,CI_95
0,42.0,8.0,11.0,50.0,0.940928388434,0.0978189992106
