,motion_thresh,age_l,age_u,n,med_rsq,CI_95,med_icc,CI_95_icc
0,25.0,7.0,10.0,210.0,0.933999852787,0.118518101878,0.968360545572,0.0541705954862
