,motion_thresh,age_l,age_u,n,med_rsq,CI_95
0,8.0,11.0,14.0,250.0,0.970026050546,0.0293513907898
