,motion_thresh,age_l,age_u,n,med_rsq,CI_95
0,8.0,11.0,14.0,80.0,0.963339547978,0.0557447974113
