,motion_thresh,age_l,age_u,n,med_rsq,CI_95,med_icc,CI_95_icc
0,40.0,11.0,14.0,120.0,0.977120579618,0.0321180311686,0.988645389353,0.0160349086043
