,motion_thresh,age_l,age_u,n,med_rsq,CI_95
0,2.0,8.0,11.0,230.0,0.903255593625,0.045028999551
