,motion_thresh,age_l,age_u,n,med_rsq,CI_95
0,38.0,10.0,13.0,130.0,0.976072837431,0.0348513563885
