,motion_thresh,age_l,age_u,n,med_rsq,CI_95,med_icc,CI_95_icc
0,45.0,6.0,9.0,60.0,0.952349215408,0.0608196100829,0.976435888792,0.0289527288958
