,motion_thresh,age_l,age_u,n,med_rsq,CI_95
0,20.0,8.0,11.0,40.0,0.92014486177,0.0889284241522
