,motion_thresh,age_l,age_u,n,med_rsq,CI_95
0,6.0,6.0,9.0,150.0,0.893440788578,0.0784047989341
