,motion_thresh,age_l,age_u,n,med_rsq,CI_95
0,18.0,7.0,10.0,100.0,0.954571579535,0.100818736547
