,motion_thresh,age_l,age_u,n,med_rsq,CI_95
0,22.0,15.0,18.0,200.0,0.965109964205,0.0471535215898
