,motion_thresh,age_l,age_u,n,med_rsq,CI_95,med_icc,CI_95_icc
0,5.0,13.0,16.0,90.0,0.970232481025,0.0304804840206,0.984902347961,0.0158757899803
