,motion_thresh,age_l,age_u,n,med_rsq,CI_95
0,32.0,7.0,10.0,20.0,0.844625724072,0.246820782859
