,motion_thresh,age_l,age_u,n,med_rsq,CI_95
0,2.0,15.0,18.0,300.0,0.92425614962,0.0431719089702
