,motion_thresh,age_l,age_u,n,med_rsq,CI_95
0,50.0,8.0,11.0,10.0,0.701417156125,0.436885512688
