,motion_thresh,age_l,age_u,n,med_rsq,CI_95
0,2.0,10.0,13.0,180.0,0.936608805363,0.0364224294987
