,motion_thresh,age_l,age_u,n,med_rsq,CI_95
0,8.0,9.0,12.0,190.0,0.956417443896,0.0499141874857
