,motion_thresh,age_l,age_u,n,med_rsq,CI_95
0,32.0,14.0,17.0,110.0,0.972379101217,0.0507240252465
