,motion_thresh,age_l,age_u,n,med_rsq,CI_95
0,10.0,8.0,11.0,200.0,0.957754699125,0.04223564103
