,motion_thresh,age_l,age_u,n,med_rsq,CI_95,med_icc,CI_95_icc
0,25.0,8.0,11.0,240.0,0.971660292202,0.0448013372805,0.98619142525,0.0210452712865
