,motion_thresh,age_l,age_u,n,med_rsq,CI_95
0,14.0,8.0,11.0,210.0,0.963921756301,0.0357716851389
