,motion_thresh,age_l,age_u,n,med_rsq,CI_95
0,8.0,14.0,17.0,20.0,0.856235021762,0.168326778113
