,motion_thresh,age_l,age_u,n,med_rsq,CI_95
0,14.0,15.0,18.0,190.0,0.959252068569,0.0382714793621
