,motion_thresh,age_l,age_u,n,med_rsq,CI_95
0,48.0,15.0,18.0,190.0,0.966987214545,0.0365106672778
