,motion_thresh,age_l,age_u,n,med_rsq,CI_95
0,6.0,11.0,14.0,230.0,0.970872928148,0.0112349028357
