,motion_thresh,age_l,age_u,n,med_rsq,CI_95
0,6.0,7.0,10.0,80.0,0.928104046182,0.0496768799532
