,motion_thresh,age_l,age_u,n,med_rsq,CI_95
0,12.0,8.0,11.0,200.0,0.957359762714,0.0549757968342
