,motion_thresh,age_l,age_u,n,med_rsq,CI_95
0,38.0,15.0,18.0,140.0,0.969592057304,0.0336956881753
