,motion_thresh,age_l,age_u,n,med_rsq,CI_95
0,6.0,9.0,12.0,40.0,0.920800428848,0.0631271107959
