,motion_thresh,age_l,age_u,n,med_rsq,CI_95
0,22.0,15.0,18.0,230.0,0.963169067333,0.0469315429731
