,motion_thresh,age_l,age_u,n,med_rsq,CI_95
0,32.0,7.0,10.0,290.0,0.964364207511,0.0419271960755
