,motion_thresh,age_l,age_u,n,med_rsq,CI_95
0,48.0,7.0,10.0,260.0,0.968463535302,0.030607953601
