,motion_thresh,age_l,age_u,n,med_rsq,CI_95
0,34.0,14.0,17.0,80.0,0.958618777697,0.0795205609689
