,motion_thresh,age_l,age_u,n,med_rsq,CI_95
0,44.0,7.0,10.0,210.0,0.964258479294,0.0453470162663
