,motion_thresh,age_l,age_u,n,med_rsq,CI_95
0,18.0,15.0,18.0,130.0,0.956457567854,0.108333187899
