,motion_thresh,age_l,age_u,n,med_rsq,CI_95
0,8.0,9.0,12.0,270.0,0.955885901346,0.0463610911108
