,motion_thresh,age_l,age_u,n,med_rsq,CI_95
0,14.0,15.0,18.0,210.0,0.9570684874,0.0565496543609
