,motion_thresh,age_l,age_u,n,med_rsq,CI_95
0,44.0,11.0,14.0,40.0,0.926991592565,0.108565227657
