,motion_thresh,age_l,age_u,n,med_rsq,CI_95
0,50.0,11.0,14.0,300.0,0.98014050552,0.0278397338198
