,motion_thresh,age_l,age_u,n,med_rsq,CI_95
0,44.0,10.0,13.0,260.0,0.980831440406,0.0247112008109
