,motion_thresh,age_l,age_u,n,med_rsq,CI_95
0,18.0,11.0,14.0,300.0,0.9785344564,0.0203838193038
