,motion_thresh,age_l,age_u,n,med_rsq,CI_95,med_icc,CI_95_icc
0,35.0,8.0,11.0,300.0,0.977716530191,0.0243899082593,0.988899331938,0.0123511937597
