,motion_thresh,age_l,age_u,n,med_rsq,CI_95
0,20.0,6.0,9.0,10.0,0.710749013012,0.501185833249
