,motion_thresh,age_l,age_u,n,med_rsq,CI_95,med_icc,CI_95_icc
0,20.0,8.0,11.0,60.0,0.954982584872,0.0619096245589,0.977533204863,0.0302564076761
