,motion_thresh,age_l,age_u,n,med_rsq,CI_95
0,46.0,9.0,12.0,60.0,0.945743617238,0.0757709488157
