,motion_thresh,age_l,age_u,n,med_rsq,CI_95
0,28.0,8.0,11.0,80.0,0.961447612686,0.0513582146772
