,motion_thresh,age_l,age_u,n,med_rsq,CI_95
0,28.0,6.0,9.0,180.0,0.945622185358,0.0624817496753
