,motion_thresh,age_l,age_u,n,med_rsq,CI_95
0,16.0,13.0,16.0,90.0,0.964945913209,0.0403903809869
