,motion_thresh,age_l,age_u,n,med_rsq,CI_95
0,30.0,11.0,14.0,280.0,0.979806655787,0.0308171832427
