,motion_thresh,age_l,age_u,n,med_rsq,CI_95
0,28.0,6.0,9.0,270.0,0.945654494504,0.052940387253
