,motion_thresh,age_l,age_u,n,med_rsq,CI_95,med_icc,CI_95_icc
0,35.0,10.0,13.0,180.0,0.979208516065,0.0317092845914,0.989540207887,0.016536975421
