,motion_thresh,age_l,age_u,n,med_rsq,CI_95
0,8.0,9.0,12.0,250.0,0.956332367012,0.0408006388858
