,motion_thresh,age_l,age_u,n,med_rsq,CI_95
0,32.0,11.0,14.0,90.0,0.967929003133,0.0402190952619
