,motion_thresh,age_l,age_u,n,med_rsq,CI_95
0,24.0,6.0,9.0,100.0,0.944822478821,0.0582885179686
