,motion_thresh,age_l,age_u,n,med_rsq,CI_95
0,4.0,12.0,15.0,230.0,0.939264883035,0.0673455655034
