,motion_thresh,age_l,age_u,n,med_rsq,CI_95
0,48.0,12.0,15.0,20.0,0.850647553895,0.156750881233
