,motion_thresh,age_l,age_u,n,med_rsq,CI_95
0,44.0,8.0,11.0,250.0,0.974687470902,0.0410014239197
