,motion_thresh,age_l,age_u,n,med_rsq,CI_95
0,6.0,15.0,18.0,40.0,0.917616956294,0.124920774298
