,motion_thresh,age_l,age_u,n,med_rsq,CI_95
0,32.0,13.0,16.0,130.0,0.976223603604,0.0251914500719
