,motion_thresh,age_l,age_u,n,med_rsq,CI_95
0,10.0,9.0,12.0,130.0,0.964864925392,0.0281500021599
