,motion_thresh,age_l,age_u,n,med_rsq,CI_95
0,4.0,9.0,12.0,190.0,0.93302616953,0.0401820052133
