,motion_thresh,age_l,age_u,n,med_rsq,CI_95
0,28.0,15.0,18.0,100.0,0.96859276356,0.0307679137894
