,motion_thresh,age_l,age_u,n,med_rsq,CI_95
0,6.0,10.0,13.0,130.0,0.956957318222,0.0406629965609
