,motion_thresh,age_l,age_u,n,med_rsq,CI_95
0,20.0,13.0,16.0,120.0,0.974427858141,0.0292596429089
