,motion_thresh,age_l,age_u,n,med_rsq,CI_95
0,44.0,8.0,11.0,100.0,0.967802601389,0.0365267286277
