,motion_thresh,age_l,age_u,n,med_rsq,CI_95
0,48.0,8.0,11.0,280.0,0.974750738776,0.0310236559452
