,motion_thresh,age_l,age_u,n,med_rsq,CI_95
0,20.0,9.0,12.0,240.0,0.972369719564,0.0294670866645
