,motion_thresh,age_l,age_u,n,med_rsq,CI_95
0,16.0,12.0,15.0,90.0,0.968203823847,0.0252020163816
