,motion_thresh,age_l,age_u,n,med_rsq,CI_95
0,42.0,13.0,16.0,90.0,0.966389459782,0.0486544477387
