,motion_thresh,age_l,age_u,n,med_rsq,CI_95
0,24.0,13.0,16.0,50.0,0.938631732973,0.113987610715
