,motion_thresh,age_l,age_u,n,med_rsq,CI_95
0,34.0,9.0,12.0,180.0,0.977196150659,0.0190835324658
