,motion_thresh,age_l,age_u,n,med_rsq,CI_95
0,32.0,9.0,12.0,160.0,0.97572598683,0.0277296577552
