,motion_thresh,age_l,age_u,n,med_rsq,CI_95
0,32.0,11.0,14.0,290.0,0.979443661943,0.023885339823
