,motion_thresh,age_l,age_u,n,med_rsq,CI_95
0,8.0,15.0,18.0,30.0,0.895341882013,0.150461141676
