,motion_thresh,age_l,age_u,n,med_rsq,CI_95
0,26.0,12.0,15.0,140.0,0.977756510698,0.0282411413692
