,motion_thresh,age_l,age_u,n,med_rsq,CI_95
0,28.0,9.0,12.0,90.0,0.965002041698,0.0470055512629
