,motion_thresh,age_l,age_u,n,med_rsq,CI_95
0,34.0,6.0,9.0,20.0,0.848192766515,0.215824187971
