,motion_thresh,age_l,age_u,n,med_rsq,CI_95
0,10.0,7.0,10.0,150.0,0.950777022127,0.0482322266726
