,motion_thresh,age_l,age_u,n,med_rsq,CI_95
0,42.0,11.0,14.0,250.0,0.980672420768,0.0327259976414
