,motion_thresh,age_l,age_u,n,med_rsq,CI_95
0,26.0,9.0,12.0,250.0,0.974974917163,0.0308323790941
