,motion_thresh,age_l,age_u,n,med_rsq,CI_95
0,18.0,9.0,12.0,140.0,0.971046708915,0.0307071947157
