,motion_thresh,age_l,age_u,n,med_rsq,CI_95
0,38.0,7.0,10.0,250.0,0.962448649813,0.0413159550838
