,motion_thresh,age_l,age_u,n,med_rsq,CI_95
0,44.0,14.0,17.0,30.0,0.904903883458,0.237257080353
