,motion_thresh,age_l,age_u,n,med_rsq,CI_95
0,48.0,14.0,17.0,30.0,0.901912965407,0.159877101312
