,motion_thresh,age_l,age_u,n,med_rsq,CI_95
0,38.0,9.0,12.0,60.0,0.948267185558,0.108288729664
