,motion_thresh,age_l,age_u,n,med_rsq,CI_95
0,46.0,10.0,13.0,70.0,0.955815788607,0.0653766343951
