,motion_thresh,age_l,age_u,n,med_rsq,CI_95
0,2.0,12.0,15.0,80.0,0.947070141289,0.0334301120131
