,motion_thresh,age_l,age_u,n,med_rsq,CI_95
0,6.0,9.0,12.0,250.0,0.950440844132,0.0178040570179
