,motion_thresh,age_l,age_u,n,med_rsq,CI_95
0,10.0,15.0,18.0,60.0,0.94765740986,0.0846283674738
