,motion_thresh,age_l,age_u,n,med_rsq,CI_95
0,22.0,14.0,17.0,40.0,0.92445955002,0.107976807265
