,motion_thresh,age_l,age_u,n,med_rsq,CI_95
0,38.0,7.0,10.0,240.0,0.962233833561,0.0399488027644
