,motion_thresh,age_l,age_u,n,med_rsq,CI_95
0,36.0,15.0,18.0,30.0,0.898895223694,0.147465525608
