,motion_thresh,age_l,age_u,n,med_rsq,CI_95
0,24.0,11.0,14.0,220.0,0.976203763675,0.0236218804187
