,motion_thresh,age_l,age_u,n,med_rsq,CI_95
0,26.0,15.0,18.0,190.0,0.962322854903,0.0503017408869
