,motion_thresh,age_l,age_u,n,med_rsq,CI_95
0,30.0,9.0,12.0,250.0,0.975732815327,0.0249041816402
