,motion_thresh,age_l,age_u,n,med_rsq,CI_95
0,6.0,12.0,15.0,170.0,0.968670041488,0.0359839578596
