,motion_thresh,age_l,age_u,n,med_rsq,CI_95
0,38.0,15.0,18.0,100.0,0.968657685237,0.044221963734
