,motion_thresh,age_l,age_u,n,med_rsq,CI_95
0,42.0,7.0,10.0,60.0,0.947323547678,0.0674976166787
