,motion_thresh,age_l,age_u,n,med_rsq,CI_95
0,50.0,12.0,15.0,100.0,0.97018517356,0.0255949889729
