,motion_thresh,age_l,age_u,n,med_rsq,CI_95
0,42.0,13.0,16.0,50.0,0.942408439358,0.0932337113128
