,motion_thresh,age_l,age_u,n,med_rsq,CI_95
0,4.0,12.0,15.0,80.0,0.943229996442,0.0671252206322
