,motion_thresh,age_l,age_u,n,med_rsq,CI_95
0,14.0,7.0,10.0,120.0,0.957379839276,0.0446575397424
