,motion_thresh,age_l,age_u,n,med_rsq,CI_95
0,50.0,11.0,14.0,150.0,0.980157623536,0.026870505907
