,motion_thresh,age_l,age_u,n,med_rsq,CI_95
0,44.0,14.0,17.0,70.0,0.953976605608,0.0747325316543
