,motion_thresh,age_l,age_u,n,med_rsq,CI_95
0,18.0,10.0,13.0,130.0,0.973340365681,0.0246543081944
