,motion_thresh,age_l,age_u,n,med_rsq,CI_95
0,4.0,10.0,13.0,70.0,0.954827879273,0.0366179045645
