,motion_thresh,age_l,age_u,n,med_rsq,CI_95
0,44.0,6.0,9.0,190.0,0.94843780214,0.064804939702
