,motion_thresh,age_l,age_u,n,med_rsq,CI_95
0,4.0,12.0,15.0,260.0,0.938419686982,0.0686972163862
