,motion_thresh,age_l,age_u,n,med_rsq,CI_95
0,24.0,7.0,10.0,280.0,0.936624498071,0.132726383052
