,motion_thresh,age_l,age_u,n,med_rsq,CI_95
0,6.0,14.0,17.0,160.0,0.964540140467,0.0124857458672
