,motion_thresh,age_l,age_u,n,med_rsq,CI_95
0,28.0,10.0,13.0,280.0,0.970230751629,0.0494203770165
