,motion_thresh,age_l,age_u,n,med_rsq,CI_95,med_icc,CI_95_icc
0,30.0,8.0,11.0,300.0,0.976675749162,0.0333828887493,0.988207136769,0.0168941511366
