,motion_thresh,age_l,age_u,n,med_rsq,CI_95
0,14.0,12.0,15.0,40.0,0.926769861214,0.0999217326649
