,motion_thresh,age_l,age_u,n,med_rsq,CI_95
0,38.0,8.0,11.0,300.0,0.973828207971,0.0330233517249
