,motion_thresh,age_l,age_u,n,med_rsq,CI_95
0,32.0,12.0,15.0,100.0,0.969644322487,0.0430399493691
