,motion_thresh,age_l,age_u,n,med_rsq,CI_95
0,30.0,10.0,13.0,60.0,0.949660818836,0.0752326334685
