,motion_thresh,age_l,age_u,n,med_rsq,CI_95
0,34.0,9.0,12.0,250.0,0.977487762624,0.0401269335883
