,motion_thresh,age_l,age_u,n,med_rsq,CI_95
0,36.0,14.0,17.0,160.0,0.97378070357,0.0361392561961
