,motion_thresh,age_l,age_u,n,med_rsq,CI_95
0,28.0,9.0,12.0,30.0,0.898126769236,0.128840491994
