,motion_thresh,age_l,age_u,n,med_rsq,CI_95
0,34.0,14.0,17.0,280.0,0.973989400304,0.0514595085887
