,motion_thresh,age_l,age_u,n,med_rsq,CI_95
0,24.0,13.0,16.0,180.0,0.975935133243,0.0274561807376
