,motion_thresh,age_l,age_u,n,med_rsq,CI_95
0,46.0,10.0,13.0,210.0,0.972718568257,0.0488130874942
