,motion_thresh,age_l,age_u,n,med_rsq,CI_95
0,16.0,6.0,9.0,10.0,0.705826324673,0.437027666748
