,motion_thresh,age_l,age_u,n,med_rsq,CI_95
0,6.0,8.0,11.0,100.0,0.942648823003,0.0813873654376
