,motion_thresh,age_l,age_u,n,med_rsq,CI_95,med_icc,CI_95_icc
0,30.0,9.0,12.0,90.0,0.968686039496,0.0408221028411,0.984273390266,0.0191978203558
