,motion_thresh,age_l,age_u,n,med_rsq,CI_95
0,6.0,14.0,17.0,220.0,0.963347377052,0.0367540619832
