,motion_thresh,age_l,age_u,n,med_rsq,CI_95
0,46.0,10.0,13.0,290.0,0.972498245182,0.0505544793119
