,motion_thresh,age_l,age_u,n,med_rsq,CI_95
0,4.0,12.0,15.0,300.0,0.937938272853,0.0649598580682
