,motion_thresh,age_l,age_u,n,med_rsq,CI_95
0,44.0,8.0,11.0,210.0,0.973155868824,0.0316089420054
