,motion_thresh,age_l,age_u,n,med_rsq,CI_95
0,28.0,14.0,17.0,130.0,0.972141077477,0.018828572159
