,motion_thresh,age_l,age_u,n,med_rsq,CI_95,med_icc,CI_95_icc
0,40.0,9.0,12.0,270.0,0.979751718394,0.036435503143,0.989673542258,0.0188762774594
