,motion_thresh,age_l,age_u,n,med_rsq,CI_95
0,12.0,9.0,12.0,280.0,0.966251766964,0.0355233435224
