,motion_thresh,age_l,age_u,n,med_rsq,CI_95,med_icc,CI_95_icc
0,35.0,8.0,11.0,240.0,0.978525133248,0.023092779233,0.989196092709,0.0119951763284
