,motion_thresh,age_l,age_u,n,med_rsq,CI_95
0,46.0,8.0,11.0,170.0,0.975727679633,0.0309691339463
