,motion_thresh,age_l,age_u,n,med_rsq,CI_95,med_icc,CI_95_icc
0,30.0,9.0,12.0,30.0,0.909092331356,0.167559720404,0.954593531694,0.0751772219939
