,motion_thresh,age_l,age_u,n,med_rsq,CI_95,med_icc,CI_95_icc
0,25.0,14.0,17.0,180.0,0.978001650446,0.0292906843475,0.988994707968,0.0141189618089
