,motion_thresh,age_l,age_u,n,med_rsq,CI_95
0,18.0,6.0,9.0,300.0,0.939973866526,0.0895017238105
