,motion_thresh,age_l,age_u,n,med_rsq,CI_95
0,22.0,12.0,15.0,110.0,0.972843642563,0.0376591967045
