,motion_thresh,age_l,age_u,n,med_rsq,CI_95,med_icc,CI_95_icc
0,30.0,15.0,18.0,180.0,0.971498621933,0.0399669555136,0.985857000265,0.0210091252746
