,motion_thresh,age_l,age_u,n,med_rsq,CI_95
0,4.0,12.0,15.0,270.0,0.935718566762,0.0712634707958
