,motion_thresh,age_l,age_u,n,med_rsq,CI_95
0,38.0,14.0,17.0,260.0,0.973161837304,0.0499953039936
