,motion_thresh,age_l,age_u,n,med_rsq,CI_95
0,8.0,11.0,14.0,150.0,0.969740570129,0.0268818764562
