,motion_thresh,age_l,age_u,n,med_rsq,CI_95
0,16.0,7.0,10.0,190.0,0.944433813243,0.0846833866979
