,motion_thresh,age_l,age_u,n,med_rsq,CI_95
0,24.0,12.0,15.0,100.0,0.970189800299,0.0260089177684
