,motion_thresh,age_l,age_u,n,med_rsq,CI_95
0,26.0,9.0,12.0,270.0,0.974694682387,0.0223531082641
