,motion_thresh,age_l,age_u,n,med_rsq,CI_95
0,50.0,13.0,16.0,170.0,0.977871603547,0.0294174581677
