,motion_thresh,age_l,age_u,n,med_rsq,CI_95
0,44.0,8.0,11.0,50.0,0.939445561154,0.117107711569
