,motion_thresh,age_l,age_u,n,med_rsq,CI_95
0,40.0,11.0,14.0,200.0,0.980887255221,0.0262829241811
