,motion_thresh,age_l,age_u,n,med_rsq,CI_95
0,50.0,12.0,15.0,50.0,0.941342489025,0.0823348111555
