,motion_thresh,age_l,age_u,n,med_rsq,CI_95
0,44.0,11.0,14.0,90.0,0.966324303276,0.0474097677999
