,motion_thresh,age_l,age_u,n,med_rsq,CI_95
0,42.0,14.0,17.0,240.0,0.974891008666,0.0326344547144
