,motion_thresh,age_l,age_u,n,med_rsq,CI_95
0,42.0,6.0,9.0,50.0,0.933305145567,0.0936941187266
