,motion_thresh,age_l,age_u,n,med_rsq,CI_95
0,2.0,14.0,17.0,240.0,0.943417332265,0.0194454049611
