,motion_thresh,age_l,age_u,n,med_rsq,CI_95
0,32.0,13.0,16.0,50.0,0.939338637735,0.0812586466361
