,motion_thresh,age_l,age_u,n,med_rsq,CI_95
0,34.0,9.0,12.0,90.0,0.965533675677,0.0559013242656
