,motion_thresh,age_l,age_u,n,med_rsq,CI_95
0,18.0,8.0,11.0,300.0,0.96567694165,0.0340978285993
