,motion_thresh,age_l,age_u,n,med_rsq,CI_95
0,30.0,13.0,16.0,210.0,0.976744842926,0.0270868944713
