,motion_thresh,age_l,age_u,n,med_rsq,CI_95
0,42.0,6.0,9.0,40.0,0.916684307937,0.138914890398
