,motion_thresh,age_l,age_u,n,med_rsq,CI_95
0,22.0,7.0,10.0,50.0,0.939875405399,0.0855942757031
