,motion_thresh,age_l,age_u,n,med_rsq,CI_95
0,40.0,7.0,10.0,160.0,0.964328121274,0.0425894977941
