,motion_thresh,age_l,age_u,n,med_rsq,CI_95
0,10.0,6.0,9.0,230.0,0.926251054825,0.0840228565046
