,motion_thresh,age_l,age_u,n,med_rsq,CI_95,med_icc,CI_95_icc
0,20.0,15.0,18.0,120.0,0.964563312997,0.0559155225702,0.982306878802,0.0264681143202
