,motion_thresh,age_l,age_u,n,med_rsq,CI_95
0,4.0,14.0,17.0,130.0,0.95207376453,0.0380365771408
