,motion_thresh,age_l,age_u,n,med_rsq,CI_95
0,36.0,8.0,11.0,270.0,0.973054005052,0.0365632878724
