,motion_thresh,age_l,age_u,n,med_rsq,CI_95
0,28.0,12.0,15.0,210.0,0.977810103688,0.0359952421043
