,motion_thresh,age_l,age_u,n,med_rsq,CI_95
0,34.0,14.0,17.0,170.0,0.975178041802,0.0393452482273
