,motion_thresh,age_l,age_u,n,med_rsq,CI_95
0,14.0,11.0,14.0,260.0,0.976352229012,0.0213376881417
