,motion_thresh,age_l,age_u,n,med_rsq,CI_95
0,10.0,14.0,17.0,40.0,0.922229840801,0.14162154793
