,motion_thresh,age_l,age_u,n,med_rsq,CI_95
0,2.0,11.0,14.0,260.0,0.943804779181,0.0167378835053
