,motion_thresh,age_l,age_u,n,med_rsq,CI_95
0,16.0,14.0,17.0,90.0,0.965683548668,0.0419205733106
