,motion_thresh,age_l,age_u,n,med_rsq,CI_95
0,18.0,9.0,12.0,50.0,0.94138836578,0.0775532265407
