,motion_thresh,age_l,age_u,n,med_rsq,CI_95
0,14.0,11.0,14.0,130.0,0.974972199871,0.0228744308491
