,motion_thresh,age_l,age_u,n,med_rsq,CI_95
0,30.0,13.0,16.0,60.0,0.947266347818,0.0593515165439
