,motion_thresh,age_l,age_u,n,med_rsq,CI_95
0,6.0,10.0,13.0,120.0,0.956473815337,0.0262681375499
