,motion_thresh,age_l,age_u,n,med_rsq,CI_95
0,4.0,15.0,18.0,180.0,0.938145569728,0.0654983658706
