,motion_thresh,age_l,age_u,n,med_rsq,CI_95
0,12.0,6.0,9.0,10.0,0.714092158373,0.342290853371
