,motion_thresh,age_l,age_u,n,med_rsq,CI_95
0,4.0,10.0,13.0,170.0,0.954943864857,0.0289445565603
