,motion_thresh,age_l,age_u,n,med_rsq,CI_95
0,44.0,6.0,9.0,120.0,0.947047570661,0.0699398116612
