,motion_thresh,age_l,age_u,n,med_rsq,CI_95
0,36.0,8.0,11.0,80.0,0.958628001,0.0519410553849
