,motion_thresh,age_l,age_u,n,med_rsq,CI_95
0,20.0,10.0,13.0,230.0,0.972170232743,0.0361266308964
