,motion_thresh,age_l,age_u,n,med_rsq,CI_95,med_icc,CI_95_icc
0,10.0,8.0,11.0,300.0,0.964056948988,0.0275965851803,0.982021854368,0.0137611995236
