,motion_thresh,age_l,age_u,n,med_rsq,CI_95
0,36.0,7.0,10.0,110.0,0.962449173311,0.0438331919664
