,motion_thresh,age_l,age_u,n,med_rsq,CI_95
0,28.0,12.0,15.0,110.0,0.972687848606,0.0295206365994
