,motion_thresh,age_l,age_u,n,med_rsq,CI_95
0,36.0,9.0,12.0,190.0,0.97707084063,0.0234284194073
