,motion_thresh,age_l,age_u,n,med_rsq,CI_95
0,48.0,15.0,18.0,90.0,0.966814613374,0.0458574803512
