,motion_thresh,age_l,age_u,n,med_rsq,CI_95
0,2.0,7.0,10.0,150.0,0.875904624598,0.169998751718
