,motion_thresh,age_l,age_u,n,med_rsq,CI_95
0,2.0,8.0,11.0,120.0,0.914655310119,0.0384920465507
