,motion_thresh,age_l,age_u,n,med_rsq,CI_95
0,46.0,12.0,15.0,150.0,0.980954834362,0.0257186546157
