,motion_thresh,age_l,age_u,n,med_rsq,CI_95
0,34.0,8.0,11.0,130.0,0.973521924528,0.0308967871285
