,motion_thresh,age_l,age_u,n,med_rsq,CI_95
0,30.0,10.0,13.0,170.0,0.976703526808,0.0243602813227
