,motion_thresh,age_l,age_u,n,med_rsq,CI_95,med_icc,CI_95_icc
0,35.0,9.0,12.0,210.0,0.979391464597,0.0266089437564,0.989771516273,0.0136267986053
