,motion_thresh,age_l,age_u,n,med_rsq,CI_95
0,50.0,8.0,11.0,90.0,0.964618373145,0.0352746191554
