,motion_thresh,age_l,age_u,n,med_rsq,CI_95
0,36.0,9.0,12.0,160.0,0.976930687996,0.0201873529889
