,motion_thresh,age_l,age_u,n,med_rsq,CI_95
0,44.0,9.0,12.0,10.0,0.709715468425,0.564589245949
