,motion_thresh,age_l,age_u,n,med_rsq,CI_95
0,12.0,14.0,17.0,240.0,0.968028691423,0.0455934252536
