,motion_thresh,age_l,age_u,n,med_rsq,CI_95
0,48.0,11.0,14.0,210.0,0.981575555321,0.0183491256706
