,motion_thresh,age_l,age_u,n,med_rsq,CI_95,med_icc,CI_95_icc
0,50.0,6.0,9.0,240.0,0.958475939755,0.0471326081164,0.979132664993,0.0217059817256
