,motion_thresh,age_l,age_u,n,med_rsq,CI_95
0,48.0,8.0,11.0,260.0,0.97544689415,0.0232461065465
