,motion_thresh,age_l,age_u,n,med_rsq,CI_95,med_icc,CI_95_icc
0,40.0,13.0,16.0,180.0,0.979827774278,0.020418808853,0.989875385106,0.0101730306417
