,motion_thresh,age_l,age_u,n,med_rsq,CI_95
0,50.0,10.0,13.0,40.0,0.922445207141,0.103531429491
