,motion_thresh,age_l,age_u,n,med_rsq,CI_95
0,38.0,12.0,15.0,150.0,0.979742040082,0.0208356369662
