,motion_thresh,age_l,age_u,n,med_rsq,CI_95
0,20.0,6.0,9.0,140.0,0.940541792342,0.0615345442002
