,motion_thresh,age_l,age_u,n,med_rsq,CI_95,med_icc,CI_95_icc
0,30.0,14.0,17.0,240.0,0.975840416397,0.0358624509486,0.987831387511,0.0177861138245
