,motion_thresh,age_l,age_u,n,med_rsq,CI_95
0,4.0,7.0,10.0,280.0,0.921382658959,0.0810648514978
