,motion_thresh,age_l,age_u,n,med_rsq,CI_95,med_icc,CI_95_icc
0,45.0,11.0,14.0,210.0,0.984219751491,0.0236895719739,0.992107319198,0.0116368652191
