,motion_thresh,age_l,age_u,n,med_rsq,CI_95
0,48.0,9.0,12.0,110.0,0.971266384452,0.0438259739094
