,motion_thresh,age_l,age_u,n,med_rsq,CI_95
0,48.0,6.0,9.0,200.0,0.943957504288,0.0973217351931
