,motion_thresh,age_l,age_u,n,med_rsq,CI_95
0,42.0,13.0,16.0,80.0,0.961929222339,0.0441501949387
