,motion_thresh,age_l,age_u,n,med_rsq,CI_95
0,4.0,12.0,15.0,290.0,0.936886505795,0.0626948732072
