,motion_thresh,age_l,age_u,n,med_rsq,CI_95
0,50.0,14.0,17.0,210.0,0.975551295107,0.0276925220273
