,motion_thresh,age_l,age_u,n,med_rsq,CI_95
0,34.0,15.0,18.0,30.0,0.902181435815,0.108008523605
