,motion_thresh,age_l,age_u,n,med_rsq,CI_95
0,4.0,8.0,11.0,90.0,0.929371146109,0.0500064999465
