,motion_thresh,age_l,age_u,n,med_rsq,CI_95
0,24.0,9.0,12.0,260.0,0.973474282568,0.0274940808288
