,motion_thresh,age_l,age_u,n,med_rsq,CI_95
0,2.0,14.0,17.0,300.0,0.949488341542,0.0206743822181
