,motion_thresh,age_l,age_u,n,med_rsq,CI_95
0,16.0,9.0,12.0,10.0,0.709374996974,0.503178302714
