,motion_thresh,age_l,age_u,n,med_rsq,CI_95,med_icc,CI_95_icc
0,50.0,13.0,16.0,300.0,0.980807086157,0.0228824075769,0.990463372561,0.0109276884386
