,motion_thresh,age_l,age_u,n,med_rsq,CI_95
0,44.0,10.0,13.0,300.0,0.981422358038,0.0347159919851
