,motion_thresh,age_l,age_u,n,med_rsq,CI_95
0,4.0,11.0,14.0,150.0,0.961915163864,0.02072266738
