,motion_thresh,age_l,age_u,n,med_rsq,CI_95
0,50.0,14.0,17.0,50.0,0.942714614443,0.0659901292246
