,motion_thresh,age_l,age_u,n,med_rsq,CI_95
0,36.0,8.0,11.0,290.0,0.974066191267,0.0243343806132
