,motion_thresh,age_l,age_u,n,med_rsq,CI_95
0,2.0,7.0,10.0,160.0,0.883219512183,0.173392525714
