,motion_thresh,age_l,age_u,n,med_rsq,CI_95
0,4.0,12.0,15.0,50.0,0.941865694365,0.0673589600443
