,motion_thresh,age_l,age_u,n,med_rsq,CI_95
0,14.0,7.0,10.0,100.0,0.956908886631,0.0476226283917
