,motion_thresh,age_l,age_u,n,med_rsq,CI_95
0,2.0,6.0,9.0,70.0,0.867952509391,0.0883290247334
