,motion_thresh,age_l,age_u,n,med_rsq,CI_95
0,36.0,13.0,16.0,20.0,0.857048100847,0.167367591423
