,motion_thresh,age_l,age_u,n,med_rsq,CI_95
0,28.0,15.0,18.0,130.0,0.969075565608,0.0401353512946
