,motion_thresh,age_l,age_u,n,med_rsq,CI_95
0,30.0,11.0,14.0,180.0,0.979873708836,0.0260193366892
