,motion_thresh,age_l,age_u,n,med_rsq,CI_95
0,12.0,8.0,11.0,180.0,0.956764042939,0.0550437014891
