,motion_thresh,age_l,age_u,n,med_rsq,CI_95
0,4.0,6.0,9.0,170.0,0.89434547511,0.0379707806482
