,motion_thresh,age_l,age_u,n,med_rsq,CI_95
0,22.0,13.0,16.0,240.0,0.97641699194,0.0198712524054
