,motion_thresh,age_l,age_u,n,med_rsq,CI_95
0,6.0,9.0,12.0,300.0,0.951511076495,0.0314076106088
