,motion_thresh,age_l,age_u,n,med_rsq,CI_95
0,38.0,15.0,18.0,190.0,0.969434180345,0.034685131938
