,motion_thresh,age_l,age_u,n,med_rsq,CI_95
0,50.0,10.0,13.0,280.0,0.978181106424,0.041789424361
