,motion_thresh,age_l,age_u,n,med_rsq,CI_95
0,46.0,9.0,12.0,260.0,0.97753914478,0.0220268787109
