,motion_thresh,age_l,age_u,n,med_rsq,CI_95
0,14.0,8.0,11.0,10.0,0.706933994579,0.3342800353
