,motion_thresh,age_l,age_u,n,med_rsq,CI_95
0,8.0,10.0,13.0,120.0,0.965225299796,0.0329894508772
