,motion_thresh,age_l,age_u,n,med_rsq,CI_95
0,38.0,14.0,17.0,90.0,0.963970556176,0.0733765529292
