,motion_thresh,age_l,age_u,n,med_rsq,CI_95
0,6.0,6.0,9.0,60.0,0.903945800426,0.0317144134709
