,motion_thresh,age_l,age_u,n,med_rsq,CI_95
0,36.0,15.0,18.0,130.0,0.969848610011,0.041906968425
