,motion_thresh,age_l,age_u,n,med_rsq,CI_95
0,12.0,9.0,12.0,190.0,0.967837660003,0.0307221449207
