,motion_thresh,age_l,age_u,n,med_rsq,CI_95
0,22.0,9.0,12.0,60.0,0.948901621151,0.0865623159909
