,motion_thresh,age_l,age_u,n,med_rsq,CI_95
0,8.0,9.0,12.0,260.0,0.956659668312,0.0496183234369
