,motion_thresh,age_l,age_u,n,med_rsq,CI_95
0,34.0,8.0,11.0,300.0,0.973510200666,0.0336271302683
