,motion_thresh,age_l,age_u,n,med_rsq,CI_95
0,18.0,11.0,14.0,30.0,0.902489342528,0.162364136953
