,motion_thresh,age_l,age_u,n,med_rsq,CI_95
0,12.0,11.0,14.0,70.0,0.959541207827,0.0497485896016
