,motion_thresh,age_l,age_u,n,med_rsq,CI_95
0,32.0,15.0,18.0,220.0,0.967049455703,0.0249636004885
