,motion_thresh,age_l,age_u,n,med_rsq,CI_95,med_icc,CI_95_icc
0,45.0,13.0,16.0,300.0,0.981340515173,0.0169554472797,0.990664801404,0.00847611102409
