,motion_thresh,age_l,age_u,n,med_rsq,CI_95
0,14.0,10.0,13.0,250.0,0.973886601492,0.0243618025503
