,motion_thresh,age_l,age_u,n,med_rsq,CI_95
0,6.0,7.0,10.0,300.0,0.92833825367,0.0818882969576
