,motion_thresh,age_l,age_u,n,med_rsq,CI_95
0,4.0,10.0,13.0,220.0,0.956883649029,0.0063812893279
