,motion_thresh,age_l,age_u,n,med_rsq,CI_95
0,12.0,14.0,17.0,80.0,0.962671302275,0.0589609700861
