,motion_thresh,age_l,age_u,n,med_rsq,CI_95,med_icc,CI_95_icc
0,20.0,10.0,13.0,90.0,0.969023129984,0.030179808529,0.984659897878,0.0158905261299
