,motion_thresh,age_l,age_u,n,med_rsq,CI_95
0,40.0,9.0,12.0,290.0,0.977207725256,0.0305394340524
