,motion_thresh,age_l,age_u,n,med_rsq,CI_95
0,44.0,6.0,9.0,260.0,0.950468357651,0.0503207689026
