,motion_thresh,age_l,age_u,n,med_rsq,CI_95
0,24.0,14.0,17.0,100.0,0.968672031547,0.0582749573228
