,motion_thresh,age_l,age_u,n,med_rsq,CI_95
0,4.0,15.0,18.0,270.0,0.941745063739,0.0601776911503
