,motion_thresh,age_l,age_u,n,med_rsq,CI_95
0,12.0,14.0,17.0,150.0,0.966461870524,0.0434009874938
