,motion_thresh,age_l,age_u,n,med_rsq,CI_95
0,26.0,9.0,12.0,70.0,0.956173503749,0.0827593860159
