,motion_thresh,age_l,age_u,n,med_rsq,CI_95
0,24.0,10.0,13.0,200.0,0.972608042866,0.043114664272
