,motion_thresh,age_l,age_u,n,med_rsq,CI_95
0,8.0,6.0,9.0,270.0,0.917340659537,0.060827047262
