,motion_thresh,age_l,age_u,n,med_rsq,CI_95,med_icc,CI_95_icc
0,25.0,15.0,18.0,240.0,0.971309358772,0.0465381309917,0.985658439502,0.0226667972417
