,motion_thresh,age_l,age_u,n,med_rsq,CI_95,med_icc,CI_95_icc
0,50.0,15.0,18.0,270.0,0.972719597149,0.0343895972232,0.98637873352,0.0177522793613
