,motion_thresh,age_l,age_u,n,med_rsq,CI_95
0,4.0,10.0,13.0,40.0,0.925719323218,0.0615761428771
