,motion_thresh,age_l,age_u,n,med_rsq,CI_95,med_icc,CI_95_icc
0,35.0,8.0,11.0,210.0,0.976525098657,0.0272761319424,0.988411327291,0.0128927758088
