,motion_thresh,age_l,age_u,n,med_rsq,CI_95
0,20.0,14.0,17.0,90.0,0.965097771007,0.0520439389311
