,motion_thresh,age_l,age_u,n,med_rsq,CI_95
0,6.0,7.0,10.0,140.0,0.924556157677,0.0783914283456
