,motion_thresh,age_l,age_u,n,med_rsq,CI_95
0,8.0,13.0,16.0,220.0,0.970327612693,0.0285281624026
