,motion_thresh,age_l,age_u,n,med_rsq,CI_95
0,42.0,8.0,11.0,80.0,0.960684270506,0.0474521727511
