,motion_thresh,age_l,age_u,n,med_rsq,CI_95
0,50.0,13.0,16.0,270.0,0.976327050724,0.0371261678928
