,motion_thresh,age_l,age_u,n,med_rsq,CI_95
0,24.0,7.0,10.0,230.0,0.925124669769,0.141895050509
