,motion_thresh,age_l,age_u,n,med_rsq,CI_95
0,2.0,14.0,17.0,80.0,0.945753931539,0.0534757269945
