,motion_thresh,age_l,age_u,n,med_rsq,CI_95
0,2.0,9.0,12.0,50.0,0.910615967406,0.0344819585571
