,motion_thresh,age_l,age_u,n,med_rsq,CI_95
0,38.0,13.0,16.0,60.0,0.949582997357,0.0563495394385
