,motion_thresh,age_l,age_u,n,med_rsq,CI_95
0,28.0,10.0,13.0,160.0,0.96942899593,0.0436582894669
