,motion_thresh,age_l,age_u,n,med_rsq,CI_95
0,18.0,8.0,11.0,20.0,0.845148986213,0.217018585333
