,motion_thresh,age_l,age_u,n,med_rsq,CI_95,med_icc,CI_95_icc
0,10.0,14.0,17.0,210.0,0.953091174612,0.0722032159857,0.976482689454,0.0345571777497
