,motion_thresh,age_l,age_u,n,med_rsq,CI_95
0,18.0,11.0,14.0,40.0,0.929013667449,0.102901688271
