,motion_thresh,age_l,age_u,n,med_rsq,CI_95
0,42.0,7.0,10.0,190.0,0.965989802645,0.0370395450359
