,motion_thresh,age_l,age_u,n,med_rsq,CI_95
0,2.0,11.0,14.0,160.0,0.946223854199,0.0270195563378
