,motion_thresh,age_l,age_u,n,med_rsq,CI_95,med_icc,CI_95_icc
0,10.0,12.0,15.0,30.0,0.910873996081,0.107842979701,0.95662786582,0.0499768239233
