,motion_thresh,age_l,age_u,n,med_rsq,CI_95,med_icc,CI_95_icc
0,45.0,7.0,10.0,240.0,0.969578367026,0.0436140613514,0.985101597004,0.0210024806877
