,motion_thresh,age_l,age_u,n,med_rsq,CI_95
0,28.0,11.0,14.0,290.0,0.979524020302,0.0252573428403
