,motion_thresh,age_l,age_u,n,med_rsq,CI_95
0,18.0,13.0,16.0,120.0,0.97350061565,0.0373606536474
