,motion_thresh,age_l,age_u,n,med_rsq,CI_95
0,36.0,6.0,9.0,40.0,0.921537613438,0.0752731437785
