,motion_thresh,age_l,age_u,n,med_rsq,CI_95,med_icc,CI_95_icc
0,30.0,8.0,11.0,150.0,0.976720883642,0.0353201521931,0.988559558535,0.0178013264554
