,motion_thresh,age_l,age_u,n,med_rsq,CI_95
0,36.0,11.0,14.0,110.0,0.972506380209,0.0403631928364
