,motion_thresh,age_l,age_u,n,med_rsq,CI_95
0,36.0,7.0,10.0,250.0,0.96327904613,0.0391489531831
