,motion_thresh,age_l,age_u,n,med_rsq,CI_95
0,14.0,10.0,13.0,270.0,0.974274344335,0.0183728710784
