,motion_thresh,age_l,age_u,n,med_rsq,CI_95
0,34.0,12.0,15.0,20.0,0.855032221331,0.20052047815
