,motion_thresh,age_l,age_u,n,med_rsq,CI_95
0,20.0,10.0,13.0,70.0,0.956498091556,0.0571795995315
