,motion_thresh,age_l,age_u,n,med_rsq,CI_95,med_icc,CI_95_icc
0,30.0,14.0,17.0,180.0,0.976901349136,0.0310449800176,0.988441387544,0.0154349141704
