,motion_thresh,age_l,age_u,n,med_rsq,CI_95
0,50.0,7.0,10.0,90.0,0.964180697194,0.0502978503404
