,motion_thresh,age_l,age_u,n,med_rsq,CI_95
0,12.0,10.0,13.0,40.0,0.922676916826,0.0959737913351
