,motion_thresh,age_l,age_u,n,med_rsq,CI_95
0,2.0,10.0,13.0,300.0,0.937146285858,0.0366548423647
