,motion_thresh,age_l,age_u,n,med_rsq,CI_95
0,12.0,7.0,10.0,150.0,0.949832098586,0.0702034824795
