,motion_thresh,age_l,age_u,n,med_rsq,CI_95
0,46.0,8.0,11.0,160.0,0.973747416508,0.0319120816738
