,motion_thresh,age_l,age_u,n,med_rsq,CI_95
0,42.0,13.0,16.0,290.0,0.978436214547,0.0287804571679
