,motion_thresh,age_l,age_u,n,med_rsq,CI_95
0,6.0,7.0,10.0,100.0,0.929997705112,0.0539663094032
