,motion_thresh,age_l,age_u,n,med_rsq,CI_95
0,30.0,9.0,12.0,240.0,0.976615215213,0.0233331204596
