,motion_thresh,age_l,age_u,n,med_rsq,CI_95
0,44.0,10.0,13.0,140.0,0.977475769734,0.0235534824561
