,motion_thresh,age_l,age_u,n,med_rsq,CI_95
0,14.0,11.0,14.0,170.0,0.976656544382,0.0151280091071
