,motion_thresh,age_l,age_u,n,med_rsq,CI_95
0,6.0,14.0,17.0,180.0,0.963967887541,0.0243114162566
