,motion_thresh,age_l,age_u,n,med_rsq,CI_95
0,34.0,10.0,13.0,100.0,0.967249468032,0.0444548441117
