,motion_thresh,age_l,age_u,n,med_rsq,CI_95
0,20.0,13.0,16.0,160.0,0.973770767688,0.0286641680246
