,motion_thresh,age_l,age_u,n,med_rsq,CI_95
0,34.0,9.0,12.0,110.0,0.971716443263,0.0432236757669
