,motion_thresh,age_l,age_u,n,med_rsq,CI_95
0,20.0,12.0,15.0,280.0,0.978146666444,0.014721307443
