,motion_thresh,age_l,age_u,n,med_rsq,CI_95
0,50.0,14.0,17.0,130.0,0.975004986283,0.03028431141
