,motion_thresh,age_l,age_u,n,med_rsq,CI_95
0,2.0,11.0,14.0,220.0,0.944998452629,0.0281176943171
