,motion_thresh,age_l,age_u,n,med_rsq,CI_95
0,48.0,10.0,13.0,140.0,0.977986403128,0.0347261194594
