,motion_thresh,age_l,age_u,n,med_rsq,CI_95
0,20.0,13.0,16.0,90.0,0.965544800591,0.0379850923713
