,motion_thresh,age_l,age_u,n,med_rsq,CI_95
0,8.0,15.0,18.0,290.0,0.948983070169,0.058903100292
