,motion_thresh,age_l,age_u,n,med_rsq,CI_95
0,44.0,14.0,17.0,60.0,0.95113531583,0.0741175573824
