,motion_thresh,age_l,age_u,n,med_rsq,CI_95
0,20.0,15.0,18.0,120.0,0.96040574396,0.0499496071426
