,motion_thresh,age_l,age_u,n,med_rsq,CI_95,med_icc,CI_95_icc
0,35.0,8.0,11.0,90.0,0.970011753505,0.0456117807229,0.985190764174,0.0233370872179
