,motion_thresh,age_l,age_u,n,med_rsq,CI_95
0,36.0,6.0,9.0,220.0,0.950269513314,0.0472774829568
