,motion_thresh,age_l,age_u,n,med_rsq,CI_95
0,14.0,12.0,15.0,190.0,0.976888951578,0.0196765296932
