,motion_thresh,age_l,age_u,n,med_rsq,CI_95,med_icc,CI_95_icc
0,20.0,15.0,18.0,270.0,0.966348460696,0.0569131990316,0.98318793588,0.0269644167448
