,motion_thresh,age_l,age_u,n,med_rsq,CI_95
0,2.0,9.0,12.0,130.0,0.915510255037,0.0655898282779
