,motion_thresh,age_l,age_u,n,med_rsq,CI_95
0,48.0,13.0,16.0,270.0,0.977614273064,0.0332499041208
