,motion_thresh,age_l,age_u,n,med_rsq,CI_95
0,2.0,8.0,11.0,170.0,0.907083469642,0.0644492051427
