,motion_thresh,age_l,age_u,n,med_rsq,CI_95
0,42.0,6.0,9.0,30.0,0.890491882508,0.184488762239
