,motion_thresh,age_l,age_u,n,med_rsq,CI_95
0,22.0,14.0,17.0,100.0,0.968720033922,0.0532978772234
