,motion_thresh,age_l,age_u,n,med_rsq,CI_95
0,8.0,14.0,17.0,10.0,0.716938415278,0.461279968241
