,motion_thresh,age_l,age_u,n,med_rsq,CI_95
0,14.0,9.0,12.0,90.0,0.966092450634,0.0403516341693
