,motion_thresh,age_l,age_u,n,med_rsq,CI_95
0,4.0,12.0,15.0,40.0,0.928886538721,0.0743282189025
