,motion_thresh,age_l,age_u,n,med_rsq,CI_95
0,50.0,8.0,11.0,120.0,0.973817805628,0.0362370597487
