,motion_thresh,age_l,age_u,n,med_rsq,CI_95
0,42.0,8.0,11.0,160.0,0.974693758335,0.0222477798252
