,motion_thresh,age_l,age_u,n,med_rsq,CI_95
0,28.0,9.0,12.0,50.0,0.937441194982,0.0984905636665
