,motion_thresh,age_l,age_u,n,med_rsq,CI_95
0,6.0,7.0,10.0,50.0,0.92569803413,0.0310482583448
