,motion_thresh,age_l,age_u,n,med_rsq,CI_95,med_icc,CI_95_icc
0,45.0,14.0,17.0,180.0,0.977936101002,0.0229119320458,0.989047698596,0.0114035389765
