,motion_thresh,age_l,age_u,n,med_rsq,CI_95
0,50.0,7.0,10.0,190.0,0.966454436703,0.0343579907707
