,motion_thresh,age_l,age_u,n,med_rsq,CI_95
0,6.0,13.0,16.0,220.0,0.969924478593,0.0375185897888
