,motion_thresh,age_l,age_u,n,med_rsq,CI_95
0,14.0,15.0,18.0,110.0,0.958512522243,0.0425319631601
