,motion_thresh,age_l,age_u,n,med_rsq,CI_95
0,14.0,11.0,14.0,100.0,0.969274219754,0.052407230101
