,motion_thresh,age_l,age_u,n,med_rsq,CI_95
0,22.0,13.0,16.0,40.0,0.921836793637,0.090383812699
