,motion_thresh,age_l,age_u,n,med_rsq,CI_95
0,18.0,11.0,14.0,220.0,0.978530192074,0.022258393801
