,motion_thresh,age_l,age_u,n,med_rsq,CI_95
0,8.0,13.0,16.0,30.0,0.903131619337,0.107783224795
