,motion_thresh,age_l,age_u,n,med_rsq,CI_95,med_icc,CI_95_icc
0,45.0,13.0,16.0,240.0,0.981010040098,0.0256671173527,0.990497022399,0.0128261338544
