,motion_thresh,age_l,age_u,n,med_rsq,CI_95
0,36.0,13.0,16.0,60.0,0.950784811558,0.0572441144672
