,motion_thresh,age_l,age_u,n,med_rsq,CI_95
0,40.0,11.0,14.0,120.0,0.975064602373,0.0293687212384
