,motion_thresh,age_l,age_u,n,med_rsq,CI_95
0,42.0,7.0,10.0,150.0,0.968213748932,0.0247867652731
