,motion_thresh,age_l,age_u,n,med_rsq,CI_95
0,48.0,15.0,18.0,110.0,0.968923253359,0.0499614204789
