,motion_thresh,age_l,age_u,n,med_rsq,CI_95
0,6.0,13.0,16.0,60.0,0.953405717293,0.0328442392758
