,motion_thresh,age_l,age_u,n,med_rsq,CI_95
0,14.0,15.0,18.0,300.0,0.958848696591,0.0461373887749
