,motion_thresh,age_l,age_u,n,med_rsq,CI_95
0,16.0,15.0,18.0,100.0,0.96183073646,0.036194629254
