,motion_thresh,age_l,age_u,n,med_rsq,CI_95
0,46.0,7.0,10.0,110.0,0.966249945616,0.0356291862607
