,motion_thresh,age_l,age_u,n,med_rsq,CI_95
0,34.0,10.0,13.0,90.0,0.966622319001,0.0467505496462
