,motion_thresh,age_l,age_u,n,med_rsq,CI_95,med_icc,CI_95_icc
0,40.0,12.0,15.0,240.0,0.982105791342,0.0258870202099,0.99103631153,0.013058941428
