,motion_thresh,age_l,age_u,n,med_rsq,CI_95
0,34.0,14.0,17.0,30.0,0.903187590641,0.14092264373
