,motion_thresh,age_l,age_u,n,med_rsq,CI_95
0,22.0,11.0,14.0,40.0,0.926012884344,0.105334332884
