,motion_thresh,age_l,age_u,n,med_rsq,CI_95
0,12.0,13.0,16.0,150.0,0.960248635343,0.0701052232507
