,motion_thresh,age_l,age_u,n,med_rsq,CI_95
0,40.0,8.0,11.0,120.0,0.973662079725,0.0390205890592
