,motion_thresh,age_l,age_u,n,med_rsq,CI_95
0,12.0,10.0,13.0,20.0,0.859969091931,0.155432861056
