,motion_thresh,age_l,age_u,n,med_rsq,CI_95
0,14.0,8.0,11.0,160.0,0.96436962559,0.0446296759898
