,motion_thresh,age_l,age_u,n,med_rsq,CI_95,med_icc,CI_95_icc
0,10.0,7.0,10.0,150.0,0.956941338659,0.040773659607,0.978181606615,0.0198021335037
