,motion_thresh,age_l,age_u,n,med_rsq,CI_95
0,44.0,7.0,10.0,270.0,0.965801517842,0.0348278650957
