,motion_thresh,age_l,age_u,n,med_rsq,CI_95
0,18.0,10.0,13.0,190.0,0.973223643837,0.0353376850791
