,motion_thresh,age_l,age_u,n,med_rsq,CI_95
0,34.0,9.0,12.0,60.0,0.94922115789,0.0626932268706
