,motion_thresh,age_l,age_u,n,med_rsq,CI_95
0,24.0,10.0,13.0,220.0,0.974826389031,0.0585487909938
