,motion_thresh,age_l,age_u,n,med_rsq,CI_95,med_icc,CI_95_icc
0,50.0,6.0,9.0,300.0,0.957962143323,0.0469811050473,0.978987099623,0.0225489131341
