,motion_thresh,age_l,age_u,n,med_rsq,CI_95,med_icc,CI_95_icc
0,35.0,12.0,15.0,210.0,0.981824905838,0.0197189643161,0.990923055404,0.00988325195234
