,motion_thresh,age_l,age_u,n,med_rsq,CI_95
0,42.0,15.0,18.0,180.0,0.968188914961,0.0466611906935
