,motion_thresh,age_l,age_u,n,med_rsq,CI_95
0,20.0,9.0,12.0,60.0,0.948765830846,0.0747282184174
