,motion_thresh,age_l,age_u,n,med_rsq,CI_95,med_icc,CI_95_icc
0,50.0,13.0,16.0,150.0,0.979652039997,0.0348405821022,0.989841446186,0.0168556684821
