,motion_thresh,age_l,age_u,n,med_rsq,CI_95
0,38.0,8.0,11.0,20.0,0.83631680942,0.251438327385
