,motion_thresh,age_l,age_u,n,med_rsq,CI_95
0,22.0,7.0,10.0,200.0,0.961124725128,0.0469168817131
