,motion_thresh,age_l,age_u,n,med_rsq,CI_95
0,40.0,8.0,11.0,150.0,0.973912345289,0.0263759531179
