,motion_thresh,age_l,age_u,n,med_rsq,CI_95
0,24.0,14.0,17.0,170.0,0.967303709206,0.0506594008259
