,motion_thresh,age_l,age_u,n,med_rsq,CI_95,med_icc,CI_95_icc
0,5.0,6.0,9.0,30.0,0.919378784477,0.0736386914729,0.959913387634,0.0374089985456
