,motion_thresh,age_l,age_u,n,med_rsq,CI_95
0,36.0,15.0,18.0,160.0,0.967352865978,0.0524806450103
