,motion_thresh,age_l,age_u,n,med_rsq,CI_95
0,6.0,15.0,18.0,70.0,0.949109405432,0.0519136139968
