,motion_thresh,age_l,age_u,n,med_rsq,CI_95
0,50.0,6.0,9.0,30.0,0.891597216044,0.184335427766
