,motion_thresh,age_l,age_u,n,med_rsq,CI_95
0,34.0,14.0,17.0,190.0,0.974808041704,0.0378938248337
