,motion_thresh,age_l,age_u,n,med_rsq,CI_95
0,18.0,14.0,17.0,210.0,0.965007243586,0.0542566435274
