,motion_thresh,age_l,age_u,n,med_rsq,CI_95
0,46.0,12.0,15.0,200.0,0.979847052261,0.0306088145542
