,motion_thresh,age_l,age_u,n,med_rsq,CI_95
0,46.0,6.0,9.0,130.0,0.949339121365,0.053809561729
