,motion_thresh,age_l,age_u,n,med_rsq,CI_95
0,28.0,8.0,11.0,130.0,0.970749948299,0.0584540636258
