,motion_thresh,age_l,age_u,n,med_rsq,CI_95
0,2.0,11.0,14.0,270.0,0.946522760862,0.0157390701491
