,motion_thresh,age_l,age_u,n,med_rsq,CI_95
0,18.0,14.0,17.0,250.0,0.965449335498,0.059673656277
