,motion_thresh,age_l,age_u,n,med_rsq,CI_95,med_icc,CI_95_icc
0,35.0,9.0,12.0,60.0,0.952603459041,0.0965164437715,0.976215155702,0.0434098689547
