,motion_thresh,age_l,age_u,n,med_rsq,CI_95
0,34.0,10.0,13.0,240.0,0.976119441616,0.0425328862047
