,motion_thresh,age_l,age_u,n,med_rsq,CI_95
0,2.0,15.0,18.0,20.0,0.86644831335,0.12085750842
