,motion_thresh,age_l,age_u,n,med_rsq,CI_95
0,24.0,11.0,14.0,210.0,0.97838672589,0.0329338150255
