,motion_thresh,age_l,age_u,n,med_rsq,CI_95
0,20.0,8.0,11.0,230.0,0.962558829951,0.0544874871304
