,motion_thresh,age_l,age_u,n,med_rsq,CI_95
0,18.0,14.0,17.0,190.0,0.96927077342,0.050560890435
