,motion_thresh,age_l,age_u,n,med_rsq,CI_95
0,12.0,8.0,11.0,120.0,0.958443060409,0.0636861826698
