,motion_thresh,age_l,age_u,n,med_rsq,CI_95,med_icc,CI_95_icc
0,30.0,13.0,16.0,120.0,0.978208196905,0.0231224881676,0.989020471438,0.0115373759336
