,motion_thresh,age_l,age_u,n,med_rsq,CI_95
0,48.0,15.0,18.0,220.0,0.969293663211,0.0434355943624
