,motion_thresh,age_l,age_u,n,med_rsq,CI_95
0,32.0,7.0,10.0,90.0,0.966042792471,0.053904551985
