,motion_thresh,age_l,age_u,n,med_rsq,CI_95
0,32.0,15.0,18.0,90.0,0.968255731578,0.0311523693937
