,motion_thresh,age_l,age_u,n,med_rsq,CI_95
0,6.0,10.0,13.0,150.0,0.959434602197,0.0396495575725
