,motion_thresh,age_l,age_u,n,med_rsq,CI_95
0,30.0,7.0,10.0,20.0,0.845478242786,0.222511628196
