,motion_thresh,age_l,age_u,n,med_rsq,CI_95
0,14.0,11.0,14.0,240.0,0.976153172697,0.0193727313071
