,motion_thresh,age_l,age_u,n,med_rsq,CI_95,med_icc,CI_95_icc
0,45.0,6.0,9.0,300.0,0.957258940734,0.0628833306545,0.978606184623,0.0287795663786
