,motion_thresh,age_l,age_u,n,med_rsq,CI_95
0,2.0,6.0,9.0,240.0,0.863376535779,0.055933826028
