,motion_thresh,age_l,age_u,n,med_rsq,CI_95
0,48.0,11.0,14.0,200.0,0.981309245534,0.0200635941139
