,motion_thresh,age_l,age_u,n,med_rsq,CI_95
0,4.0,9.0,12.0,200.0,0.942709880396,0.0474047904148
