,motion_thresh,age_l,age_u,n,med_rsq,CI_95
0,16.0,15.0,18.0,190.0,0.963478021297,0.029233464889
