,motion_thresh,age_l,age_u,n,med_rsq,CI_95
0,42.0,6.0,9.0,240.0,0.951275007259,0.0755589543122
