,motion_thresh,age_l,age_u,n,med_rsq,CI_95
0,12.0,12.0,15.0,210.0,0.974334050811,0.0268542579425
