,motion_thresh,age_l,age_u,n,med_rsq,CI_95
0,28.0,6.0,9.0,160.0,0.945577425238,0.0547392562571
