,motion_thresh,age_l,age_u,n,med_rsq,CI_95
0,10.0,7.0,10.0,280.0,0.950466296129,0.0601877533667
