,motion_thresh,age_l,age_u,n,med_rsq,CI_95
0,10.0,6.0,9.0,60.0,0.928040983166,0.0849650470015
