,motion_thresh,age_l,age_u,n,med_rsq,CI_95,med_icc,CI_95_icc
0,15.0,15.0,18.0,90.0,0.964341443059,0.0491022644228,0.982104831493,0.0233611538752
