,motion_thresh,age_l,age_u,n,med_rsq,CI_95
0,30.0,7.0,10.0,60.0,0.944715543972,0.109963019665
