,motion_thresh,age_l,age_u,n,med_rsq,CI_95
0,32.0,6.0,9.0,260.0,0.946979685697,0.0644265411594
