,motion_thresh,age_l,age_u,n,med_rsq,CI_95
0,44.0,9.0,12.0,40.0,0.922913354012,0.154328108791
