,motion_thresh,age_l,age_u,n,med_rsq,CI_95
0,28.0,12.0,15.0,70.0,0.958253792248,0.0564011477997
