,motion_thresh,age_l,age_u,n,med_rsq,CI_95
0,38.0,12.0,15.0,50.0,0.943381155416,0.0581605550971
