,motion_thresh,age_l,age_u,n,med_rsq,CI_95,med_icc,CI_95_icc
0,10.0,14.0,17.0,240.0,0.958085138933,0.0618399682696,0.979273056035,0.0289305263137
