,motion_thresh,age_l,age_u,n,med_rsq,CI_95
0,22.0,7.0,10.0,170.0,0.960447903925,0.0613725481404
