,motion_thresh,age_l,age_u,n,med_rsq,CI_95
0,48.0,6.0,9.0,110.0,0.936846137809,0.136014535117
