,motion_thresh,age_l,age_u,n,med_rsq,CI_95
0,4.0,9.0,12.0,280.0,0.944252309813,0.0287154178793
