,motion_thresh,age_l,age_u,n,med_rsq,CI_95
0,18.0,15.0,18.0,240.0,0.957374941121,0.0611689538636
