,motion_thresh,age_l,age_u,n,med_rsq,CI_95
0,26.0,12.0,15.0,30.0,0.901005263217,0.106332897589
