,motion_thresh,age_l,age_u,n,med_rsq,CI_95
0,34.0,9.0,12.0,120.0,0.973291256238,0.0423786076426
