,motion_thresh,age_l,age_u,n,med_rsq,CI_95
0,10.0,6.0,9.0,90.0,0.926298064558,0.0720219097842
