,motion_thresh,age_l,age_u,n,med_rsq,CI_95
0,26.0,8.0,11.0,70.0,0.952881832943,0.0540868233892
