,motion_thresh,age_l,age_u,n,med_rsq,CI_95
0,4.0,13.0,16.0,100.0,0.963474302979,0.0220153728345
