,motion_thresh,age_l,age_u,n,med_rsq,CI_95
0,10.0,7.0,10.0,300.0,0.948694973785,0.0537926473537
