,motion_thresh,age_l,age_u,n,med_rsq,CI_95
0,30.0,13.0,16.0,180.0,0.977196802286,0.0256270135396
