,motion_thresh,age_l,age_u,n,med_rsq,CI_95
0,24.0,7.0,10.0,150.0,0.927384834586,0.122216660135
