,motion_thresh,age_l,age_u,n,med_rsq,CI_95
0,18.0,7.0,10.0,190.0,0.957917166831,0.05153230407
