,motion_thresh,age_l,age_u,n,med_rsq,CI_95
0,26.0,13.0,16.0,250.0,0.976354243625,0.0248537656093
