,motion_thresh,age_l,age_u,n,med_rsq,CI_95,med_icc,CI_95_icc
0,15.0,10.0,13.0,150.0,0.976668697492,0.0193905379701,0.98808055275,0.00998241191101
