,motion_thresh,age_l,age_u,n,med_rsq,CI_95
0,6.0,9.0,12.0,120.0,0.951683988787,0.0373243124672
