,motion_thresh,age_l,age_u,n,med_rsq,CI_95
0,24.0,7.0,10.0,240.0,0.924451392778,0.149218174797
