,motion_thresh,age_l,age_u,n,med_rsq,CI_95
0,6.0,13.0,16.0,60.0,0.949695415471,0.0514692323401
