,motion_thresh,age_l,age_u,n,med_rsq,CI_95
0,6.0,6.0,9.0,40.0,0.896388624854,0.0821005007979
