,motion_thresh,age_l,age_u,n,med_rsq,CI_95
0,40.0,10.0,13.0,150.0,0.980092475947,0.0202528219619
