,motion_thresh,age_l,age_u,n,med_rsq,CI_95
0,24.0,9.0,12.0,110.0,0.971420042084,0.0393461403282
