,motion_thresh,age_l,age_u,n,med_rsq,CI_95,med_icc,CI_95_icc
0,15.0,10.0,13.0,240.0,0.976949201511,0.0253315856958,0.988202643429,0.0135341000805
