,motion_thresh,age_l,age_u,n,med_rsq,CI_95
0,28.0,13.0,16.0,240.0,0.976569187802,0.0276871729437
