,motion_thresh,age_l,age_u,n,med_rsq,CI_95
0,8.0,11.0,14.0,40.0,0.926576484325,0.0811877611041
