,motion_thresh,age_l,age_u,n,med_rsq,CI_95
0,36.0,7.0,10.0,240.0,0.962590618963,0.0315141116804
