,motion_thresh,age_l,age_u,n,med_rsq,CI_95
0,38.0,13.0,16.0,210.0,0.974455027755,0.0458887754119
