,motion_thresh,age_l,age_u,n,med_rsq,CI_95
0,16.0,9.0,12.0,270.0,0.95951957175,0.0543013057665
