,motion_thresh,age_l,age_u,n,med_rsq,CI_95
0,4.0,15.0,18.0,240.0,0.941490415506,0.0609451751643
