,motion_thresh,age_l,age_u,n,med_rsq,CI_95
0,6.0,11.0,14.0,10.0,0.722844590591,0.150408143764
