,motion_thresh,age_l,age_u,n,med_rsq,CI_95
0,8.0,13.0,16.0,290.0,0.971813999007,0.0233888581998
