,motion_thresh,age_l,age_u,n,med_rsq,CI_95
0,2.0,7.0,10.0,70.0,0.87508615093,0.156461431868
