,motion_thresh,age_l,age_u,n,med_rsq,CI_95
0,12.0,15.0,18.0,160.0,0.958956520632,0.0351646720633
