,motion_thresh,age_l,age_u,n,med_rsq,CI_95
0,42.0,10.0,13.0,210.0,0.971260096023,0.0403807894292
