,motion_thresh,age_l,age_u,n,med_rsq,CI_95
0,4.0,10.0,13.0,50.0,0.937500466773,0.0667381713609
