,motion_thresh,age_l,age_u,n,med_rsq,CI_95
0,8.0,11.0,14.0,230.0,0.969725303985,0.0278170797568
