,motion_thresh,age_l,age_u,n,med_rsq,CI_95
0,16.0,10.0,13.0,230.0,0.973163504887,0.0221108988938
