,motion_thresh,age_l,age_u,n,med_rsq,CI_95
0,30.0,10.0,13.0,80.0,0.962960696952,0.0448721837145
