,motion_thresh,age_l,age_u,n,med_rsq,CI_95
0,10.0,10.0,13.0,100.0,0.969001072083,0.0237404152689
