,motion_thresh,age_l,age_u,n,med_rsq,CI_95
0,16.0,12.0,15.0,80.0,0.964089658477,0.0396264565864
