,motion_thresh,age_l,age_u,n,med_rsq,CI_95
0,2.0,8.0,11.0,40.0,0.910078096381,0.0587773567617
