,motion_thresh,age_l,age_u,n,med_rsq,CI_95,med_icc,CI_95_icc
0,15.0,15.0,18.0,60.0,0.953880764125,0.0653707459717,0.976685832419,0.0329578351116
