,motion_thresh,age_l,age_u,n,med_rsq,CI_95
0,46.0,13.0,16.0,80.0,0.962421279922,0.0617189058787
