,motion_thresh,age_l,age_u,n,med_rsq,CI_95
0,38.0,13.0,16.0,90.0,0.96392004109,0.0493455845369
