,motion_thresh,age_l,age_u,n,med_rsq,CI_95
0,50.0,10.0,13.0,160.0,0.976586334592,0.0310683914236
