,motion_thresh,age_l,age_u,n,med_rsq,CI_95
0,32.0,12.0,15.0,150.0,0.977122197906,0.0344435260021
