,motion_thresh,age_l,age_u,n,med_rsq,CI_95
0,26.0,12.0,15.0,50.0,0.938826125036,0.0725997816333
