,motion_thresh,age_l,age_u,n,med_rsq,CI_95
0,4.0,10.0,13.0,160.0,0.954225613182,0.0326165731994
