,motion_thresh,age_l,age_u,n,med_rsq,CI_95
0,6.0,6.0,9.0,160.0,0.895026342518,0.0828716693279
