,motion_thresh,age_l,age_u,n,med_rsq,CI_95
0,28.0,13.0,16.0,250.0,0.976491702595,0.0294181037576
