,motion_thresh,age_l,age_u,n,med_rsq,CI_95
0,28.0,8.0,11.0,170.0,0.969481315007,0.0332540665644
