,motion_thresh,age_l,age_u,n,med_rsq,CI_95
0,48.0,14.0,17.0,270.0,0.975186624759,0.0293527622936
