,motion_thresh,age_l,age_u,n,med_rsq,CI_95
0,2.0,7.0,10.0,250.0,0.878275680972,0.137844269938
