,motion_thresh,age_l,age_u,n,med_rsq,CI_95
0,48.0,7.0,10.0,170.0,0.966834864553,0.0431469531877
