,motion_thresh,age_l,age_u,n,med_rsq,CI_95
0,34.0,12.0,15.0,220.0,0.978343828596,0.0275019186641
