,motion_thresh,age_l,age_u,n,med_rsq,CI_95
0,36.0,6.0,9.0,100.0,0.951326166361,0.0544404591684
