,motion_thresh,age_l,age_u,n,med_rsq,CI_95
0,38.0,7.0,10.0,260.0,0.963142665233,0.0386747863884
