,motion_thresh,age_l,age_u,n,med_rsq,CI_95,med_icc,CI_95_icc
0,50.0,8.0,11.0,90.0,0.966389768209,0.0568024646247,0.983100990074,0.0266035437742
