,motion_thresh,age_l,age_u,n,med_rsq,CI_95,med_icc,CI_95_icc
0,40.0,11.0,14.0,210.0,0.982904932868,0.018269744589,0.991542675122,0.00931507916186
