,motion_thresh,age_l,age_u,n,med_rsq,CI_95
0,8.0,7.0,10.0,160.0,0.943407864684,0.0448667893726
