,motion_thresh,age_l,age_u,n,med_rsq,CI_95
0,40.0,11.0,14.0,230.0,0.980969893484,0.0185267785534
