,motion_thresh,age_l,age_u,n,med_rsq,CI_95
0,36.0,12.0,15.0,50.0,0.940096037667,0.0913144231653
