,motion_thresh,age_l,age_u,n,med_rsq,CI_95
0,26.0,8.0,11.0,150.0,0.970768171069,0.0380577363868
