,motion_thresh,age_l,age_u,n,med_rsq,CI_95
0,38.0,11.0,14.0,160.0,0.980275758402,0.020689792019
