,motion_thresh,age_l,age_u,n,med_rsq,CI_95
0,10.0,9.0,12.0,250.0,0.9641751286,0.0275285168826
