,motion_thresh,age_l,age_u,n,med_rsq,CI_95
0,28.0,6.0,9.0,50.0,0.939475066757,0.0728512288509
