,motion_thresh,age_l,age_u,n,med_rsq,CI_95
0,22.0,11.0,14.0,270.0,0.978709272494,0.0285092833498
