,motion_thresh,age_l,age_u,n,med_rsq,CI_95
0,20.0,11.0,14.0,250.0,0.977344033068,0.0287908793045
