,motion_thresh,age_l,age_u,n,med_rsq,CI_95
0,32.0,13.0,16.0,260.0,0.977492351622,0.0292748334162
