,motion_thresh,age_l,age_u,n,med_rsq,CI_95
0,20.0,15.0,18.0,160.0,0.96129858349,0.04515927295
