,motion_thresh,age_l,age_u,n,med_rsq,CI_95
0,8.0,12.0,15.0,260.0,0.972527441965,0.0281911036841
