,motion_thresh,age_l,age_u,n,med_rsq,CI_95
0,38.0,15.0,18.0,40.0,0.923650522762,0.129987243203
