,motion_thresh,age_l,age_u,n,med_rsq,CI_95
0,38.0,12.0,15.0,110.0,0.97309177019,0.0400636885406
