,motion_thresh,age_l,age_u,n,med_rsq,CI_95,med_icc,CI_95_icc
0,50.0,15.0,18.0,240.0,0.971652132829,0.0429786327439,0.985813006728,0.022370647219
