,motion_thresh,age_l,age_u,n,med_rsq,CI_95
0,6.0,6.0,9.0,50.0,0.878688916112,0.0860148318297
