,motion_thresh,age_l,age_u,n,med_rsq,CI_95,med_icc,CI_95_icc
0,50.0,14.0,17.0,120.0,0.978379114329,0.0223678315824,0.989185499164,0.011089519209
