,motion_thresh,age_l,age_u,n,med_rsq,CI_95
0,34.0,7.0,10.0,210.0,0.964452889036,0.0306530911281
