,motion_thresh,age_l,age_u,n,med_rsq,CI_95
0,2.0,11.0,14.0,230.0,0.945688939148,0.0293181380026
