,motion_thresh,age_l,age_u,n,med_rsq,CI_95
0,2.0,14.0,17.0,250.0,0.947400257597,0.0449917115941
