,motion_thresh,age_l,age_u,n,med_rsq,CI_95,med_icc,CI_95_icc
0,40.0,9.0,12.0,300.0,0.979163098312,0.0340508240603,0.98949845946,0.0178632710958
