,motion_thresh,age_l,age_u,n,med_rsq,CI_95
0,48.0,8.0,11.0,250.0,0.975245229206,0.025772436564
