,motion_thresh,age_l,age_u,n,med_rsq,CI_95
0,50.0,10.0,13.0,170.0,0.976584863072,0.0341733650415
