,motion_thresh,age_l,age_u,n,med_rsq,CI_95
0,30.0,11.0,14.0,150.0,0.979653780077,0.0193326810122
