,motion_thresh,age_l,age_u,n,med_rsq,CI_95
0,46.0,7.0,10.0,130.0,0.965528132573,0.0340942612647
