,motion_thresh,age_l,age_u,n,med_rsq,CI_95
0,10.0,8.0,11.0,270.0,0.956982190279,0.03804963113
