,motion_thresh,age_l,age_u,n,med_rsq,CI_95
0,2.0,8.0,11.0,40.0,0.90964677522,0.0251933964508
