,motion_thresh,age_l,age_u,n,med_rsq,CI_95
0,20.0,11.0,14.0,100.0,0.971142100946,0.0270442432978
