,motion_thresh,age_l,age_u,n,med_rsq,CI_95
0,2.0,15.0,18.0,270.0,0.927724027584,0.0332122370092
