,motion_thresh,age_l,age_u,n,med_rsq,CI_95
0,6.0,13.0,16.0,190.0,0.969898813663,0.0223675492027
