,motion_thresh,age_l,age_u,n,med_rsq,CI_95,med_icc,CI_95_icc
0,35.0,12.0,15.0,30.0,0.913192991176,0.120995528197,0.956017239632,0.0634522167845
