,motion_thresh,age_l,age_u,n,med_rsq,CI_95
0,4.0,8.0,11.0,230.0,0.938564048854,0.0382348285773
