,motion_thresh,age_l,age_u,n,med_rsq,CI_95,med_icc,CI_95_icc
0,50.0,10.0,13.0,90.0,0.969852381092,0.0615492870016,0.984914532843,0.0271808577404
