,motion_thresh,age_l,age_u,n,med_rsq,CI_95
0,6.0,12.0,15.0,290.0,0.969866998832,0.0390995275144
