,motion_thresh,age_l,age_u,n,med_rsq,CI_95
0,4.0,10.0,13.0,100.0,0.956593891674,0.0355827717408
