,motion_thresh,age_l,age_u,n,med_rsq,CI_95
0,2.0,10.0,13.0,60.0,0.936629608584,0.0375003783922
