,motion_thresh,age_l,age_u,n,med_rsq,CI_95
0,4.0,13.0,16.0,240.0,0.963852984332,0.020991890655
