,motion_thresh,age_l,age_u,n,med_rsq,CI_95
0,40.0,15.0,18.0,190.0,0.966885254481,0.055314618394
