,motion_thresh,age_l,age_u,n,med_rsq,CI_95
0,38.0,6.0,9.0,60.0,0.94901156034,0.0848364255393
