,motion_thresh,age_l,age_u,n,med_rsq,CI_95
0,14.0,7.0,10.0,50.0,0.935438331824,0.0590779757978
