,motion_thresh,age_l,age_u,n,med_rsq,CI_95
0,42.0,7.0,10.0,130.0,0.964418484157,0.0537310938382
