,motion_thresh,age_l,age_u,n,med_rsq,CI_95
0,16.0,15.0,18.0,10.0,0.713800126819,0.468753708185
