,motion_thresh,age_l,age_u,n,med_rsq,CI_95,med_icc,CI_95_icc
0,40.0,11.0,14.0,60.0,0.95356795407,0.0758622746165,0.976763531153,0.03824802909
