,motion_thresh,age_l,age_u,n,med_rsq,CI_95
0,6.0,6.0,9.0,70.0,0.898269376417,0.0661720025604
