,motion_thresh,age_l,age_u,n,med_rsq,CI_95
0,36.0,12.0,15.0,210.0,0.978999535773,0.0282088592442
