,motion_thresh,age_l,age_u,n,med_rsq,CI_95,med_icc,CI_95_icc
0,15.0,10.0,13.0,210.0,0.976608814989,0.0226015989436,0.988047706826,0.0119191924419
