,motion_thresh,age_l,age_u,n,med_rsq,CI_95
0,34.0,13.0,16.0,120.0,0.974247306487,0.0440051101681
