,motion_thresh,age_l,age_u,n,med_rsq,CI_95
0,44.0,13.0,16.0,150.0,0.977373963533,0.0249807458603
