,motion_thresh,age_l,age_u,n,med_rsq,CI_95
0,26.0,7.0,10.0,40.0,0.920083071134,0.112756166107
