,motion_thresh,age_l,age_u,n,med_rsq,CI_95
0,42.0,11.0,14.0,80.0,0.963029450537,0.0606762850025
