,motion_thresh,age_l,age_u,n,med_rsq,CI_95
0,24.0,8.0,11.0,230.0,0.968497454314,0.0403325399106
