,motion_thresh,age_l,age_u,n,med_rsq,CI_95,med_icc,CI_95_icc
0,35.0,6.0,9.0,210.0,0.95742988176,0.0496838295204,0.979020152585,0.0259829755346
