,motion_thresh,age_l,age_u,n,med_rsq,CI_95
0,12.0,13.0,16.0,50.0,0.940168050154,0.0818613748173
