,motion_thresh,age_l,age_u,n,med_rsq,CI_95
0,2.0,8.0,11.0,160.0,0.909707024165,0.0558800992096
