,motion_thresh,age_l,age_u,n,med_rsq,CI_95
0,8.0,7.0,10.0,120.0,0.943738176113,0.0527307149039
