,motion_thresh,age_l,age_u,n,med_rsq,CI_95
0,32.0,13.0,16.0,40.0,0.924089201519,0.123874035291
