,motion_thresh,age_l,age_u,n,med_rsq,CI_95
0,8.0,11.0,14.0,170.0,0.969923305924,0.0309745937748
