,motion_thresh,age_l,age_u,n,med_rsq,CI_95
0,34.0,14.0,17.0,290.0,0.974872590972,0.0346880253773
