,motion_thresh,age_l,age_u,n,med_rsq,CI_95,med_icc,CI_95_icc
0,10.0,7.0,10.0,90.0,0.954493478904,0.0500825285567,0.976763430165,0.0243931949976
