,motion_thresh,age_l,age_u,n,med_rsq,CI_95
0,42.0,7.0,10.0,140.0,0.96873283361,0.0458942101623
