,motion_thresh,age_l,age_u,n,med_rsq,CI_95
0,44.0,9.0,12.0,260.0,0.977796518642,0.022155268192
