,motion_thresh,age_l,age_u,n,med_rsq,CI_95
0,28.0,6.0,9.0,230.0,0.944451208268,0.0632446248068
