,motion_thresh,age_l,age_u,n,med_rsq,CI_95,med_icc,CI_95_icc
0,40.0,12.0,15.0,120.0,0.978965586308,0.0349218657693,0.989579614923,0.0164525270052
