,motion_thresh,age_l,age_u,n,med_rsq,CI_95
0,8.0,13.0,16.0,120.0,0.97006472955,0.0192099642943
