,motion_thresh,age_l,age_u,n,med_rsq,CI_95
0,4.0,10.0,13.0,130.0,0.957159930685,0.01153076599
