,motion_thresh,age_l,age_u,n,med_rsq,CI_95
0,22.0,11.0,14.0,130.0,0.977442491249,0.0244206840545
