,motion_thresh,age_l,age_u,n,med_rsq,CI_95
0,10.0,13.0,16.0,180.0,0.969864244928,0.0281966500346
