,motion_thresh,age_l,age_u,n,med_rsq,CI_95,med_icc,CI_95_icc
0,20.0,7.0,10.0,300.0,0.967294703486,0.0357500452925,0.983536774481,0.017179318307
