,motion_thresh,age_l,age_u,n,med_rsq,CI_95
0,4.0,15.0,18.0,230.0,0.928546278924,0.0450826369423
