,motion_thresh,age_l,age_u,n,med_rsq,CI_95,med_icc,CI_95_icc
0,20.0,12.0,15.0,270.0,0.981126889333,0.0178797881621,0.990507273309,0.00919476892305
