,motion_thresh,age_l,age_u,n,med_rsq,CI_95
0,2.0,12.0,15.0,240.0,0.947751841506,0.0270411328625
