,motion_thresh,age_l,age_u,n,med_rsq,CI_95
0,14.0,14.0,17.0,110.0,0.967143709228,0.0511513828202
