,motion_thresh,age_l,age_u,n,med_rsq,CI_95
0,50.0,12.0,15.0,70.0,0.956225265525,0.0536958777639
