,motion_thresh,age_l,age_u,n,med_rsq,CI_95
0,20.0,15.0,18.0,70.0,0.955513656615,0.0713138217345
