,motion_thresh,age_l,age_u,n,med_rsq,CI_95
0,4.0,9.0,12.0,260.0,0.941180407607,0.0668424510539
