,motion_thresh,age_l,age_u,n,med_rsq,CI_95
0,28.0,7.0,10.0,230.0,0.942639849694,0.100805803245
