,motion_thresh,age_l,age_u,n,med_rsq,CI_95
0,6.0,8.0,11.0,80.0,0.943413386889,0.0821464197151
