,motion_thresh,age_l,age_u,n,med_rsq,CI_95
0,6.0,12.0,15.0,270.0,0.969418343311,0.0395389802527
