,motion_thresh,age_l,age_u,n,med_rsq,CI_95,med_icc,CI_95_icc
0,35.0,7.0,10.0,150.0,0.966833885215,0.0262380780345,0.98388936147,0.0131966229863
