,motion_thresh,age_l,age_u,n,med_rsq,CI_95
0,26.0,15.0,18.0,70.0,0.956159497518,0.0749603028354
