,motion_thresh,age_l,age_u,n,med_rsq,CI_95
0,34.0,15.0,18.0,90.0,0.966373968858,0.0569208867207
