,motion_thresh,age_l,age_u,n,med_rsq,CI_95
0,22.0,10.0,13.0,90.0,0.965724573356,0.033757509211
