,motion_thresh,age_l,age_u,n,med_rsq,CI_95
0,50.0,14.0,17.0,90.0,0.967527629183,0.0333512187011
