,motion_thresh,age_l,age_u,n,med_rsq,CI_95
0,36.0,10.0,13.0,90.0,0.966491504826,0.0363238478392
