,motion_thresh,age_l,age_u,n,med_rsq,CI_95
0,8.0,11.0,14.0,100.0,0.969984005602,0.0230042524631
