,motion_thresh,age_l,age_u,n,med_rsq,CI_95,med_icc,CI_95_icc
0,40.0,8.0,11.0,90.0,0.968805490485,0.0447281485049,0.984574943953,0.0216135658065
