,motion_thresh,age_l,age_u,n,med_rsq,CI_95,med_icc,CI_95_icc
0,35.0,12.0,15.0,270.0,0.982271477675,0.0250449441207,0.991064945919,0.0128679283068
