,motion_thresh,age_l,age_u,n,med_rsq,CI_95
0,44.0,12.0,15.0,160.0,0.980028978553,0.0277674224996
