,motion_thresh,age_l,age_u,n,med_rsq,CI_95
0,44.0,8.0,11.0,270.0,0.973069317946,0.0313164651943
