,motion_thresh,age_l,age_u,n,med_rsq,CI_95
0,24.0,12.0,15.0,190.0,0.978172551727,0.0294388218604
