,motion_thresh,age_l,age_u,n,med_rsq,CI_95
0,4.0,13.0,16.0,20.0,0.864698458252,0.0925253077383
