,motion_thresh,age_l,age_u,n,med_rsq,CI_95
0,46.0,15.0,18.0,130.0,0.966811744696,0.0604920628425
