,motion_thresh,age_l,age_u,n,med_rsq,CI_95
0,40.0,13.0,16.0,200.0,0.976684464308,0.0268457569509
