,motion_thresh,age_l,age_u,n,med_rsq,CI_95
0,20.0,10.0,13.0,300.0,0.973988850474,0.0400648846757
