,motion_thresh,age_l,age_u,n,med_rsq,CI_95
0,10.0,13.0,16.0,110.0,0.96960482517,0.0282186776146
