,motion_thresh,age_l,age_u,n,med_rsq,CI_95
0,36.0,10.0,13.0,240.0,0.980407921347,0.0141290556459
