,motion_thresh,age_l,age_u,n,med_rsq,CI_95
0,26.0,13.0,16.0,170.0,0.976371869053,0.0255674391265
