,motion_thresh,age_l,age_u,n,med_rsq,CI_95
0,8.0,14.0,17.0,110.0,0.962298384774,0.0470715064974
