,motion_thresh,age_l,age_u,n,med_rsq,CI_95
0,28.0,12.0,15.0,90.0,0.967298931342,0.0397619152108
