,motion_thresh,age_l,age_u,n,med_rsq,CI_95
0,20.0,13.0,16.0,110.0,0.972521385908,0.0404055339467
