,motion_thresh,age_l,age_u,n,med_rsq,CI_95
0,4.0,15.0,18.0,110.0,0.937151378126,0.0458967334464
