,motion_thresh,age_l,age_u,n,med_rsq,CI_95
0,6.0,12.0,15.0,120.0,0.969222254171,0.0313974285231
