,motion_thresh,age_l,age_u,n,med_rsq,CI_95
0,20.0,10.0,13.0,200.0,0.973380754136,0.0338934852342
