,motion_thresh,age_l,age_u,n,med_rsq,CI_95
0,14.0,10.0,13.0,50.0,0.94064109378,0.0567541246466
