,motion_thresh,age_l,age_u,n,med_rsq,CI_95
0,50.0,6.0,9.0,190.0,0.952970936972,0.0429890847974
