,motion_thresh,age_l,age_u,n,med_rsq,CI_95,med_icc,CI_95_icc
0,30.0,8.0,11.0,210.0,0.977054878018,0.0264091547834,0.988569359756,0.0134757296926
