,motion_thresh,age_l,age_u,n,med_rsq,CI_95
0,18.0,10.0,13.0,170.0,0.972098595331,0.0260720666738
