,motion_thresh,age_l,age_u,n,med_rsq,CI_95
0,2.0,7.0,10.0,200.0,0.881393864465,0.105763262651
