,motion_thresh,age_l,age_u,n,med_rsq,CI_95
0,6.0,15.0,18.0,220.0,0.953606522134,0.019243734015
