,motion_thresh,age_l,age_u,n,med_rsq,CI_95
0,12.0,9.0,12.0,290.0,0.967378439697,0.0231329866485
