,motion_thresh,age_l,age_u,n,med_rsq,CI_95
0,46.0,12.0,15.0,40.0,0.922949188636,0.124517175735
