,motion_thresh,age_l,age_u,n,med_rsq,CI_95
0,4.0,15.0,18.0,100.0,0.937583020678,0.0680726557535
