,motion_thresh,age_l,age_u,n,med_rsq,CI_95
0,28.0,11.0,14.0,260.0,0.97934060675,0.026615575373
