,motion_thresh,age_l,age_u,n,med_rsq,CI_95,med_icc,CI_95_icc
0,30.0,9.0,12.0,120.0,0.977670265425,0.0259149575837,0.988872193161,0.0127775391857
