,motion_thresh,age_l,age_u,n,med_rsq,CI_95,med_icc,CI_95_icc
0,25.0,7.0,10.0,270.0,0.934713545233,0.131315758496,0.968927659237,0.0581089298747
