,motion_thresh,age_l,age_u,n,med_rsq,CI_95
0,44.0,15.0,18.0,300.0,0.965961084703,0.048571693815
