,motion_thresh,age_l,age_u,n,med_rsq,CI_95
0,26.0,6.0,9.0,260.0,0.944028102431,0.0845882612337
