,motion_thresh,age_l,age_u,n,med_rsq,CI_95,med_icc,CI_95_icc
0,40.0,6.0,9.0,90.0,0.956924923852,0.0460446855591,0.978723515999,0.023287084019
