,motion_thresh,age_l,age_u,n,med_rsq,CI_95
0,4.0,10.0,13.0,300.0,0.953437798794,0.0397676020918
