,motion_thresh,age_l,age_u,n,med_rsq,CI_95
0,32.0,12.0,15.0,180.0,0.976083657448,0.0252491564362
