,motion_thresh,age_l,age_u,n,med_rsq,CI_95
0,12.0,10.0,13.0,190.0,0.971727668738,0.0241808302695
