,motion_thresh,age_l,age_u,n,med_rsq,CI_95
0,8.0,9.0,12.0,240.0,0.954508815991,0.0563611780727
