,motion_thresh,age_l,age_u,n,med_rsq,CI_95
0,34.0,13.0,16.0,200.0,0.976569076637,0.0303478954538
