,motion_thresh,age_l,age_u,n,med_rsq,CI_95
0,2.0,6.0,9.0,60.0,0.86555543954,0.0616559792881
