,motion_thresh,age_l,age_u,n,med_rsq,CI_95
0,2.0,11.0,14.0,100.0,0.944228667599,0.0301119559528
