,motion_thresh,age_l,age_u,n,med_rsq,CI_95
0,8.0,13.0,16.0,180.0,0.970515492407,0.0225937500673
