,motion_thresh,age_l,age_u,n,med_rsq,CI_95
0,30.0,7.0,10.0,110.0,0.964945864197,0.0377703669393
