,motion_thresh,age_l,age_u,n,med_rsq,CI_95
0,8.0,14.0,17.0,260.0,0.960084602597,0.0601142729461
