,motion_thresh,age_l,age_u,n,med_rsq,CI_95
0,6.0,14.0,17.0,170.0,0.963569252938,0.0275055626657
