,motion_thresh,age_l,age_u,n,med_rsq,CI_95
0,22.0,15.0,18.0,290.0,0.961677076392,0.0460930569751
