,motion_thresh,age_l,age_u,n,med_rsq,CI_95,med_icc,CI_95_icc
0,35.0,15.0,18.0,180.0,0.971171452829,0.0350918832326,0.985341603096,0.0179873206818
