,motion_thresh,age_l,age_u,n,med_rsq,CI_95
0,38.0,13.0,16.0,240.0,0.975337855754,0.0528758502396
