,motion_thresh,age_l,age_u,n,med_rsq,CI_95,med_icc,CI_95_icc
0,40.0,14.0,17.0,30.0,0.914342563314,0.190223003144,0.957526716987,0.0839170325305
