,motion_thresh,age_l,age_u,n,med_rsq,CI_95
0,28.0,13.0,16.0,300.0,0.976329252002,0.0304759624136
