,motion_thresh,age_l,age_u,n,med_rsq,CI_95
0,12.0,13.0,16.0,220.0,0.958921086376,0.0462013612898
