,motion_thresh,age_l,age_u,n,med_rsq,CI_95,med_icc,CI_95_icc
0,10.0,12.0,15.0,120.0,0.976808791823,0.0211848120651,0.988214414352,0.0108222098044
