,motion_thresh,age_l,age_u,n,med_rsq,CI_95
0,48.0,14.0,17.0,10.0,0.728051416321,0.452640367607
