,motion_thresh,age_l,age_u,n,med_rsq,CI_95,med_icc,CI_95_icc
0,50.0,6.0,9.0,270.0,0.956759714863,0.0454820924954,0.978266308125,0.0215181246222
