,motion_thresh,age_l,age_u,n,med_rsq,CI_95
0,2.0,13.0,16.0,80.0,0.937713993394,0.0626487082139
