,motion_thresh,age_l,age_u,n,med_rsq,CI_95
0,42.0,12.0,15.0,150.0,0.979365021192,0.0266830959755
