,motion_thresh,age_l,age_u,n,med_rsq,CI_95
0,32.0,6.0,9.0,100.0,0.947141461348,0.0599411702162
