,motion_thresh,age_l,age_u,n,med_rsq,CI_95,med_icc,CI_95_icc
0,25.0,6.0,9.0,30.0,0.908552368364,0.173428883197,0.955431517961,0.0778510928781
