,motion_thresh,age_l,age_u,n,med_rsq,CI_95
0,50.0,9.0,12.0,270.0,0.979863652801,0.0281609783925
