,motion_thresh,age_l,age_u,n,med_rsq,CI_95
0,4.0,11.0,14.0,250.0,0.964336524687,0.0111539512309
