,motion_thresh,age_l,age_u,n,med_rsq,CI_95
0,22.0,15.0,18.0,60.0,0.945608892084,0.0994650246834
