,motion_thresh,age_l,age_u,n,med_rsq,CI_95
0,20.0,10.0,13.0,210.0,0.972519724429,0.0482018184442
