,motion_thresh,age_l,age_u,n,med_rsq,CI_95
0,14.0,10.0,13.0,40.0,0.926807718876,0.102016693092
