,motion_thresh,age_l,age_u,n,med_rsq,CI_95,med_icc,CI_95_icc
0,5.0,15.0,18.0,240.0,0.956626131828,0.0486428450524,0.978027978582,0.0246566638851
