,motion_thresh,age_l,age_u,n,med_rsq,CI_95
0,2.0,12.0,15.0,190.0,0.946453267529,0.0307589208485
