,motion_thresh,age_l,age_u,n,med_rsq,CI_95
0,2.0,11.0,14.0,200.0,0.943065322342,0.0171680621929
