,motion_thresh,age_l,age_u,n,med_rsq,CI_95
0,2.0,10.0,13.0,220.0,0.933943868281,0.0459992233773
