,motion_thresh,age_l,age_u,n,med_rsq,CI_95
0,14.0,13.0,16.0,270.0,0.974914275668,0.0213998542413
