,motion_thresh,age_l,age_u,n,med_rsq,CI_95
0,8.0,9.0,12.0,290.0,0.956055968409,0.0561168775579
