,motion_thresh,age_l,age_u,n,med_rsq,CI_95
0,44.0,10.0,13.0,210.0,0.981219007209,0.021367533628
