,motion_thresh,age_l,age_u,n,med_rsq,CI_95
0,20.0,12.0,15.0,40.0,0.926018996707,0.0770363117358
