,motion_thresh,age_l,age_u,n,med_rsq,CI_95
0,30.0,10.0,13.0,10.0,0.714528770313,0.431243496768
