,motion_thresh,age_l,age_u,n,med_rsq,CI_95
0,48.0,9.0,12.0,210.0,0.979203955918,0.0272624947678
