,motion_thresh,age_l,age_u,n,med_rsq,CI_95
0,46.0,13.0,16.0,240.0,0.977104825902,0.0200599147928
