,motion_thresh,age_l,age_u,n,med_rsq,CI_95
0,28.0,7.0,10.0,130.0,0.944037646945,0.103476794876
