,motion_thresh,age_l,age_u,n,med_rsq,CI_95
0,6.0,12.0,15.0,200.0,0.969375889329,0.0274810866009
