,motion_thresh,age_l,age_u,n,med_rsq,CI_95
0,10.0,13.0,16.0,210.0,0.96980013585,0.025588826995
