,motion_thresh,age_l,age_u,n,med_rsq,CI_95
0,4.0,7.0,10.0,220.0,0.910385572736,0.0604527499245
