,motion_thresh,age_l,age_u,n,med_rsq,CI_95
0,14.0,9.0,12.0,70.0,0.956602320942,0.0439710958602
