,motion_thresh,age_l,age_u,n,med_rsq,CI_95,med_icc,CI_95_icc
0,40.0,11.0,14.0,90.0,0.971020591724,0.0484898387012,0.985590462932,0.0230735448971
