,motion_thresh,age_l,age_u,n,med_rsq,CI_95
0,30.0,11.0,14.0,60.0,0.949523888617,0.0619812187109
