,motion_thresh,age_l,age_u,n,med_rsq,CI_95,med_icc,CI_95_icc
0,20.0,12.0,15.0,180.0,0.982415557224,0.0223065545943,0.99112529876,0.0110939982272
