,motion_thresh,age_l,age_u,n,med_rsq,CI_95,med_icc,CI_95_icc
0,20.0,9.0,12.0,210.0,0.975763082197,0.0202847915956,0.987593061462,0.00981316786517
