,motion_thresh,age_l,age_u,n,med_rsq,CI_95
0,38.0,7.0,10.0,130.0,0.962227861581,0.0369776253412
