,motion_thresh,age_l,age_u,n,med_rsq,CI_95
0,46.0,6.0,9.0,110.0,0.950903162422,0.0557070958574
