,motion_thresh,age_l,age_u,n,med_rsq,CI_95
0,20.0,8.0,11.0,100.0,0.961727585897,0.070465269486
