,motion_thresh,age_l,age_u,n,med_rsq,CI_95
0,34.0,9.0,12.0,270.0,0.976503260654,0.0257533383423
