,motion_thresh,age_l,age_u,n,med_rsq,CI_95
0,2.0,9.0,12.0,160.0,0.915092155828,0.0580112461854
