,motion_thresh,age_l,age_u,n,med_rsq,CI_95
0,22.0,10.0,13.0,250.0,0.976774543349,0.0296214108278
