,motion_thresh,age_l,age_u,n,med_rsq,CI_95,med_icc,CI_95_icc
0,45.0,11.0,14.0,300.0,0.983883583229,0.0215033793922,0.991915257812,0.0108716064651
