,motion_thresh,age_l,age_u,n,med_rsq,CI_95
0,4.0,11.0,14.0,230.0,0.962210099008,0.0204635193948
