,motion_thresh,age_l,age_u,n,med_rsq,CI_95
0,40.0,10.0,13.0,210.0,0.978886556897,0.0289888308105
