,motion_thresh,age_l,age_u,n,med_rsq,CI_95
0,36.0,7.0,10.0,230.0,0.962970908516,0.0349418501815
