,motion_thresh,age_l,age_u,n,med_rsq,CI_95
0,44.0,7.0,10.0,60.0,0.947058223739,0.0531895119419
