,motion_thresh,age_l,age_u,n,med_rsq,CI_95
0,44.0,9.0,12.0,90.0,0.966387399826,0.0517224881421
