,motion_thresh,age_l,age_u,n,med_rsq,CI_95
0,18.0,14.0,17.0,90.0,0.962657155475,0.0613024515655
