,motion_thresh,age_l,age_u,n,med_rsq,CI_95
0,30.0,10.0,13.0,210.0,0.978638405415,0.0208608967519
