,motion_thresh,age_l,age_u,n,med_rsq,CI_95
0,46.0,8.0,11.0,210.0,0.97282889495,0.0398110932854
