,motion_thresh,age_l,age_u,n,med_rsq,CI_95
0,6.0,8.0,11.0,130.0,0.937153434056,0.0879993009801
