,motion_thresh,age_l,age_u,n,med_rsq,CI_95
0,48.0,9.0,12.0,260.0,0.978849387889,0.0308283313808
