,motion_thresh,age_l,age_u,n,med_rsq,CI_95
0,30.0,12.0,15.0,290.0,0.978736378997,0.0292938643095
