,motion_thresh,age_l,age_u,n,med_rsq,CI_95,med_icc,CI_95_icc
0,5.0,10.0,13.0,240.0,0.962057811742,0.0408031547859,0.981045445217,0.0206374292579
