,motion_thresh,age_l,age_u,n,med_rsq,CI_95
0,40.0,12.0,15.0,200.0,0.980591538011,0.0244621879162
