,motion_thresh,age_l,age_u,n,med_rsq,CI_95
0,16.0,11.0,14.0,70.0,0.957409230955,0.0549073385788
