,motion_thresh,age_l,age_u,n,med_rsq,CI_95
0,16.0,8.0,11.0,50.0,0.938121808973,0.0726368773276
