,motion_thresh,age_l,age_u,n,med_rsq,CI_95
0,34.0,15.0,18.0,220.0,0.969060417139,0.0321080175398
