,motion_thresh,age_l,age_u,n,med_rsq,CI_95
0,36.0,7.0,10.0,50.0,0.936258012817,0.113344478985
