,motion_thresh,age_l,age_u,n,med_rsq,CI_95,med_icc,CI_95_icc
0,25.0,13.0,16.0,30.0,0.910659231153,0.124100383925,0.955095033579,0.058732279956
