,motion_thresh,age_l,age_u,n,med_rsq,CI_95,med_icc,CI_95_icc
0,50.0,11.0,14.0,150.0,0.982928100296,0.030713402352,0.991470388734,0.0152717473065
