,motion_thresh,age_l,age_u,n,med_rsq,CI_95
0,2.0,6.0,9.0,70.0,0.859873740384,0.0735802378079
