,motion_thresh,age_l,age_u,n,med_rsq,CI_95
0,34.0,14.0,17.0,40.0,0.923266120906,0.124375710733
