,motion_thresh,age_l,age_u,n,med_rsq,CI_95
0,24.0,9.0,12.0,290.0,0.975387383502,0.0239738436836
