,motion_thresh,age_l,age_u,n,med_rsq,CI_95,med_icc,CI_95_icc
0,45.0,14.0,17.0,300.0,0.979160428437,0.0199816523699,0.989515095656,0.00998115331439
