,motion_thresh,age_l,age_u,n,med_rsq,CI_95
0,50.0,6.0,9.0,250.0,0.95190726386,0.0462316067205
