,motion_thresh,age_l,age_u,n,med_rsq,CI_95
0,20.0,10.0,13.0,170.0,0.972818238028,0.0326196708788
