,motion_thresh,age_l,age_u,n,med_rsq,CI_95
0,30.0,10.0,13.0,150.0,0.977568871155,0.0248690080226
