,motion_thresh,age_l,age_u,n,med_rsq,CI_95
0,50.0,7.0,10.0,70.0,0.953533335324,0.0828164288492
