,motion_thresh,age_l,age_u,n,med_rsq,CI_95
0,26.0,13.0,16.0,90.0,0.966110232595,0.0462158163865
