,motion_thresh,age_l,age_u,n,med_rsq,CI_95
0,12.0,15.0,18.0,150.0,0.959751651548,0.041519724802
