,motion_thresh,age_l,age_u,n,med_rsq,CI_95
0,10.0,6.0,9.0,250.0,0.926952526907,0.0772870042877
