,motion_thresh,age_l,age_u,n,med_rsq,CI_95
0,20.0,7.0,10.0,240.0,0.962790617366,0.036134466531
