,motion_thresh,age_l,age_u,n,med_rsq,CI_95
0,16.0,14.0,17.0,50.0,0.941105588044,0.0910868567428
