,motion_thresh,age_l,age_u,n,med_rsq,CI_95
0,2.0,6.0,9.0,110.0,0.863818004408,0.0758794104556
