,motion_thresh,age_l,age_u,n,med_rsq,CI_95,med_icc,CI_95_icc
0,5.0,8.0,11.0,120.0,0.952859434512,0.0407521836534,0.976273237799,0.0206694069991
