,motion_thresh,age_l,age_u,n,med_rsq,CI_95
0,32.0,8.0,11.0,70.0,0.955912953129,0.0619054281019
