,motion_thresh,age_l,age_u,n,med_rsq,CI_95
0,10.0,8.0,11.0,30.0,0.896655657608,0.170896960132
