,motion_thresh,age_l,age_u,n,med_rsq,CI_95
0,8.0,8.0,11.0,140.0,0.954492384139,0.0470626818885
