,motion_thresh,age_l,age_u,n,med_rsq,CI_95
0,24.0,14.0,17.0,120.0,0.96917744033,0.0454640796689
