,motion_thresh,age_l,age_u,n,med_rsq,CI_95
0,42.0,7.0,10.0,160.0,0.967973428205,0.0344295383777
