,motion_thresh,age_l,age_u,n,med_rsq,CI_95
0,6.0,10.0,13.0,280.0,0.958254108601,0.047874354489
