,motion_thresh,age_l,age_u,n,med_rsq,CI_95
0,32.0,13.0,16.0,210.0,0.977117709086,0.0274487947412
