,motion_thresh,age_l,age_u,n,med_rsq,CI_95
0,46.0,12.0,15.0,280.0,0.980482759084,0.0196478038362
