,motion_thresh,age_l,age_u,n,med_rsq,CI_95
0,50.0,6.0,9.0,70.0,0.95355619752,0.0540347590171
