,motion_thresh,age_l,age_u,n,med_rsq,CI_95
0,10.0,12.0,15.0,80.0,0.962518754012,0.0413069044451
