,motion_thresh,age_l,age_u,n,med_rsq,CI_95,med_icc,CI_95_icc
0,25.0,13.0,16.0,120.0,0.975914384765,0.024887867853,0.987982917772,0.0123107014682
