,motion_thresh,age_l,age_u,n,med_rsq,CI_95
0,34.0,7.0,10.0,10.0,0.727052269082,0.360934930291
