,motion_thresh,age_l,age_u,n,med_rsq,CI_95
0,28.0,9.0,12.0,270.0,0.972845346614,0.0269642828134
