,motion_thresh,age_l,age_u,n,med_rsq,CI_95,med_icc,CI_95_icc
0,20.0,7.0,10.0,180.0,0.967032440473,0.0348723351229,0.983695195062,0.0167967158709
