,motion_thresh,age_l,age_u,n,med_rsq,CI_95
0,48.0,7.0,10.0,270.0,0.967489279638,0.0473949331465
