,motion_thresh,age_l,age_u,n,med_rsq,CI_95,med_icc,CI_95_icc
0,40.0,14.0,17.0,90.0,0.967978387893,0.0665320594986,0.984380212521,0.0323484369497
