,motion_thresh,age_l,age_u,n,med_rsq,CI_95
0,32.0,14.0,17.0,230.0,0.974501899646,0.0409575703709
