,motion_thresh,age_l,age_u,n,med_rsq,CI_95
0,2.0,11.0,14.0,10.0,0.744501901982,0.0993668494365
