,motion_thresh,age_l,age_u,n,med_rsq,CI_95
0,12.0,11.0,14.0,160.0,0.975109529797,0.017521643424
