,motion_thresh,age_l,age_u,n,med_rsq,CI_95,med_icc,CI_95_icc
0,30.0,12.0,15.0,270.0,0.980904498451,0.0192726260251,0.990489874957,0.00945876577691
