,motion_thresh,age_l,age_u,n,med_rsq,CI_95
0,4.0,15.0,18.0,270.0,0.939694986205,0.0753390164405
