,motion_thresh,age_l,age_u,n,med_rsq,CI_95
0,40.0,6.0,9.0,30.0,0.898761477142,0.171716587636
