,motion_thresh,age_l,age_u,n,med_rsq,CI_95
0,40.0,8.0,11.0,180.0,0.972214584279,0.0306707716951
