,motion_thresh,age_l,age_u,n,med_rsq,CI_95
0,2.0,13.0,16.0,120.0,0.93970320288,0.0655989118041
