,motion_thresh,age_l,age_u,n,med_rsq,CI_95
0,8.0,9.0,12.0,60.0,0.948645765266,0.061830375528
