,motion_thresh,age_l,age_u,n,med_rsq,CI_95
0,36.0,11.0,14.0,260.0,0.981060019056,0.0264258096501
