,motion_thresh,age_l,age_u,n,med_rsq,CI_95
0,44.0,9.0,12.0,110.0,0.97108325715,0.0685601284905
