,motion_thresh,age_l,age_u,n,med_rsq,CI_95,med_icc,CI_95_icc
0,25.0,9.0,12.0,240.0,0.977427336579,0.0222723306274,0.988672620398,0.010505776983
