,motion_thresh,age_l,age_u,n,med_rsq,CI_95
0,16.0,10.0,13.0,40.0,0.925240458456,0.105363873282
