,motion_thresh,age_l,age_u,n,med_rsq,CI_95
0,42.0,15.0,18.0,70.0,0.957286484884,0.0612386486354
