,motion_thresh,age_l,age_u,n,med_rsq,CI_95
0,50.0,10.0,13.0,250.0,0.976778845124,0.0284456285243
