,motion_thresh,age_l,age_u,n,med_rsq,CI_95,med_icc,CI_95_icc
0,10.0,9.0,12.0,240.0,0.968082511355,0.0257944233267,0.984008671227,0.0127348228442
