,motion_thresh,age_l,age_u,n,med_rsq,CI_95,med_icc,CI_95_icc
0,10.0,6.0,9.0,240.0,0.936751033835,0.0561779927969,0.968040079871,0.0296380969724
