,motion_thresh,age_l,age_u,n,med_rsq,CI_95
0,8.0,7.0,10.0,80.0,0.942377150343,0.0437796350769
