,motion_thresh,age_l,age_u,n,med_rsq,CI_95
0,6.0,15.0,18.0,150.0,0.946283796292,0.0402182785494
