,motion_thresh,age_l,age_u,n,med_rsq,CI_95
0,12.0,10.0,13.0,290.0,0.971821971256,0.0273089310815
