,motion_thresh,age_l,age_u,n,med_rsq,CI_95
0,28.0,10.0,13.0,210.0,0.966423895547,0.039249922122
