,motion_thresh,age_l,age_u,n,med_rsq,CI_95
0,44.0,15.0,18.0,150.0,0.966964550816,0.0362542424762
