,motion_thresh,age_l,age_u,n,med_rsq,CI_95
0,18.0,14.0,17.0,50.0,0.940255840473,0.0774587624263
