,motion_thresh,age_l,age_u,n,med_rsq,CI_95,med_icc,CI_95_icc
0,35.0,9.0,12.0,120.0,0.977084440473,0.0372367339178,0.988621671259,0.0197012234801
