,motion_thresh,age_l,age_u,n,med_rsq,CI_95,med_icc,CI_95_icc
0,15.0,12.0,15.0,240.0,0.975737532294,0.0304347816626,0.987839945676,0.0155305298814
