,motion_thresh,age_l,age_u,n,med_rsq,CI_95
0,28.0,6.0,9.0,90.0,0.945859307503,0.0623871707975
