,motion_thresh,age_l,age_u,n,med_rsq,CI_95
0,50.0,9.0,12.0,60.0,0.946107627036,0.108137208128
