,motion_thresh,age_l,age_u,n,med_rsq,CI_95
0,26.0,8.0,11.0,10.0,0.722981993352,0.45487156836
