,motion_thresh,age_l,age_u,n,med_rsq,CI_95
0,32.0,12.0,15.0,20.0,0.858154323774,0.205354192276
