,motion_thresh,age_l,age_u,n,med_rsq,CI_95,med_icc,CI_95_icc
0,25.0,6.0,9.0,150.0,0.952895972993,0.0594286417335,0.976117533212,0.0303202826875
