,motion_thresh,age_l,age_u,n,med_rsq,CI_95
0,40.0,8.0,11.0,280.0,0.973922633997,0.0307143920604
