,motion_thresh,age_l,age_u,n,med_rsq,CI_95
0,50.0,8.0,11.0,130.0,0.971151111932,0.0384315963526
