,motion_thresh,age_l,age_u,n,med_rsq,CI_95
0,4.0,14.0,17.0,150.0,0.949772635687,0.0230376338279
