,motion_thresh,age_l,age_u,n,med_rsq,CI_95
0,38.0,15.0,18.0,90.0,0.965706216052,0.054600880941
