,motion_thresh,age_l,age_u,n,med_rsq,CI_95
0,40.0,11.0,14.0,60.0,0.95006508111,0.0653640231478
