,motion_thresh,age_l,age_u,n,med_rsq,CI_95
0,42.0,7.0,10.0,290.0,0.966397134222,0.0406208799651
