,motion_thresh,age_l,age_u,n,med_rsq,CI_95
0,46.0,14.0,17.0,120.0,0.974664240137,0.0344573097272
