,motion_thresh,age_l,age_u,n,med_rsq,CI_95
0,18.0,15.0,18.0,70.0,0.956080678992,0.0735106439529
