,motion_thresh,age_l,age_u,n,med_rsq,CI_95
0,44.0,15.0,18.0,30.0,0.900972700358,0.125542078574
