,motion_thresh,age_l,age_u,n,med_rsq,CI_95
0,44.0,9.0,12.0,180.0,0.978244011389,0.030185024726
