,motion_thresh,age_l,age_u,n,med_rsq,CI_95
0,30.0,15.0,18.0,200.0,0.966918551416,0.044366492518
