,motion_thresh,age_l,age_u,n,med_rsq,CI_95
0,18.0,6.0,9.0,180.0,0.943684974479,0.0724367688492
