,motion_thresh,age_l,age_u,n,med_rsq,CI_95,med_icc,CI_95_icc
0,50.0,7.0,10.0,120.0,0.97216958256,0.0298870146224,0.986157592764,0.0152967084834
