,motion_thresh,age_l,age_u,n,med_rsq,CI_95
0,26.0,6.0,9.0,270.0,0.945563170838,0.0678204221564
