,motion_thresh,age_l,age_u,n,med_rsq,CI_95
0,4.0,11.0,14.0,130.0,0.965022693653,0.0127743693031
