,motion_thresh,age_l,age_u,n,med_rsq,CI_95,med_icc,CI_95_icc
0,10.0,8.0,11.0,60.0,0.953499637535,0.0462226716139,0.976769521991,0.024072612669
