,motion_thresh,age_l,age_u,n,med_rsq,CI_95
0,18.0,9.0,12.0,120.0,0.971559207719,0.0361985088945
