,motion_thresh,age_l,age_u,n,med_rsq,CI_95
0,8.0,11.0,14.0,280.0,0.968881444762,0.0337370358303
