,motion_thresh,age_l,age_u,n,med_rsq,CI_95
0,24.0,9.0,12.0,150.0,0.974497820879,0.0324300399494
