,motion_thresh,age_l,age_u,n,med_rsq,CI_95
0,8.0,12.0,15.0,250.0,0.972653425054,0.0197275085933
