,motion_thresh,age_l,age_u,n,med_rsq,CI_95
0,10.0,10.0,13.0,50.0,0.937974741851,0.064233732305
