,motion_thresh,age_l,age_u,n,med_rsq,CI_95
0,18.0,13.0,16.0,70.0,0.955208367086,0.036746009
