,motion_thresh,age_l,age_u,n,med_rsq,CI_95
0,24.0,14.0,17.0,250.0,0.964686317928,0.0560223134575
