,motion_thresh,age_l,age_u,n,med_rsq,CI_95
0,46.0,7.0,10.0,10.0,0.70324225396,0.411300357789
