,motion_thresh,age_l,age_u,n,med_rsq,CI_95
0,18.0,15.0,18.0,120.0,0.960182927933,0.0626626124119
