,motion_thresh,age_l,age_u,n,med_rsq,CI_95,med_icc,CI_95_icc
0,5.0,12.0,15.0,240.0,0.970615435896,0.0291587006346,0.985310042206,0.0144102412756
