,motion_thresh,age_l,age_u,n,med_rsq,CI_95
0,18.0,6.0,9.0,190.0,0.94068943137,0.126957953373
