,motion_thresh,age_l,age_u,n,med_rsq,CI_95
0,2.0,13.0,16.0,170.0,0.939204551237,0.0489416292421
