,motion_thresh,age_l,age_u,n,med_rsq,CI_95
0,42.0,10.0,13.0,10.0,0.710275276348,0.50536140537
