,motion_thresh,age_l,age_u,n,med_rsq,CI_95
0,40.0,15.0,18.0,220.0,0.967770078255,0.0386813534344
