,motion_thresh,age_l,age_u,n,med_rsq,CI_95
0,16.0,12.0,15.0,290.0,0.978093791508,0.0218399433629
