,motion_thresh,age_l,age_u,n,med_rsq,CI_95
0,14.0,15.0,18.0,160.0,0.958001895586,0.0550114656683
