,motion_thresh,age_l,age_u,n,med_rsq,CI_95
0,46.0,7.0,10.0,20.0,0.848616787792,0.175367814811
