,motion_thresh,age_l,age_u,n,med_rsq,CI_95
0,10.0,14.0,17.0,190.0,0.946452395546,0.0848797068075
