,motion_thresh,age_l,age_u,n,med_rsq,CI_95,med_icc,CI_95_icc
0,15.0,10.0,13.0,30.0,0.909499006974,0.165715838859,0.955043240654,0.0695021103552
