,motion_thresh,age_l,age_u,n,med_rsq,CI_95,med_icc,CI_95_icc
0,5.0,6.0,9.0,240.0,0.917642144228,0.0819353794481,0.959433609473,0.0414216153789
