,motion_thresh,age_l,age_u,n,med_rsq,CI_95,med_icc,CI_95_icc
0,50.0,12.0,15.0,60.0,0.957234125041,0.0512166067029,0.978682550167,0.0247227768696
