,motion_thresh,age_l,age_u,n,med_rsq,CI_95
0,44.0,8.0,11.0,90.0,0.964608130777,0.0461678416469
