,motion_thresh,age_l,age_u,n,med_rsq,CI_95
0,6.0,7.0,10.0,270.0,0.927142727703,0.0604703926819
