,motion_thresh,age_l,age_u,n,med_rsq,CI_95
0,44.0,15.0,18.0,50.0,0.940565487346,0.0992279107922
