,motion_thresh,age_l,age_u,n,med_rsq,CI_95
0,50.0,13.0,16.0,220.0,0.977214617266,0.0296762362211
