,motion_thresh,age_l,age_u,n,med_rsq,CI_95
0,28.0,7.0,10.0,250.0,0.948399058402,0.100123466085
