,motion_thresh,age_l,age_u,n,med_rsq,CI_95
0,46.0,9.0,12.0,160.0,0.978491396517,0.0341976247564
