,motion_thresh,age_l,age_u,n,med_rsq,CI_95
0,16.0,12.0,15.0,60.0,0.949023757796,0.0343597695437
