,motion_thresh,age_l,age_u,n,med_rsq,CI_95
0,32.0,9.0,12.0,210.0,0.975212194604,0.0331908588303
