,motion_thresh,age_l,age_u,n,med_rsq,CI_95,med_icc,CI_95_icc
0,10.0,13.0,16.0,210.0,0.972690128472,0.0275654645214,0.986425199185,0.0137779179959
