,motion_thresh,age_l,age_u,n,med_rsq,CI_95
0,34.0,12.0,15.0,270.0,0.977881438061,0.0261923073668
