,motion_thresh,age_l,age_u,n,med_rsq,CI_95
0,28.0,10.0,13.0,30.0,0.901636581608,0.119794423296
