,motion_thresh,age_l,age_u,n,med_rsq,CI_95
0,6.0,7.0,10.0,290.0,0.929329945995,0.0640287363162
