,motion_thresh,age_l,age_u,n,med_rsq,CI_95
0,36.0,9.0,12.0,230.0,0.977836599149,0.018070229995
