,motion_thresh,age_l,age_u,n,med_rsq,CI_95
0,32.0,15.0,18.0,120.0,0.967356663461,0.0424677192288
