,motion_thresh,age_l,age_u,n,med_rsq,CI_95
0,50.0,10.0,13.0,300.0,0.977400326154,0.0307755016323
