,motion_thresh,age_l,age_u,n,med_rsq,CI_95
0,24.0,14.0,17.0,190.0,0.970266001722,0.0577790824494
