,motion_thresh,age_l,age_u,n,med_rsq,CI_95,med_icc,CI_95_icc
0,45.0,13.0,16.0,210.0,0.981466863813,0.0205716445371,0.990721210516,0.0105598191369
