,motion_thresh,age_l,age_u,n,med_rsq,CI_95
0,24.0,10.0,13.0,160.0,0.974402614832,0.0454265887004
