,motion_thresh,age_l,age_u,n,med_rsq,CI_95
0,24.0,9.0,12.0,30.0,0.89855740974,0.141913033939
