,motion_thresh,age_l,age_u,n,med_rsq,CI_95
0,24.0,7.0,10.0,30.0,0.893095482348,0.135036188895
