,motion_thresh,age_l,age_u,n,med_rsq,CI_95
0,34.0,12.0,15.0,50.0,0.942891703651,0.0741299211402
