,motion_thresh,age_l,age_u,n,med_rsq,CI_95,med_icc,CI_95_icc
0,5.0,10.0,13.0,60.0,0.954486506378,0.0549815618788,0.977410688501,0.0264970425799
