,motion_thresh,age_l,age_u,n,med_rsq,CI_95
0,28.0,12.0,15.0,190.0,0.978044465486,0.0272025367191
