,motion_thresh,age_l,age_u,n,med_rsq,CI_95
0,2.0,11.0,14.0,270.0,0.944898194325,0.0242513329774
