,motion_thresh,age_l,age_u,n,med_rsq,CI_95
0,48.0,12.0,15.0,250.0,0.979921046051,0.0335735974481
