,motion_thresh,age_l,age_u,n,med_rsq,CI_95
0,32.0,15.0,18.0,150.0,0.967639797389,0.0367916054059
