,motion_thresh,age_l,age_u,n,med_rsq,CI_95
0,4.0,8.0,11.0,70.0,0.934325684518,0.0691774043867
