,motion_thresh,age_l,age_u,n,med_rsq,CI_95
0,46.0,15.0,18.0,180.0,0.967091798963,0.031350546548
