,motion_thresh,age_l,age_u,n,med_rsq,CI_95
0,2.0,12.0,15.0,30.0,0.902277514854,0.0612198468928
