,motion_thresh,age_l,age_u,n,med_rsq,CI_95,med_icc,CI_95_icc
0,15.0,11.0,14.0,30.0,0.91757153411,0.0955005005979,0.95864846863,0.048537016855
