,motion_thresh,age_l,age_u,n,med_rsq,CI_95
0,2.0,8.0,11.0,30.0,0.891928550543,0.12643347543
