,motion_thresh,age_l,age_u,n,med_rsq,CI_95
0,50.0,15.0,18.0,30.0,0.898970046636,0.141869715575
