,motion_thresh,age_l,age_u,n,med_rsq,CI_95
0,12.0,7.0,10.0,40.0,0.923466749887,0.118131525389
