,motion_thresh,age_l,age_u,n,med_rsq,CI_95
0,28.0,14.0,17.0,190.0,0.972958795516,0.0225252952704
