,motion_thresh,age_l,age_u,n,med_rsq,CI_95
0,4.0,14.0,17.0,240.0,0.945667022058,0.0232679863348
