,motion_thresh,age_l,age_u,n,med_rsq,CI_95
0,24.0,15.0,18.0,130.0,0.964661639671,0.067229135468
