,motion_thresh,age_l,age_u,n,med_rsq,CI_95
0,36.0,12.0,15.0,200.0,0.979405881185,0.0227251278307
