,motion_thresh,age_l,age_u,n,med_rsq,CI_95
0,30.0,15.0,18.0,20.0,0.858016893875,0.170768346609
