,motion_thresh,age_l,age_u,n,med_rsq,CI_95
0,16.0,9.0,12.0,70.0,0.957059578626,0.0485108855194
