,motion_thresh,age_l,age_u,n,med_rsq,CI_95
0,20.0,15.0,18.0,210.0,0.962486008984,0.052158418245
