,motion_thresh,age_l,age_u,n,med_rsq,CI_95
0,10.0,12.0,15.0,250.0,0.97422482436,0.0285862243681
