,motion_thresh,age_l,age_u,n,med_rsq,CI_95
0,4.0,15.0,18.0,160.0,0.940226892903,0.039602441483
