,motion_thresh,age_l,age_u,n,med_rsq,CI_95,med_icc,CI_95_icc
0,20.0,11.0,14.0,240.0,0.980063339695,0.0273939762502,0.989876464752,0.0140354183818
