,motion_thresh,age_l,age_u,n,med_rsq,CI_95
0,40.0,15.0,18.0,280.0,0.968929660046,0.0397931520347
