,motion_thresh,age_l,age_u,n,med_rsq,CI_95
0,6.0,13.0,16.0,190.0,0.969265320616,0.0255123363721
