,motion_thresh,age_l,age_u,n,med_rsq,CI_95
0,4.0,6.0,9.0,230.0,0.900604824306,0.0788995974584
