,motion_thresh,age_l,age_u,n,med_rsq,CI_95
0,50.0,13.0,16.0,250.0,0.976489669714,0.0289885634527
