,motion_thresh,age_l,age_u,n,med_rsq,CI_95
0,32.0,15.0,18.0,40.0,0.921317405665,0.112640277993
