,motion_thresh,age_l,age_u,n,med_rsq,CI_95
0,42.0,8.0,11.0,230.0,0.973236174225,0.0324819754541
