,motion_thresh,age_l,age_u,n,med_rsq,CI_95
0,2.0,12.0,15.0,180.0,0.951330203298,0.0146686813143
