,motion_thresh,age_l,age_u,n,med_rsq,CI_95
0,44.0,6.0,9.0,130.0,0.948561663312,0.0637716142932
