,motion_thresh,age_l,age_u,n,med_rsq,CI_95
0,40.0,13.0,16.0,100.0,0.970185769007,0.0445740622729
