,motion_thresh,age_l,age_u,n,med_rsq,CI_95
0,32.0,15.0,18.0,260.0,0.967072659123,0.040516431666
