,motion_thresh,age_l,age_u,n,med_rsq,CI_95
0,6.0,7.0,10.0,240.0,0.932071189039,0.0725178350103
