,motion_thresh,age_l,age_u,n,med_rsq,CI_95
0,14.0,12.0,15.0,270.0,0.976569534958,0.0170793027343
