,motion_thresh,age_l,age_u,n,med_rsq,CI_95
0,34.0,7.0,10.0,280.0,0.965784833824,0.0506324096818
