,motion_thresh,age_l,age_u,n,med_rsq,CI_95
0,14.0,12.0,15.0,60.0,0.951231309014,0.0567294307196
