,motion_thresh,age_l,age_u,n,med_rsq,CI_95
0,4.0,13.0,16.0,220.0,0.963282167727,0.0235533830163
