,motion_thresh,age_l,age_u,n,med_rsq,CI_95
0,8.0,14.0,17.0,300.0,0.962643419448,0.0396416881268
