,motion_thresh,age_l,age_u,n,med_rsq,CI_95
0,50.0,7.0,10.0,80.0,0.958818989627,0.0550547696747
