,motion_thresh,age_l,age_u,n,med_rsq,CI_95
0,28.0,12.0,15.0,20.0,0.852186904089,0.211572153012
