,motion_thresh,age_l,age_u,n,med_rsq,CI_95
0,22.0,9.0,12.0,300.0,0.965692943292,0.0520348337862
