,motion_thresh,age_l,age_u,n,med_rsq,CI_95
0,48.0,11.0,14.0,290.0,0.981938919053,0.0257841923659
