,motion_thresh,age_l,age_u,n,med_rsq,CI_95
0,46.0,8.0,11.0,150.0,0.97531245356,0.0341149158209
