,motion_thresh,age_l,age_u,n,med_rsq,CI_95
0,2.0,15.0,18.0,80.0,0.926734220564,0.0440548523563
