,motion_thresh,age_l,age_u,n,med_rsq,CI_95
0,34.0,7.0,10.0,50.0,0.938187690881,0.10797894767
