,motion_thresh,age_l,age_u,n,med_rsq,CI_95
0,4.0,14.0,17.0,110.0,0.951570326248,0.0360100390469
