,motion_thresh,age_l,age_u,n,med_rsq,CI_95
0,8.0,7.0,10.0,220.0,0.944313621485,0.0475720987052
