,motion_thresh,age_l,age_u,n,med_rsq,CI_95
0,36.0,14.0,17.0,290.0,0.973087538927,0.0325858425002
