,motion_thresh,age_l,age_u,n,med_rsq,CI_95
0,14.0,6.0,9.0,170.0,0.931990946244,0.0880544253498
