,motion_thresh,age_l,age_u,n,med_rsq,CI_95
0,42.0,13.0,16.0,120.0,0.97373733423,0.0358954544449
