,motion_thresh,age_l,age_u,n,med_rsq,CI_95,med_icc,CI_95_icc
0,35.0,11.0,14.0,210.0,0.982057311865,0.0219398123128,0.991023680611,0.011285969233
