,motion_thresh,age_l,age_u,n,med_rsq,CI_95
0,44.0,12.0,15.0,40.0,0.92527631971,0.114785836901
