,motion_thresh,age_l,age_u,n,med_rsq,CI_95
0,26.0,14.0,17.0,90.0,0.964780220672,0.0437629820417
