,motion_thresh,age_l,age_u,n,med_rsq,CI_95
0,18.0,6.0,9.0,200.0,0.942102392376,0.0793596494383
