,motion_thresh,age_l,age_u,n,med_rsq,CI_95
0,34.0,14.0,17.0,10.0,0.725523655721,0.384235361598
