,motion_thresh,age_l,age_u,n,med_rsq,CI_95
0,36.0,9.0,12.0,40.0,0.926716826243,0.0835268130448
