,motion_thresh,age_l,age_u,n,med_rsq,CI_95
0,40.0,7.0,10.0,170.0,0.963698775655,0.0409611734238
