,motion_thresh,age_l,age_u,n,med_rsq,CI_95
0,46.0,9.0,12.0,40.0,0.923458614593,0.147912464949
