,motion_thresh,age_l,age_u,n,med_rsq,CI_95
0,46.0,10.0,13.0,260.0,0.973312665925,0.051590952862
