,motion_thresh,age_l,age_u,n,med_rsq,CI_95
0,2.0,6.0,9.0,120.0,0.864884034233,0.060739959052
