,motion_thresh,age_l,age_u,n,med_rsq,CI_95,med_icc,CI_95_icc
0,10.0,6.0,9.0,60.0,0.937576576603,0.0610320953924,0.968358415531,0.0315405603764
