,motion_thresh,age_l,age_u,n,med_rsq,CI_95
0,4.0,7.0,10.0,40.0,0.917077720574,0.118645586997
