,motion_thresh,age_l,age_u,n,med_rsq,CI_95
0,42.0,12.0,15.0,80.0,0.961823664791,0.0489361751587
