,motion_thresh,age_l,age_u,n,med_rsq,CI_95
0,50.0,7.0,10.0,220.0,0.967652636688,0.0381969321578
