,motion_thresh,age_l,age_u,n,med_rsq,CI_95
0,6.0,12.0,15.0,130.0,0.969545428697,0.032674082697
