,motion_thresh,age_l,age_u,n,med_rsq,CI_95
0,44.0,15.0,18.0,70.0,0.958233303696,0.092467660563
