,motion_thresh,age_l,age_u,n,med_rsq,CI_95
0,6.0,9.0,12.0,220.0,0.953894602423,0.0333088125432
