,motion_thresh,age_l,age_u,n,med_rsq,CI_95,med_icc,CI_95_icc
0,25.0,12.0,15.0,180.0,0.980262619276,0.0159023391721,0.990141487856,0.00802517537038
