,motion_thresh,age_l,age_u,n,med_rsq,CI_95
0,2.0,9.0,12.0,110.0,0.91478655107,0.0484918240466
