,motion_thresh,age_l,age_u,n,med_rsq,CI_95,med_icc,CI_95_icc
0,20.0,12.0,15.0,120.0,0.980111518581,0.017451770069,0.990032505751,0.0086577211876
