,motion_thresh,age_l,age_u,n,med_rsq,CI_95
0,30.0,8.0,11.0,290.0,0.972157648422,0.0299238860868
