,motion_thresh,age_l,age_u,n,med_rsq,CI_95,med_icc,CI_95_icc
0,15.0,8.0,11.0,150.0,0.968298656793,0.0361258734838,0.983829941335,0.0190914187554
