,motion_thresh,age_l,age_u,n,med_rsq,CI_95
0,6.0,7.0,10.0,160.0,0.926147376743,0.0980823629602
