,motion_thresh,age_l,age_u,n,med_rsq,CI_95,med_icc,CI_95_icc
0,20.0,7.0,10.0,60.0,0.953614082705,0.0587208230992,0.976928781669,0.0283281272681
