,motion_thresh,age_l,age_u,n,med_rsq,CI_95
0,18.0,9.0,12.0,60.0,0.949679865952,0.062287829939
