,motion_thresh,age_l,age_u,n,med_rsq,CI_95
0,4.0,7.0,10.0,220.0,0.918993551636,0.095322543823
