,motion_thresh,age_l,age_u,n,med_rsq,CI_95
0,48.0,15.0,18.0,240.0,0.966032409568,0.0347985915246
