,motion_thresh,age_l,age_u,n,med_rsq,CI_95
0,10.0,11.0,14.0,300.0,0.974004414159,0.0273057284406
