,motion_thresh,age_l,age_u,n,med_rsq,CI_95,med_icc,CI_95_icc
0,5.0,11.0,14.0,300.0,0.969852234573,0.0217740687642,0.985165517913,0.0104761701341
