,motion_thresh,age_l,age_u,n,med_rsq,CI_95
0,42.0,13.0,16.0,230.0,0.977913883206,0.0296477392913
