,motion_thresh,age_l,age_u,n,med_rsq,CI_95,med_icc,CI_95_icc
0,10.0,8.0,11.0,180.0,0.963555046187,0.0310281333637,0.981718269546,0.0151802434825
