,motion_thresh,age_l,age_u,n,med_rsq,CI_95,med_icc,CI_95_icc
0,35.0,9.0,12.0,90.0,0.971581536771,0.0534709219932,0.985457682272,0.02789481007
