,motion_thresh,age_l,age_u,n,med_rsq,CI_95
0,8.0,10.0,13.0,250.0,0.966378043209,0.022539617474
