,motion_thresh,age_l,age_u,n,med_rsq,CI_95
0,22.0,15.0,18.0,260.0,0.962694938544,0.0352864744049
