,motion_thresh,age_l,age_u,n,med_rsq,CI_95
0,14.0,15.0,18.0,130.0,0.957987075279,0.0515367134862
