,motion_thresh,age_l,age_u,n,med_rsq,CI_95
0,30.0,14.0,17.0,180.0,0.97318418649,0.0310058796315
