,motion_thresh,age_l,age_u,n,med_rsq,CI_95,med_icc,CI_95_icc
0,15.0,11.0,14.0,300.0,0.979840876375,0.0181632251935,0.990003746665,0.00895093976249
