,motion_thresh,age_l,age_u,n,med_rsq,CI_95
0,48.0,7.0,10.0,140.0,0.966643320416,0.0378940899317
