,motion_thresh,age_l,age_u,n,med_rsq,CI_95
0,12.0,6.0,9.0,220.0,0.933538759603,0.0520935518022
