,motion_thresh,age_l,age_u,n,med_rsq,CI_95
0,28.0,10.0,13.0,300.0,0.968413116381,0.0567345845705
