,motion_thresh,age_l,age_u,n,med_rsq,CI_95
0,50.0,10.0,13.0,150.0,0.97704004029,0.0369653422171
