,motion_thresh,age_l,age_u,n,med_rsq,CI_95
0,4.0,7.0,10.0,90.0,0.915078919618,0.0895562211003
