,motion_thresh,age_l,age_u,n,med_rsq,CI_95,med_icc,CI_95_icc
0,15.0,6.0,9.0,300.0,0.943666355257,0.0551552965555,0.971740567551,0.0272893458082
