,motion_thresh,age_l,age_u,n,med_rsq,CI_95
0,46.0,8.0,11.0,240.0,0.973987032015,0.0276878695
