,motion_thresh,age_l,age_u,n,med_rsq,CI_95
0,16.0,10.0,13.0,120.0,0.974416596301,0.0290248476373
