,motion_thresh,age_l,age_u,n,med_rsq,CI_95
0,6.0,15.0,18.0,120.0,0.952088608241,0.0213920965102
