,motion_thresh,age_l,age_u,n,med_rsq,CI_95
0,32.0,14.0,17.0,40.0,0.925191881434,0.110359910316
