,motion_thresh,age_l,age_u,n,med_rsq,CI_95
0,42.0,8.0,11.0,120.0,0.974643089605,0.0242901445046
