,motion_thresh,age_l,age_u,n,med_rsq,CI_95
0,46.0,11.0,14.0,220.0,0.981955917699,0.0156827901789
