,motion_thresh,age_l,age_u,n,med_rsq,CI_95
0,46.0,10.0,13.0,40.0,0.923748680199,0.119449541289
