,motion_thresh,age_l,age_u,n,med_rsq,CI_95
0,32.0,6.0,9.0,80.0,0.946098542029,0.0567240743085
