,motion_thresh,age_l,age_u,n,med_rsq,CI_95
0,28.0,12.0,15.0,120.0,0.975494182848,0.0277203159648
