,motion_thresh,age_l,age_u,n,med_rsq,CI_95
0,30.0,7.0,10.0,80.0,0.962644445058,0.0731321501545
