,motion_thresh,age_l,age_u,n,med_rsq,CI_95
0,12.0,8.0,11.0,70.0,0.955413500598,0.0677537206605
