,motion_thresh,age_l,age_u,n,med_rsq,CI_95
0,12.0,14.0,17.0,110.0,0.967658161568,0.035806773488
