,motion_thresh,age_l,age_u,n,med_rsq,CI_95
0,36.0,7.0,10.0,120.0,0.963613829163,0.031068006795
