,motion_thresh,age_l,age_u,n,med_rsq,CI_95
0,48.0,8.0,11.0,100.0,0.967653569071,0.0438408085422
