,motion_thresh,age_l,age_u,n,med_rsq,CI_95
0,48.0,7.0,10.0,250.0,0.966514142154,0.0452876404185
