,motion_thresh,age_l,age_u,n,med_rsq,CI_95
0,26.0,6.0,9.0,180.0,0.948646137591,0.0636523222611
