,motion_thresh,age_l,age_u,n,med_rsq,CI_95
0,44.0,8.0,11.0,70.0,0.955685502079,0.0427303257301
