,motion_thresh,age_l,age_u,n,med_rsq,CI_95
0,14.0,9.0,12.0,80.0,0.962049410417,0.0424456078688
