,motion_thresh,age_l,age_u,n,med_rsq,CI_95
0,10.0,11.0,14.0,20.0,0.848832242298,0.134454572349
