,motion_thresh,age_l,age_u,n,med_rsq,CI_95
0,24.0,8.0,11.0,270.0,0.967746613252,0.0604264814108
