,motion_thresh,age_l,age_u,n,med_rsq,CI_95
0,26.0,15.0,18.0,150.0,0.961397549755,0.0548430106538
