,motion_thresh,age_l,age_u,n,med_rsq,CI_95,med_icc,CI_95_icc
0,50.0,10.0,13.0,240.0,0.980458555827,0.0327755636735,0.990091698449,0.0165649647323
