,motion_thresh,age_l,age_u,n,med_rsq,CI_95,med_icc,CI_95_icc
0,35.0,12.0,15.0,120.0,0.978117185154,0.02273173299,0.989102944,0.0110032930398
