,motion_thresh,age_l,age_u,n,med_rsq,CI_95
0,28.0,10.0,13.0,200.0,0.96995014363,0.0548409309977
