,motion_thresh,age_l,age_u,n,med_rsq,CI_95
0,44.0,7.0,10.0,110.0,0.966027567025,0.0357571477234
