,motion_thresh,age_l,age_u,n,med_rsq,CI_95
0,18.0,9.0,12.0,230.0,0.971128407803,0.0375324260997
