,motion_thresh,age_l,age_u,n,med_rsq,CI_95
0,20.0,15.0,18.0,30.0,0.892211946839,0.162435918481
