,motion_thresh,age_l,age_u,n,med_rsq,CI_95
0,40.0,6.0,9.0,100.0,0.948161059849,0.0763618880235
