,motion_thresh,age_l,age_u,n,med_rsq,CI_95
0,28.0,7.0,10.0,170.0,0.942307416773,0.0907510048844
