,motion_thresh,age_l,age_u,n,med_rsq,CI_95
0,10.0,6.0,9.0,110.0,0.927546447328,0.0931756217022
