,motion_thresh,age_l,age_u,n,med_rsq,CI_95
0,28.0,6.0,9.0,280.0,0.944156329529,0.0411286880408
