,motion_thresh,age_l,age_u,n,med_rsq,CI_95
0,48.0,6.0,9.0,50.0,0.937193236998,0.0777326561606
