,motion_thresh,age_l,age_u,n,med_rsq,CI_95
0,14.0,6.0,9.0,180.0,0.929747764692,0.0738513529534
