,motion_thresh,age_l,age_u,n,med_rsq,CI_95
0,4.0,14.0,17.0,220.0,0.95079998418,0.0417576519688
