,motion_thresh,age_l,age_u,n,med_rsq,CI_95
0,42.0,12.0,15.0,290.0,0.979717748245,0.0260478601097
