,motion_thresh,age_l,age_u,n,med_rsq,CI_95
0,6.0,12.0,15.0,30.0,0.901513156387,0.0985428038164
