,motion_thresh,age_l,age_u,n,med_rsq,CI_95
0,22.0,8.0,11.0,190.0,0.968776032409,0.0258950287141
