,motion_thresh,age_l,age_u,n,med_rsq,CI_95,med_icc,CI_95_icc
0,25.0,11.0,14.0,270.0,0.981677047102,0.0135231205146,0.990910149064,0.00681867141793
