,motion_thresh,age_l,age_u,n,med_rsq,CI_95
0,14.0,15.0,18.0,60.0,0.949298526498,0.0648992368381
