,motion_thresh,age_l,age_u,n,med_rsq,CI_95
0,8.0,12.0,15.0,200.0,0.971515435544,0.0277248519754
