,motion_thresh,age_l,age_u,n,med_rsq,CI_95
0,16.0,11.0,14.0,30.0,0.904765290912,0.0961063447645
