,motion_thresh,age_l,age_u,n,med_rsq,CI_95
0,18.0,15.0,18.0,160.0,0.955218413166,0.0686694012403
