,motion_thresh,age_l,age_u,n,med_rsq,CI_95,med_icc,CI_95_icc
0,10.0,12.0,15.0,90.0,0.972559722303,0.0263332126642,0.986336348606,0.0131729778244
