,motion_thresh,age_l,age_u,n,med_rsq,CI_95
0,38.0,8.0,11.0,270.0,0.974366874886,0.020172165836
