,motion_thresh,age_l,age_u,n,med_rsq,CI_95,med_icc,CI_95_icc
0,25.0,9.0,12.0,30.0,0.912234597889,0.106879955863,0.955835745158,0.0508768041876
