,motion_thresh,age_l,age_u,n,med_rsq,CI_95
0,28.0,13.0,16.0,190.0,0.977731474368,0.0252165389354
