,motion_thresh,age_l,age_u,n,med_rsq,CI_95
0,42.0,6.0,9.0,120.0,0.948429696277,0.0518729589067
