,motion_thresh,age_l,age_u,n,med_rsq,CI_95
0,22.0,8.0,11.0,50.0,0.935560128521,0.0709664508018
