,motion_thresh,age_l,age_u,n,med_rsq,CI_95
0,30.0,12.0,15.0,60.0,0.950475199178,0.0656414662865
