,motion_thresh,age_l,age_u,n,med_rsq,CI_95
0,50.0,10.0,13.0,230.0,0.977750265011,0.0352144955241
