,motion_thresh,age_l,age_u,n,med_rsq,CI_95
0,32.0,11.0,14.0,120.0,0.974418414945,0.0356298957728
