,motion_thresh,age_l,age_u,n,med_rsq,CI_95
0,2.0,13.0,16.0,190.0,0.93942729601,0.0693717255742
