,motion_thresh,age_l,age_u,n,med_rsq,CI_95
0,2.0,6.0,9.0,40.0,0.871608303835,0.0792833939193
