,motion_thresh,age_l,age_u,n,med_rsq,CI_95
0,34.0,11.0,14.0,240.0,0.979495092249,0.025638882235
