,motion_thresh,age_l,age_u,n,med_rsq,CI_95
0,40.0,7.0,10.0,60.0,0.947090866199,0.0837159531647
