,motion_thresh,age_l,age_u,n,med_rsq,CI_95,med_icc,CI_95_icc
0,10.0,14.0,17.0,90.0,0.970333056366,0.0443128860291,0.985270696582,0.0212509755255
