,motion_thresh,age_l,age_u,n,med_rsq,CI_95,med_icc,CI_95_icc
0,35.0,11.0,14.0,300.0,0.981807887114,0.0210111137744,0.990818665676,0.0106144714052
