,motion_thresh,age_l,age_u,n,med_rsq,CI_95
0,4.0,11.0,14.0,280.0,0.960809751504,0.0147022708893
