,motion_thresh,age_l,age_u,n,med_rsq,CI_95
0,50.0,13.0,16.0,280.0,0.978032658283,0.0342656027157
