,motion_thresh,age_l,age_u,n,med_rsq,CI_95
0,8.0,13.0,16.0,80.0,0.962409946066,0.0417148874272
