,motion_thresh,age_l,age_u,n,med_rsq,CI_95
0,4.0,7.0,10.0,80.0,0.920658368568,0.0778652210501
