,motion_thresh,age_l,age_u,n,med_rsq,CI_95
0,32.0,7.0,10.0,270.0,0.965595779992,0.0500288979335
