,motion_thresh,age_l,age_u,n,med_rsq,CI_95
0,24.0,15.0,18.0,230.0,0.962533116708,0.0661807059113
