,motion_thresh,age_l,age_u,n,med_rsq,CI_95
0,16.0,15.0,18.0,220.0,0.963929529069,0.0480648808823
