,motion_thresh,age_l,age_u,n,med_rsq,CI_95
0,42.0,15.0,18.0,260.0,0.965952700344,0.0546332796908
