,motion_thresh,age_l,age_u,n,med_rsq,CI_95
0,44.0,8.0,11.0,120.0,0.973932567198,0.0354168355324
