,motion_thresh,age_l,age_u,n,med_rsq,CI_95
0,14.0,12.0,15.0,130.0,0.976439110474,0.0155523392067
