,motion_thresh,age_l,age_u,n,med_rsq,CI_95
0,30.0,12.0,15.0,20.0,0.855438544366,0.183843331973
