,motion_thresh,age_l,age_u,n,med_rsq,CI_95,med_icc,CI_95_icc
0,30.0,14.0,17.0,270.0,0.97744593597,0.025717568015,0.988651597612,0.0132157843728
