,motion_thresh,age_l,age_u,n,med_rsq,CI_95
0,26.0,6.0,9.0,200.0,0.94400133939,0.0791401283078
