,motion_thresh,age_l,age_u,n,med_rsq,CI_95
0,42.0,8.0,11.0,170.0,0.974722492058,0.0201428281487
