,motion_thresh,age_l,age_u,n,med_rsq,CI_95
0,4.0,12.0,15.0,220.0,0.942731525821,0.0682726947245
