,motion_thresh,age_l,age_u,n,med_rsq,CI_95
0,26.0,10.0,13.0,290.0,0.977010256693,0.0239799643024
