,motion_thresh,age_l,age_u,n,med_rsq,CI_95
0,6.0,11.0,14.0,40.0,0.925966836011,0.0432982120814
