,motion_thresh,age_l,age_u,n,med_rsq,CI_95
0,30.0,9.0,12.0,30.0,0.893545227704,0.158550325591
