,motion_thresh,age_l,age_u,n,med_rsq,CI_95
0,6.0,8.0,11.0,50.0,0.937941967075,0.0712066777967
