,motion_thresh,age_l,age_u,n,med_rsq,CI_95
0,34.0,8.0,11.0,110.0,0.970504766377,0.0464189513366
