,motion_thresh,age_l,age_u,n,med_rsq,CI_95
0,10.0,6.0,9.0,160.0,0.925496304688,0.0687631246985
