,motion_thresh,age_l,age_u,n,med_rsq,CI_95
0,4.0,9.0,12.0,70.0,0.939404321207,0.0607650951068
