,motion_thresh,age_l,age_u,n,med_rsq,CI_95
0,20.0,11.0,14.0,130.0,0.978535659241,0.0194944009206
