,motion_thresh,age_l,age_u,n,med_rsq,CI_95
0,2.0,8.0,11.0,130.0,0.902324248282,0.0702914337127
