,motion_thresh,age_l,age_u,n,med_rsq,CI_95
0,4.0,11.0,14.0,220.0,0.966275525367,0.0135925105073
