,motion_thresh,age_l,age_u,n,med_rsq,CI_95
0,2.0,9.0,12.0,210.0,0.916084351202,0.0575639782371
