,motion_thresh,age_l,age_u,n,med_rsq,CI_95
0,24.0,6.0,9.0,250.0,0.947012207654,0.055872641598
