,motion_thresh,age_l,age_u,n,med_rsq,CI_95
0,14.0,9.0,12.0,280.0,0.952456069492,0.0761861236167
