,motion_thresh,age_l,age_u,n,med_rsq,CI_95
0,40.0,8.0,11.0,100.0,0.968287116004,0.0566520551759
