,motion_thresh,age_l,age_u,n,med_rsq,CI_95
0,50.0,12.0,15.0,40.0,0.927623153438,0.0993351901354
