,motion_thresh,age_l,age_u,n,med_rsq,CI_95
0,12.0,13.0,16.0,10.0,0.726857385448,0.399587678349
