,motion_thresh,age_l,age_u,n,med_rsq,CI_95
0,42.0,7.0,10.0,230.0,0.966133298356,0.0511908533881
