,motion_thresh,age_l,age_u,n,med_rsq,CI_95
0,30.0,15.0,18.0,70.0,0.954273304326,0.0562067744978
