,motion_thresh,age_l,age_u,n,med_rsq,CI_95
0,28.0,9.0,12.0,230.0,0.974767648098,0.0241550257904
