,motion_thresh,age_l,age_u,n,med_rsq,CI_95
0,24.0,12.0,15.0,90.0,0.96653302321,0.0402776142658
