,motion_thresh,age_l,age_u,n,med_rsq,CI_95
0,48.0,6.0,9.0,170.0,0.947193490527,0.0922264112267
