,motion_thresh,age_l,age_u,n,med_rsq,CI_95
0,32.0,7.0,10.0,180.0,0.96792857912,0.0414049345571
