,motion_thresh,age_l,age_u,n,med_rsq,CI_95
0,24.0,6.0,9.0,130.0,0.946976111953,0.074657035338
