,motion_thresh,age_l,age_u,n,med_rsq,CI_95
0,14.0,13.0,16.0,40.0,0.920202153406,0.073454505609
