,motion_thresh,age_l,age_u,n,med_rsq,CI_95
0,22.0,10.0,13.0,80.0,0.961788593868,0.0474207513376
