,motion_thresh,age_l,age_u,n,med_rsq,CI_95
0,30.0,9.0,12.0,60.0,0.948441741189,0.0700926430743
