,motion_thresh,age_l,age_u,n,med_rsq,CI_95
0,26.0,8.0,11.0,250.0,0.970529964643,0.0356501845238
