,motion_thresh,age_l,age_u,n,med_rsq,CI_95
0,42.0,14.0,17.0,230.0,0.976028997172,0.028643948995
