,motion_thresh,age_l,age_u,n,med_rsq,CI_95
0,34.0,8.0,11.0,60.0,0.946106867911,0.0734665037146
