,motion_thresh,age_l,age_u,n,med_rsq,CI_95
0,6.0,12.0,15.0,240.0,0.965852648648,0.0322885858693
