,motion_thresh,age_l,age_u,n,med_rsq,CI_95
0,38.0,7.0,10.0,280.0,0.962052087229,0.0323984111225
