,motion_thresh,age_l,age_u,n,med_rsq,CI_95,med_icc,CI_95_icc
0,35.0,14.0,17.0,60.0,0.954035309334,0.0577871792547,0.977195083841,0.0297894115084
