,motion_thresh,age_l,age_u,n,med_rsq,CI_95,med_icc,CI_95_icc
0,35.0,15.0,18.0,150.0,0.972914154318,0.0352668133056,0.986433195928,0.0183991264258
