,motion_thresh,age_l,age_u,n,med_rsq,CI_95
0,44.0,7.0,10.0,180.0,0.965256926196,0.0533837327203
