,motion_thresh,age_l,age_u,n,med_rsq,CI_95
0,48.0,9.0,12.0,200.0,0.979031843372,0.0272857072828
