,motion_thresh,age_l,age_u,n,med_rsq,CI_95
0,26.0,9.0,12.0,120.0,0.975884069689,0.0167562596163
