,motion_thresh,age_l,age_u,n,med_rsq,CI_95
0,26.0,6.0,9.0,160.0,0.946756897041,0.0734638248681
