,motion_thresh,age_l,age_u,n,med_rsq,CI_95
0,30.0,6.0,9.0,210.0,0.947699921342,0.0508985932465
