,motion_thresh,age_l,age_u,n,med_rsq,CI_95
0,50.0,6.0,9.0,280.0,0.951950715346,0.0484950758555
