,motion_thresh,age_l,age_u,n,med_rsq,CI_95
0,8.0,10.0,13.0,270.0,0.965223646014,0.0266249493835
