,motion_thresh,age_l,age_u,n,med_rsq,CI_95,med_icc,CI_95_icc
0,40.0,12.0,15.0,270.0,0.981004502096,0.0266077121167,0.990561343865,0.0136518627579
