,motion_thresh,age_l,age_u,n,med_rsq,CI_95
0,38.0,6.0,9.0,80.0,0.951229587957,0.045027405949
