,motion_thresh,age_l,age_u,n,med_rsq,CI_95,med_icc,CI_95_icc
0,25.0,14.0,17.0,240.0,0.977705174587,0.0299669858624,0.988856057962,0.0147966606939
