,motion_thresh,age_l,age_u,n,med_rsq,CI_95
0,34.0,10.0,13.0,300.0,0.976721228309,0.0405480660014
