,motion_thresh,age_l,age_u,n,med_rsq,CI_95
0,18.0,13.0,16.0,60.0,0.950132445513,0.0788694323715
