,motion_thresh,age_l,age_u,n,med_rsq,CI_95,med_icc,CI_95_icc
0,35.0,14.0,17.0,300.0,0.976696599685,0.0346820286714,0.988430805331,0.0165195737374
