,motion_thresh,age_l,age_u,n,med_rsq,CI_95
0,2.0,11.0,14.0,160.0,0.943151830537,0.0115162730956
