,motion_thresh,age_l,age_u,n,med_rsq,CI_95
0,18.0,7.0,10.0,130.0,0.956044069598,0.0565875720909
