,motion_thresh,age_l,age_u,n,med_rsq,CI_95,med_icc,CI_95_icc
0,30.0,11.0,14.0,210.0,0.981257389088,0.0304151457551,0.990769969588,0.0143358328191
