,motion_thresh,age_l,age_u,n,med_rsq,CI_95
0,12.0,6.0,9.0,230.0,0.933506448807,0.0687347878997
