,motion_thresh,age_l,age_u,n,med_rsq,CI_95
0,34.0,6.0,9.0,250.0,0.952557762417,0.04979587434
