,motion_thresh,age_l,age_u,n,med_rsq,CI_95
0,46.0,13.0,16.0,90.0,0.965672330908,0.0394374476219
