,motion_thresh,age_l,age_u,n,med_rsq,CI_95
0,38.0,11.0,14.0,140.0,0.978997785242,0.0364983576314
