,motion_thresh,age_l,age_u,n,med_rsq,CI_95
0,38.0,15.0,18.0,220.0,0.967523098395,0.0406239539735
