,motion_thresh,age_l,age_u,n,med_rsq,CI_95
0,30.0,14.0,17.0,170.0,0.972908939852,0.0215308747433
