,motion_thresh,age_l,age_u,n,med_rsq,CI_95
0,6.0,11.0,14.0,280.0,0.971136049225,0.0160461769898
