,motion_thresh,age_l,age_u,n,med_rsq,CI_95
0,2.0,11.0,14.0,80.0,0.944601495904,0.0316816762349
