,motion_thresh,age_l,age_u,n,med_rsq,CI_95
0,22.0,15.0,18.0,250.0,0.962454506031,0.0655349941313
