,motion_thresh,age_l,age_u,n,med_rsq,CI_95
0,28.0,15.0,18.0,300.0,0.967639537597,0.0460410906129
