,motion_thresh,age_l,age_u,n,med_rsq,CI_95
0,26.0,7.0,10.0,200.0,0.931040715163,0.139423524272
