,motion_thresh,age_l,age_u,n,med_rsq,CI_95
0,48.0,13.0,16.0,130.0,0.976893012515,0.026479205978
