,motion_thresh,age_l,age_u,n,med_rsq,CI_95,med_icc,CI_95_icc
0,50.0,10.0,13.0,270.0,0.979453229667,0.0390749951228,0.989769187358,0.0199510845243
