,motion_thresh,age_l,age_u,n,med_rsq,CI_95
0,36.0,10.0,13.0,250.0,0.979447551327,0.0298153232203
