,motion_thresh,age_l,age_u,n,med_rsq,CI_95,med_icc,CI_95_icc
0,30.0,9.0,12.0,60.0,0.953813191117,0.0722689797229,0.977212373305,0.0340952295034
