,motion_thresh,age_l,age_u,n,med_rsq,CI_95
0,2.0,7.0,10.0,230.0,0.886639349389,0.113938158477
