,motion_thresh,age_l,age_u,n,med_rsq,CI_95
0,10.0,6.0,9.0,70.0,0.925800054549,0.0734646154086
