,motion_thresh,age_l,age_u,n,med_rsq,CI_95
0,6.0,8.0,11.0,210.0,0.939817289265,0.0571511384924
