,motion_thresh,age_l,age_u,n,med_rsq,CI_95
0,6.0,12.0,15.0,110.0,0.967980831944,0.0249493716199
