,motion_thresh,age_l,age_u,n,med_rsq,CI_95,med_icc,CI_95_icc
0,5.0,10.0,13.0,150.0,0.959505525929,0.0425510859796,0.979494986268,0.0208736558283
