,motion_thresh,age_l,age_u,n,med_rsq,CI_95
0,26.0,8.0,11.0,260.0,0.970679044341,0.0362585312065
