,motion_thresh,age_l,age_u,n,med_rsq,CI_95
0,26.0,11.0,14.0,130.0,0.977633938241,0.0258947239044
