,motion_thresh,age_l,age_u,n,med_rsq,CI_95
0,36.0,13.0,16.0,230.0,0.976580891317,0.0315906885734
