,motion_thresh,age_l,age_u,n,med_rsq,CI_95
0,6.0,10.0,13.0,250.0,0.959217433899,0.0402324575507
