,motion_thresh,age_l,age_u,n,med_rsq,CI_95
0,14.0,15.0,18.0,200.0,0.960302369969,0.0548916485319
