,motion_thresh,age_l,age_u,n,med_rsq,CI_95
0,12.0,14.0,17.0,300.0,0.965281452354,0.040733668505
