,motion_thresh,age_l,age_u,n,med_rsq,CI_95
0,30.0,7.0,10.0,210.0,0.963028553897,0.0430602833215
