,motion_thresh,age_l,age_u,n,med_rsq,CI_95,med_icc,CI_95_icc
0,40.0,9.0,12.0,180.0,0.980995342088,0.0289253879354,0.990474897648,0.0150862512014
