,motion_thresh,age_l,age_u,n,med_rsq,CI_95,med_icc,CI_95_icc
0,50.0,15.0,18.0,30.0,0.913556060966,0.171835913127,0.956565648001,0.0804360323671
