,motion_thresh,age_l,age_u,n,med_rsq,CI_95
0,22.0,14.0,17.0,90.0,0.966357222017,0.070918796048
