,motion_thresh,age_l,age_u,n,med_rsq,CI_95
0,32.0,10.0,13.0,140.0,0.979861059642,0.0165532748597
