,motion_thresh,age_l,age_u,n,med_rsq,CI_95
0,40.0,7.0,10.0,90.0,0.965800342196,0.0297996103311
