,motion_thresh,age_l,age_u,n,med_rsq,CI_95
0,12.0,6.0,9.0,300.0,0.932631109122,0.0591496352404
