,motion_thresh,age_l,age_u,n,med_rsq,CI_95,med_icc,CI_95_icc
0,25.0,13.0,16.0,270.0,0.978783778633,0.0258655318259,0.989417039993,0.0122955208043
