,motion_thresh,age_l,age_u,n,med_rsq,CI_95
0,36.0,14.0,17.0,230.0,0.974116943439,0.0314831841736
