,motion_thresh,age_l,age_u,n,med_rsq,CI_95
0,18.0,9.0,12.0,280.0,0.970085502231,0.035745366535
