,motion_thresh,age_l,age_u,n,med_rsq,CI_95
0,22.0,15.0,18.0,160.0,0.964536517684,0.058140499262
