,motion_thresh,age_l,age_u,n,med_rsq,CI_95
0,28.0,14.0,17.0,140.0,0.973045837243,0.0390975477792
