,motion_thresh,age_l,age_u,n,med_rsq,CI_95
0,10.0,8.0,11.0,130.0,0.957935602354,0.0295642644293
