,motion_thresh,age_l,age_u,n,med_rsq,CI_95
0,40.0,10.0,13.0,90.0,0.966374219956,0.0573238002507
