,motion_thresh,age_l,age_u,n,med_rsq,CI_95
0,14.0,11.0,14.0,270.0,0.975439116844,0.0195026161249
