,motion_thresh,age_l,age_u,n,med_rsq,CI_95,med_icc,CI_95_icc
0,30.0,10.0,13.0,240.0,0.979850740236,0.0189415906905,0.989882063809,0.00978589795691
