,motion_thresh,age_l,age_u,n,med_rsq,CI_95
0,50.0,6.0,9.0,140.0,0.95327281916,0.0695263911826
