,motion_thresh,age_l,age_u,n,med_rsq,CI_95,med_icc,CI_95_icc
0,15.0,13.0,16.0,90.0,0.969661762972,0.0426987970123,0.984973712999,0.0209235151223
