,motion_thresh,age_l,age_u,n,med_rsq,CI_95
0,4.0,7.0,10.0,170.0,0.910363740503,0.0786367755165
