,motion_thresh,age_l,age_u,n,med_rsq,CI_95
0,8.0,7.0,10.0,280.0,0.941559615641,0.0436234703622
