,motion_thresh,age_l,age_u,n,med_rsq,CI_95
0,36.0,15.0,18.0,270.0,0.96830141813,0.0526724072992
