,motion_thresh,age_l,age_u,n,med_rsq,CI_95
0,20.0,9.0,12.0,10.0,0.729411679654,0.385433871494
