,motion_thresh,age_l,age_u,n,med_rsq,CI_95,med_icc,CI_95_icc
0,45.0,11.0,14.0,180.0,0.983374573239,0.0200985288579,0.991659558194,0.00973324492167
