,motion_thresh,age_l,age_u,n,med_rsq,CI_95
0,38.0,12.0,15.0,70.0,0.956226426958,0.0509792267003
