,motion_thresh,age_l,age_u,n,med_rsq,CI_95
0,44.0,13.0,16.0,140.0,0.977298677629,0.0249131962479
