,motion_thresh,age_l,age_u,n,med_rsq,CI_95
0,2.0,6.0,9.0,300.0,0.866578073134,0.070362527752
