,motion_thresh,age_l,age_u,n,med_rsq,CI_95
0,46.0,11.0,14.0,250.0,0.981159037064,0.0189032197996
