,motion_thresh,age_l,age_u,n,med_rsq,CI_95
0,20.0,14.0,17.0,220.0,0.970510226254,0.0469872656325
