,motion_thresh,age_l,age_u,n,med_rsq,CI_95
0,4.0,13.0,16.0,190.0,0.964216920816,0.0211353436517
