,motion_thresh,age_l,age_u,n,med_rsq,CI_95
0,4.0,8.0,11.0,10.0,0.69979897172,0.284025257677
