,motion_thresh,age_l,age_u,n,med_rsq,CI_95
0,44.0,13.0,16.0,20.0,0.854571695241,0.193172333598
