,motion_thresh,age_l,age_u,n,med_rsq,CI_95
0,38.0,6.0,9.0,300.0,0.952323031112,0.0544221476705
