,motion_thresh,age_l,age_u,n,med_rsq,CI_95,med_icc,CI_95_icc
0,25.0,9.0,12.0,180.0,0.976796233387,0.0280666420877,0.988451532581,0.0127953081254
