,motion_thresh,age_l,age_u,n,med_rsq,CI_95,med_icc,CI_95_icc
0,5.0,9.0,12.0,90.0,0.955132517064,0.0445365533627,0.977237436721,0.0213274554147
