,motion_thresh,age_l,age_u,n,med_rsq,CI_95,med_icc,CI_95_icc
0,25.0,13.0,16.0,240.0,0.980639781606,0.0164989440638,0.990331843865,0.00807446768732
