,motion_thresh,age_l,age_u,n,med_rsq,CI_95,med_icc,CI_95_icc
0,40.0,15.0,18.0,210.0,0.970325286103,0.0464723615213,0.98525891949,0.0243381795208
