,motion_thresh,age_l,age_u,n,med_rsq,CI_95,med_icc,CI_95_icc
0,35.0,10.0,13.0,30.0,0.909846260197,0.165744327695,0.954627684959,0.0723562730034
