,motion_thresh,age_l,age_u,n,med_rsq,CI_95
0,32.0,9.0,12.0,10.0,0.702359688338,0.404833927632
