,motion_thresh,age_l,age_u,n,med_rsq,CI_95
0,8.0,9.0,12.0,280.0,0.957850103365,0.0568458387111
