,motion_thresh,age_l,age_u,n,med_rsq,CI_95,med_icc,CI_95_icc
0,50.0,11.0,14.0,240.0,0.983480995167,0.0169560127698,0.991696831077,0.00827183285252
