,motion_thresh,age_l,age_u,n,med_rsq,CI_95
0,4.0,6.0,9.0,210.0,0.907132824049,0.0308168713432
