,motion_thresh,age_l,age_u,n,med_rsq,CI_95
0,20.0,12.0,15.0,90.0,0.968262288764,0.0357223952469
