,motion_thresh,age_l,age_u,n,med_rsq,CI_95
0,44.0,8.0,11.0,170.0,0.973344601332,0.0381757855531
