,motion_thresh,age_l,age_u,n,med_rsq,CI_95
0,6.0,13.0,16.0,90.0,0.966945558015,0.0524954056218
