,motion_thresh,age_l,age_u,n,med_rsq,CI_95
0,24.0,12.0,15.0,230.0,0.978148447045,0.0335997613719
