,motion_thresh,age_l,age_u,n,med_rsq,CI_95
0,36.0,14.0,17.0,130.0,0.973794722757,0.0494240526953
