,motion_thresh,age_l,age_u,n,med_rsq,CI_95
0,46.0,15.0,18.0,230.0,0.968205416894,0.0447664870879
