,motion_thresh,age_l,age_u,n,med_rsq,CI_95
0,10.0,7.0,10.0,120.0,0.948915853217,0.0440543332617
