,motion_thresh,age_l,age_u,n,med_rsq,CI_95
0,34.0,13.0,16.0,10.0,0.700089671637,0.339807921895
