,motion_thresh,age_l,age_u,n,med_rsq,CI_95
0,4.0,14.0,17.0,100.0,0.953570084511,0.032403376031
