,motion_thresh,age_l,age_u,n,med_rsq,CI_95
0,10.0,15.0,18.0,300.0,0.954529752782,0.056353944457
