,motion_thresh,age_l,age_u,n,med_rsq,CI_95
0,16.0,7.0,10.0,220.0,0.94104446976,0.107020823177
