,motion_thresh,age_l,age_u,n,med_rsq,CI_95
0,28.0,7.0,10.0,240.0,0.938735578701,0.0910092826065
