,motion_thresh,age_l,age_u,n,med_rsq,CI_95
0,2.0,12.0,15.0,260.0,0.946896038922,0.0162873175879
