,motion_thresh,age_l,age_u,n,med_rsq,CI_95
0,4.0,14.0,17.0,160.0,0.950279916968,0.0382891925991
