,motion_thresh,age_l,age_u,n,med_rsq,CI_95
0,2.0,8.0,11.0,100.0,0.910558691233,0.0551266272419
