,motion_thresh,age_l,age_u,n,med_rsq,CI_95
0,20.0,8.0,11.0,250.0,0.957706041097,0.0735723207153
