,motion_thresh,age_l,age_u,n,med_rsq,CI_95
0,4.0,8.0,11.0,200.0,0.921882834426,0.0681644159077
