,motion_thresh,age_l,age_u,n,med_rsq,CI_95
0,10.0,10.0,13.0,190.0,0.969396755198,0.0289365506219
