,motion_thresh,age_l,age_u,n,med_rsq,CI_95
0,46.0,10.0,13.0,160.0,0.972781170739,0.0544438006401
