,motion_thresh,age_l,age_u,n,med_rsq,CI_95,med_icc,CI_95_icc
0,20.0,14.0,17.0,60.0,0.954334146262,0.0570730986744,0.977250023382,0.0261468829789
