,motion_thresh,age_l,age_u,n,med_rsq,CI_95
0,10.0,8.0,11.0,160.0,0.957852419934,0.0337375525086
