,motion_thresh,age_l,age_u,n,med_rsq,CI_95
0,34.0,11.0,14.0,180.0,0.979490167286,0.0328467469111
