,motion_thresh,age_l,age_u,n,med_rsq,CI_95
0,30.0,14.0,17.0,50.0,0.935056610112,0.08500594483
