,motion_thresh,age_l,age_u,n,med_rsq,CI_95
0,44.0,8.0,11.0,140.0,0.975120888499,0.0218364675028
