,motion_thresh,age_l,age_u,n,med_rsq,CI_95
0,38.0,9.0,12.0,90.0,0.963969882943,0.0560472722295
