,motion_thresh,age_l,age_u,n,med_rsq,CI_95
0,18.0,15.0,18.0,60.0,0.948813061536,0.0874131937498
