,motion_thresh,age_l,age_u,n,med_rsq,CI_95
0,32.0,15.0,18.0,60.0,0.947386428614,0.0779647266678
