,motion_thresh,age_l,age_u,n,med_rsq,CI_95
0,34.0,15.0,18.0,120.0,0.969292778589,0.0281237140963
