,motion_thresh,age_l,age_u,n,med_rsq,CI_95
0,50.0,8.0,11.0,220.0,0.972608291856,0.0442294683841
