,motion_thresh,age_l,age_u,n,med_rsq,CI_95
0,22.0,7.0,10.0,230.0,0.957380186775,0.059458006295
