,motion_thresh,age_l,age_u,n,med_rsq,CI_95
0,50.0,12.0,15.0,220.0,0.981175946438,0.0252367605157
