,motion_thresh,age_l,age_u,n,med_rsq,CI_95,med_icc,CI_95_icc
0,15.0,12.0,15.0,60.0,0.956229549026,0.0382477136353,0.978292393178,0.0189319871847
