,motion_thresh,age_l,age_u,n,med_rsq,CI_95
0,10.0,15.0,18.0,140.0,0.955175826058,0.0556337862877
