,motion_thresh,age_l,age_u,n,med_rsq,CI_95
0,28.0,11.0,14.0,230.0,0.978542322779,0.0189669123505
