,motion_thresh,age_l,age_u,n,med_rsq,CI_95
0,32.0,10.0,13.0,280.0,0.97912158452,0.0270000415602
