,motion_thresh,age_l,age_u,n,med_rsq,CI_95
0,48.0,13.0,16.0,110.0,0.970898840968,0.041638058336
