,motion_thresh,age_l,age_u,n,med_rsq,CI_95
0,24.0,10.0,13.0,120.0,0.975053459081,0.0317352883759
