,motion_thresh,age_l,age_u,n,med_rsq,CI_95
0,2.0,11.0,14.0,50.0,0.942368811956,0.0450602355033
