,motion_thresh,age_l,age_u,n,med_rsq,CI_95
0,46.0,11.0,14.0,240.0,0.980770033597,0.0240197745554
