,motion_thresh,age_l,age_u,n,med_rsq,CI_95
0,28.0,9.0,12.0,20.0,0.851567871737,0.220148928492
