,motion_thresh,age_l,age_u,n,med_rsq,CI_95
0,24.0,15.0,18.0,280.0,0.962850106865,0.0691247264938
