,motion_thresh,age_l,age_u,n,med_rsq,CI_95
0,50.0,9.0,12.0,160.0,0.979454841347,0.0212936928113
