,motion_thresh,age_l,age_u,n,med_rsq,CI_95
0,14.0,6.0,9.0,10.0,0.70696976855,0.451374437299
