,motion_thresh,age_l,age_u,n,med_rsq,CI_95
0,32.0,15.0,18.0,240.0,0.967108943605,0.0368301585453
