,motion_thresh,age_l,age_u,n,med_rsq,CI_95
0,42.0,10.0,13.0,130.0,0.976698976289,0.0272877287911
