,motion_thresh,age_l,age_u,n,med_rsq,CI_95
0,48.0,8.0,11.0,160.0,0.975212971832,0.0247793400445
