,motion_thresh,age_l,age_u,n,med_rsq,CI_95
0,50.0,13.0,16.0,290.0,0.976823199053,0.0298967760466
