,motion_thresh,age_l,age_u,n,med_rsq,CI_95
0,4.0,8.0,11.0,210.0,0.939496102564,0.0263304949671
