,motion_thresh,age_l,age_u,n,med_rsq,CI_95,med_icc,CI_95_icc
0,20.0,11.0,14.0,90.0,0.97132218843,0.047380329552,0.985724254056,0.0230729529874
