,motion_thresh,age_l,age_u,n,med_rsq,CI_95
0,42.0,13.0,16.0,220.0,0.977722138958,0.0216601041222
