,motion_thresh,age_l,age_u,n,med_rsq,CI_95
0,26.0,14.0,17.0,220.0,0.97416602469,0.0305041996792
