,motion_thresh,age_l,age_u,n,med_rsq,CI_95
0,12.0,6.0,9.0,200.0,0.93196275747,0.0591266673478
