,motion_thresh,age_l,age_u,n,med_rsq,CI_95
0,32.0,15.0,18.0,50.0,0.937862289625,0.10926972854
