,motion_thresh,age_l,age_u,n,med_rsq,CI_95
0,36.0,11.0,14.0,210.0,0.980110297386,0.0178185188297
