,motion_thresh,age_l,age_u,n,med_rsq,CI_95
0,6.0,14.0,17.0,50.0,0.94150953909,0.0340761749011
