,motion_thresh,age_l,age_u,n,med_rsq,CI_95
0,28.0,15.0,18.0,70.0,0.955149583351,0.0638207060511
