,motion_thresh,age_l,age_u,n,med_rsq,CI_95
0,2.0,12.0,15.0,240.0,0.947154335847,0.0337664276956
