,motion_thresh,age_l,age_u,n,med_rsq,CI_95
0,16.0,14.0,17.0,100.0,0.971426359938,0.0355365056649
