,motion_thresh,age_l,age_u,n,med_rsq,CI_95,med_icc,CI_95_icc
0,30.0,11.0,14.0,270.0,0.9824771605,0.0224220923756,0.991339233489,0.010943364454
