,motion_thresh,age_l,age_u,n,med_rsq,CI_95
0,8.0,7.0,10.0,40.0,0.924830569302,0.0698976667175
