,motion_thresh,age_l,age_u,n,med_rsq,CI_95,med_icc,CI_95_icc
0,40.0,12.0,15.0,60.0,0.956000542903,0.0431732573879,0.978189980837,0.0217616975339
