,motion_thresh,age_l,age_u,n,med_rsq,CI_95
0,50.0,11.0,14.0,190.0,0.980998090028,0.0255424985053
