,motion_thresh,age_l,age_u,n,med_rsq,CI_95
0,50.0,7.0,10.0,30.0,0.889582833554,0.162431454577
