,motion_thresh,age_l,age_u,n,med_rsq,CI_95,med_icc,CI_95_icc
0,25.0,11.0,14.0,30.0,0.913675775067,0.178069522121,0.956881273787,0.0803382863943
