,motion_thresh,age_l,age_u,n,med_rsq,CI_95,med_icc,CI_95_icc
0,35.0,13.0,16.0,60.0,0.955976098168,0.0553510969424,0.978039065477,0.026679619113
