,motion_thresh,age_l,age_u,n,med_rsq,CI_95
0,28.0,9.0,12.0,260.0,0.972936943371,0.036735807735
