,motion_thresh,age_l,age_u,n,med_rsq,CI_95
0,50.0,8.0,11.0,100.0,0.967962902647,0.0502916962953
