,motion_thresh,age_l,age_u,n,med_rsq,CI_95
0,34.0,12.0,15.0,280.0,0.979414437804,0.0249853019994
