,motion_thresh,age_l,age_u,n,med_rsq,CI_95,med_icc,CI_95_icc
0,50.0,7.0,10.0,60.0,0.952633393947,0.0673299777113,0.976601686338,0.0356574936775
