,motion_thresh,age_l,age_u,n,med_rsq,CI_95
0,4.0,15.0,18.0,290.0,0.937487936031,0.0736883062965
