,motion_thresh,age_l,age_u,n,med_rsq,CI_95
0,6.0,15.0,18.0,250.0,0.950102675162,0.0414700572156
