,motion_thresh,age_l,age_u,n,med_rsq,CI_95
0,48.0,10.0,13.0,20.0,0.844555034085,0.227055136615
