,motion_thresh,age_l,age_u,n,med_rsq,CI_95
0,42.0,14.0,17.0,150.0,0.975661628287,0.0277567457756
