,motion_thresh,age_l,age_u,n,med_rsq,CI_95
0,6.0,14.0,17.0,100.0,0.962759592357,0.0152636860356
