,motion_thresh,age_l,age_u,n,med_rsq,CI_95
0,10.0,11.0,14.0,100.0,0.970750181139,0.0306478455033
