,motion_thresh,age_l,age_u,n,med_rsq,CI_95
0,46.0,9.0,12.0,150.0,0.977595359078,0.0234176753307
