,motion_thresh,age_l,age_u,n,med_rsq,CI_95
0,4.0,9.0,12.0,240.0,0.939209890364,0.0678121137024
