,motion_thresh,age_l,age_u,n,med_rsq,CI_95
0,6.0,6.0,9.0,180.0,0.903234043944,0.0588660664601
