,motion_thresh,age_l,age_u,n,med_rsq,CI_95
0,10.0,10.0,13.0,40.0,0.926713601231,0.0755160693177
