,motion_thresh,age_l,age_u,n,med_rsq,CI_95
0,2.0,9.0,12.0,30.0,0.893343362107,0.160661529966
