,motion_thresh,age_l,age_u,n,med_rsq,CI_95
0,26.0,11.0,14.0,50.0,0.936878836696,0.0622807017033
