,motion_thresh,age_l,age_u,n,med_rsq,CI_95
0,16.0,7.0,10.0,90.0,0.950057220659,0.0843941353596
