,motion_thresh,age_l,age_u,n,med_rsq,CI_95
0,16.0,11.0,14.0,90.0,0.967257624557,0.031532005145
