,motion_thresh,age_l,age_u,n,med_rsq,CI_95,med_icc,CI_95_icc
0,20.0,14.0,17.0,180.0,0.973757011432,0.0398591433443,0.987150094438,0.0189177087397
