,motion_thresh,age_l,age_u,n,med_rsq,CI_95
0,4.0,7.0,10.0,300.0,0.922395256949,0.078278644042
