,motion_thresh,age_l,age_u,n,med_rsq,CI_95
0,8.0,15.0,18.0,20.0,0.849349301498,0.21965243279
