,motion_thresh,age_l,age_u,n,med_rsq,CI_95
0,6.0,8.0,11.0,150.0,0.942135845661,0.0674684229771
