,motion_thresh,age_l,age_u,n,med_rsq,CI_95
0,40.0,7.0,10.0,240.0,0.965001590568,0.0429756195889
