,motion_thresh,age_l,age_u,n,med_rsq,CI_95
0,6.0,6.0,9.0,160.0,0.88958133888,0.0546160429894
