,motion_thresh,age_l,age_u,n,med_rsq,CI_95,med_icc,CI_95_icc
0,45.0,12.0,15.0,30.0,0.910727858077,0.144854479669,0.955693366711,0.0693424516355
