,motion_thresh,age_l,age_u,n,med_rsq,CI_95
0,28.0,7.0,10.0,100.0,0.945217972526,0.10935021963
