,motion_thresh,age_l,age_u,n,med_rsq,CI_95
0,42.0,9.0,12.0,150.0,0.977400707273,0.0389611070584
