,motion_thresh,age_l,age_u,n,med_rsq,CI_95
0,30.0,8.0,11.0,110.0,0.973639974058,0.0358488133652
