,motion_thresh,age_l,age_u,n,med_rsq,CI_95
0,22.0,8.0,11.0,120.0,0.968997061479,0.0394606130246
