,motion_thresh,age_l,age_u,n,med_rsq,CI_95
0,14.0,8.0,11.0,100.0,0.964378717213,0.0328664994557
