,motion_thresh,age_l,age_u,n,med_rsq,CI_95
0,46.0,8.0,11.0,90.0,0.963883817433,0.0499951844431
