,motion_thresh,age_l,age_u,n,med_rsq,CI_95
0,4.0,12.0,15.0,20.0,0.860912601491,0.175975483697
