,motion_thresh,age_l,age_u,n,med_rsq,CI_95
0,40.0,15.0,18.0,120.0,0.967977261595,0.0342134291402
