,motion_thresh,age_l,age_u,n,med_rsq,CI_95
0,38.0,8.0,11.0,120.0,0.975105511268,0.0227720044752
