,motion_thresh,age_l,age_u,n,med_rsq,CI_95
0,26.0,12.0,15.0,170.0,0.978496266266,0.023390761356
