,motion_thresh,age_l,age_u,n,med_rsq,CI_95
0,46.0,7.0,10.0,160.0,0.965178625648,0.0372382565886
