,motion_thresh,age_l,age_u,n,med_rsq,CI_95
0,24.0,7.0,10.0,110.0,0.930925874242,0.131894491368
