,motion_thresh,age_l,age_u,n,med_rsq,CI_95,med_icc,CI_95_icc
0,20.0,14.0,17.0,90.0,0.970177971765,0.051941248663,0.985154902085,0.0252840433505
