,motion_thresh,age_l,age_u,n,med_rsq,CI_95
0,12.0,7.0,10.0,90.0,0.950506894975,0.0539313498996
