,motion_thresh,age_l,age_u,n,med_rsq,CI_95
0,40.0,8.0,11.0,270.0,0.973262881264,0.0348468905579
