,motion_thresh,age_l,age_u,n,med_rsq,CI_95
0,2.0,13.0,16.0,160.0,0.935534481765,0.052799556391
