,motion_thresh,age_l,age_u,n,med_rsq,CI_95
0,2.0,7.0,10.0,10.0,0.692667169456,0.411543080771
