,motion_thresh,age_l,age_u,n,med_rsq,CI_95,med_icc,CI_95_icc
0,35.0,15.0,18.0,90.0,0.972173021251,0.0393116972197,0.986062877019,0.0191138043161
