,motion_thresh,age_l,age_u,n,med_rsq,CI_95
0,22.0,14.0,17.0,30.0,0.90846992982,0.110391988578
