,motion_thresh,age_l,age_u,n,med_rsq,CI_95
0,2.0,8.0,11.0,150.0,0.90911942368,0.0439382261709
