,motion_thresh,age_l,age_u,n,med_rsq,CI_95
0,30.0,8.0,11.0,280.0,0.973063027774,0.0318925011355
