,motion_thresh,age_l,age_u,n,med_rsq,CI_95
0,38.0,12.0,15.0,280.0,0.979678987229,0.0217853024213
