,motion_thresh,age_l,age_u,n,med_rsq,CI_95
0,26.0,6.0,9.0,130.0,0.945743856791,0.0672220271655
