,motion_thresh,age_l,age_u,n,med_rsq,CI_95
0,14.0,15.0,18.0,70.0,0.955938826461,0.0648867065494
