,motion_thresh,age_l,age_u,n,med_rsq,CI_95
0,46.0,6.0,9.0,140.0,0.949206912905,0.0573346449512
