,motion_thresh,age_l,age_u,n,med_rsq,CI_95
0,4.0,10.0,13.0,180.0,0.952614883887,0.0260738002533
