,motion_thresh,age_l,age_u,n,med_rsq,CI_95
0,28.0,7.0,10.0,150.0,0.951004582843,0.107996745752
