,motion_thresh,age_l,age_u,n,med_rsq,CI_95
0,28.0,15.0,18.0,180.0,0.967638541081,0.0444376404684
