,motion_thresh,age_l,age_u,n,med_rsq,CI_95
0,42.0,12.0,15.0,100.0,0.971037355176,0.0407500168634
