,motion_thresh,age_l,age_u,n,med_rsq,CI_95
0,34.0,11.0,14.0,120.0,0.974849337536,0.0420325859516
