,motion_thresh,age_l,age_u,n,med_rsq,CI_95
0,50.0,11.0,14.0,10.0,0.70175520493,0.334232413291
