,motion_thresh,age_l,age_u,n,med_rsq,CI_95,med_icc,CI_95_icc
0,30.0,15.0,18.0,60.0,0.956712016913,0.0804926219329,0.978412840233,0.0409295978966
