,motion_thresh,age_l,age_u,n,med_rsq,CI_95
0,44.0,8.0,11.0,260.0,0.974691790492,0.0272501013966
