,motion_thresh,age_l,age_u,n,med_rsq,CI_95
0,44.0,6.0,9.0,100.0,0.951883595854,0.0482990311521
