,motion_thresh,age_l,age_u,n,med_rsq,CI_95
0,38.0,6.0,9.0,150.0,0.951514248609,0.0533423356672
