,motion_thresh,age_l,age_u,n,med_rsq,CI_95
0,2.0,6.0,9.0,40.0,0.864380646208,0.0851166280515
