,motion_thresh,age_l,age_u,n,med_rsq,CI_95
0,6.0,10.0,13.0,10.0,0.66171137708,0.27116731655
