,motion_thresh,age_l,age_u,n,med_rsq,CI_95
0,22.0,7.0,10.0,40.0,0.922884286675,0.101090908356
