,motion_thresh,age_l,age_u,n,med_rsq,CI_95
0,26.0,12.0,15.0,80.0,0.961875128534,0.0372433394353
