,motion_thresh,age_l,age_u,n,med_rsq,CI_95
0,34.0,8.0,11.0,190.0,0.97264244084,0.0449573867404
