,motion_thresh,age_l,age_u,n,med_rsq,CI_95,med_icc,CI_95_icc
0,15.0,6.0,9.0,30.0,0.910302688443,0.106773987947,0.954347832248,0.0525285516926
