,motion_thresh,age_l,age_u,n,med_rsq,CI_95
0,42.0,11.0,14.0,30.0,0.898416635238,0.157315849117
