,motion_thresh,age_l,age_u,n,med_rsq,CI_95
0,48.0,8.0,11.0,120.0,0.973563802993,0.0574089746862
