,motion_thresh,age_l,age_u,n,med_rsq,CI_95,med_icc,CI_95_icc
0,40.0,6.0,9.0,150.0,0.957573962151,0.0528033613469,0.979141894056,0.0264760107924
