,motion_thresh,age_l,age_u,n,med_rsq,CI_95
0,14.0,8.0,11.0,220.0,0.96355235086,0.0369957476508
