,motion_thresh,age_l,age_u,n,med_rsq,CI_95
0,10.0,12.0,15.0,20.0,0.856137520481,0.152811407013
