,motion_thresh,age_l,age_u,n,med_rsq,CI_95
0,4.0,7.0,10.0,240.0,0.917310508646,0.0917443033729
