,motion_thresh,age_l,age_u,n,med_rsq,CI_95,med_icc,CI_95_icc
0,45.0,12.0,15.0,180.0,0.982889088131,0.0198100629582,0.991339825509,0.00952978705632
