,motion_thresh,age_l,age_u,n,med_rsq,CI_95
0,50.0,7.0,10.0,100.0,0.968007084537,0.0317367411838
