,motion_thresh,age_l,age_u,n,med_rsq,CI_95
0,46.0,14.0,17.0,270.0,0.976081443275,0.0280552948988
