,motion_thresh,age_l,age_u,n,med_rsq,CI_95
0,14.0,9.0,12.0,250.0,0.951994122561,0.0649426342529
