,motion_thresh,age_l,age_u,n,med_rsq,CI_95
0,44.0,7.0,10.0,290.0,0.966313205373,0.0419542044581
