,motion_thresh,age_l,age_u,n,med_rsq,CI_95,med_icc,CI_95_icc
0,45.0,15.0,18.0,180.0,0.973524712288,0.0344488771117,0.986688247156,0.0172953299891
