,motion_thresh,age_l,age_u,n,med_rsq,CI_95
0,10.0,14.0,17.0,210.0,0.95251216955,0.0721301148648
