,motion_thresh,age_l,age_u,n,med_rsq,CI_95
0,46.0,8.0,11.0,100.0,0.96825809223,0.0413979164581
