,motion_thresh,age_l,age_u,n,med_rsq,CI_95
0,14.0,8.0,11.0,130.0,0.963406361267,0.0329200293691
