,motion_thresh,age_l,age_u,n,med_rsq,CI_95
0,2.0,10.0,13.0,170.0,0.93757285735,0.0419259848627
