,motion_thresh,age_l,age_u,n,med_rsq,CI_95
0,4.0,10.0,13.0,10.0,0.715962618428,0.315067571784
