,motion_thresh,age_l,age_u,n,med_rsq,CI_95
0,6.0,6.0,9.0,100.0,0.898030650791,0.0740858318435
