,motion_thresh,age_l,age_u,n,med_rsq,CI_95
0,46.0,7.0,10.0,200.0,0.966133348303,0.0425033659224
