,motion_thresh,age_l,age_u,n,med_rsq,CI_95
0,22.0,10.0,13.0,100.0,0.969602623705,0.036782109844
