,motion_thresh,age_l,age_u,n,med_rsq,CI_95
0,40.0,12.0,15.0,250.0,0.980487304497,0.0244030878467
