,motion_thresh,age_l,age_u,n,med_rsq,CI_95
0,4.0,9.0,12.0,120.0,0.937004294936,0.0749351703334
