,motion_thresh,age_l,age_u,n,med_rsq,CI_95,med_icc,CI_95_icc
0,20.0,6.0,9.0,30.0,0.905733885681,0.143469401323,0.953342600458,0.0654627175123
