,motion_thresh,age_l,age_u,n,med_rsq,CI_95
0,8.0,13.0,16.0,60.0,0.951107397206,0.0487654222382
