,motion_thresh,age_l,age_u,n,med_rsq,CI_95,med_icc,CI_95_icc
0,25.0,10.0,13.0,240.0,0.977794241345,0.0259713403688,0.98877581562,0.0133694964992
