,motion_thresh,age_l,age_u,n,med_rsq,CI_95
0,6.0,13.0,16.0,280.0,0.968678593342,0.0305894896887
