,motion_thresh,age_l,age_u,n,med_rsq,CI_95
0,28.0,12.0,15.0,290.0,0.977922969632,0.021883723034
