,motion_thresh,age_l,age_u,n,med_rsq,CI_95
0,2.0,7.0,10.0,30.0,0.878910844322,0.14704700569
