,motion_thresh,age_l,age_u,n,med_rsq,CI_95
0,50.0,10.0,13.0,80.0,0.961335805984,0.0510468984509
