,motion_thresh,age_l,age_u,n,med_rsq,CI_95
0,48.0,6.0,9.0,160.0,0.943604928135,0.10198851743
