,motion_thresh,age_l,age_u,n,med_rsq,CI_95
0,30.0,14.0,17.0,270.0,0.97253286987,0.0267672857433
