,motion_thresh,age_l,age_u,n,med_rsq,CI_95
0,2.0,10.0,13.0,110.0,0.937713197737,0.0439001687821
