,motion_thresh,age_l,age_u,n,med_rsq,CI_95
0,18.0,7.0,10.0,50.0,0.937750442063,0.0906279740324
