,motion_thresh,age_l,age_u,n,med_rsq,CI_95
0,6.0,6.0,9.0,260.0,0.896700249093,0.0810937373817
