,motion_thresh,age_l,age_u,n,med_rsq,CI_95
0,44.0,12.0,15.0,210.0,0.980446707707,0.0241774403516
