,motion_thresh,age_l,age_u,n,med_rsq,CI_95
0,40.0,9.0,12.0,150.0,0.977646912272,0.0421871638158
