,motion_thresh,age_l,age_u,n,med_rsq,CI_95
0,6.0,7.0,10.0,190.0,0.929234766877,0.0404583000801
