,motion_thresh,age_l,age_u,n,med_rsq,CI_95
0,6.0,14.0,17.0,110.0,0.963680475901,0.0394830520969
