,motion_thresh,age_l,age_u,n,med_rsq,CI_95
0,22.0,10.0,13.0,270.0,0.97600522784,0.0363140013889
