,motion_thresh,age_l,age_u,n,med_rsq,CI_95
0,18.0,6.0,9.0,230.0,0.942660268932,0.0977208088539
