,motion_thresh,age_l,age_u,n,med_rsq,CI_95
0,48.0,8.0,11.0,170.0,0.975394934965,0.034000329517
