,motion_thresh,age_l,age_u,n,med_rsq,CI_95
0,4.0,6.0,9.0,80.0,0.901225892578,0.078436157907
