,motion_thresh,age_l,age_u,n,med_rsq,CI_95
0,30.0,7.0,10.0,270.0,0.965539611391,0.0620917849776
