,motion_thresh,age_l,age_u,n,med_rsq,CI_95,med_icc,CI_95_icc
0,20.0,13.0,16.0,30.0,0.909312556918,0.146122162823,0.954770847991,0.0697574390465
