,motion_thresh,age_l,age_u,n,med_rsq,CI_95
0,42.0,6.0,9.0,70.0,0.949599170315,0.0649687060611
