,motion_thresh,age_l,age_u,n,med_rsq,CI_95,med_icc,CI_95_icc
0,40.0,13.0,16.0,300.0,0.980442824865,0.0198661982829,0.99032717232,0.00968552936683
