,motion_thresh,age_l,age_u,n,med_rsq,CI_95
0,34.0,15.0,18.0,200.0,0.970036051393,0.0427404392213
