,motion_thresh,age_l,age_u,n,med_rsq,CI_95
0,22.0,11.0,14.0,20.0,0.85437005682,0.206134924923
