,motion_thresh,age_l,age_u,n,med_rsq,CI_95
0,28.0,8.0,11.0,90.0,0.965440913923,0.0561342141113
