,motion_thresh,age_l,age_u,n,med_rsq,CI_95
0,32.0,15.0,18.0,280.0,0.968746810235,0.0322214419876
