,motion_thresh,age_l,age_u,n,med_rsq,CI_95
0,26.0,15.0,18.0,290.0,0.962419144892,0.0460497875666
