,motion_thresh,age_l,age_u,n,med_rsq,CI_95
0,48.0,6.0,9.0,130.0,0.941651342882,0.138066553266
