,motion_thresh,age_l,age_u,n,med_rsq,CI_95,med_icc,CI_95_icc
0,25.0,6.0,9.0,180.0,0.954750198804,0.072478485352,0.977182164134,0.0380768242039
