,motion_thresh,age_l,age_u,n,med_rsq,CI_95
0,4.0,12.0,15.0,240.0,0.931607082435,0.0777146539591
