,motion_thresh,age_l,age_u,n,med_rsq,CI_95
0,48.0,10.0,13.0,260.0,0.980331269182,0.0261982530139
