,motion_thresh,age_l,age_u,n,med_rsq,CI_95,med_icc,CI_95_icc
0,5.0,12.0,15.0,270.0,0.970677202445,0.0290288990805,0.985421428304,0.0146452462512
