,motion_thresh,age_l,age_u,n,med_rsq,CI_95
0,40.0,8.0,11.0,140.0,0.973527899103,0.0259519399011
