,motion_thresh,age_l,age_u,n,med_rsq,CI_95
0,6.0,13.0,16.0,110.0,0.969361667469,0.0184373563412
