,motion_thresh,age_l,age_u,n,med_rsq,CI_95
0,46.0,15.0,18.0,80.0,0.96213607402,0.054293070625
