,motion_thresh,age_l,age_u,n,med_rsq,CI_95
0,6.0,10.0,13.0,160.0,0.957524412836,0.0393411473534
