,motion_thresh,age_l,age_u,n,med_rsq,CI_95,med_icc,CI_95_icc
0,40.0,6.0,9.0,60.0,0.957808347816,0.0419175636456,0.978902380964,0.0217141394822
