,motion_thresh,age_l,age_u,n,med_rsq,CI_95
0,32.0,7.0,10.0,250.0,0.967064271722,0.0567361104026
