,motion_thresh,age_l,age_u,n,med_rsq,CI_95
0,38.0,7.0,10.0,300.0,0.963063050389,0.0343258712604
