,motion_thresh,age_l,age_u,n,med_rsq,CI_95
0,44.0,11.0,14.0,200.0,0.980239443271,0.0277046686319
