,motion_thresh,age_l,age_u,n,med_rsq,CI_95
0,26.0,15.0,18.0,100.0,0.9639925699,0.0538428775691
