,motion_thresh,age_l,age_u,n,med_rsq,CI_95
0,36.0,11.0,14.0,190.0,0.981497666867,0.021072165118
