,motion_thresh,age_l,age_u,n,med_rsq,CI_95
0,30.0,6.0,9.0,120.0,0.945975503834,0.0569812301039
