,motion_thresh,age_l,age_u,n,med_rsq,CI_95
0,18.0,10.0,13.0,20.0,0.844023331309,0.151119565253
