,motion_thresh,age_l,age_u,n,med_rsq,CI_95
0,36.0,13.0,16.0,190.0,0.977651697251,0.0230009406103
