,motion_thresh,age_l,age_u,n,med_rsq,CI_95,med_icc,CI_95_icc
0,45.0,8.0,11.0,240.0,0.977456565456,0.0269484308991,0.988850655236,0.0139670507205
