,motion_thresh,age_l,age_u,n,med_rsq,CI_95
0,38.0,8.0,11.0,200.0,0.973284812253,0.0353328087363
