,motion_thresh,age_l,age_u,n,med_rsq,CI_95
0,30.0,7.0,10.0,250.0,0.964775809188,0.0558818045342
