,motion_thresh,age_l,age_u,n,med_rsq,CI_95
0,40.0,13.0,16.0,140.0,0.976451952109,0.028114984421
