,motion_thresh,age_l,age_u,n,med_rsq,CI_95
0,46.0,7.0,10.0,190.0,0.965532282369,0.0435991565892
