,motion_thresh,age_l,age_u,n,med_rsq,CI_95
0,46.0,11.0,14.0,180.0,0.981392944111,0.0203355832666
