,motion_thresh,age_l,age_u,n,med_rsq,CI_95,med_icc,CI_95_icc
0,10.0,6.0,9.0,120.0,0.93438636373,0.0639222665919,0.966884975233,0.0334693707592
