,motion_thresh,age_l,age_u,n,med_rsq,CI_95
0,42.0,11.0,14.0,270.0,0.979635283015,0.0271545309106
