,motion_thresh,age_l,age_u,n,med_rsq,CI_95
0,48.0,9.0,12.0,150.0,0.979084144717,0.0349707055607
