,motion_thresh,age_l,age_u,n,med_rsq,CI_95
0,2.0,12.0,15.0,50.0,0.942744796231,0.043629764323
