,motion_thresh,age_l,age_u,n,med_rsq,CI_95
0,32.0,8.0,11.0,100.0,0.968476466204,0.0584986571748
