,motion_thresh,age_l,age_u,n,med_rsq,CI_95,med_icc,CI_95_icc
0,40.0,9.0,12.0,150.0,0.980225652797,0.0252023643477,0.989957254867,0.0131607047164
