,motion_thresh,age_l,age_u,n,med_rsq,CI_95
0,22.0,14.0,17.0,270.0,0.970120404088,0.0441453545458
