,motion_thresh,age_l,age_u,n,med_rsq,CI_95,med_icc,CI_95_icc
0,20.0,7.0,10.0,120.0,0.966216212575,0.0431332355935,0.98325542876,0.0221153508842
