,motion_thresh,age_l,age_u,n,med_rsq,CI_95,med_icc,CI_95_icc
0,25.0,11.0,14.0,180.0,0.981482880832,0.0258421959848,0.990754740852,0.0131443666122
