,motion_thresh,age_l,age_u,n,med_rsq,CI_95
0,38.0,15.0,18.0,70.0,0.956995809854,0.0574739625522
