,motion_thresh,age_l,age_u,n,med_rsq,CI_95
0,2.0,10.0,13.0,270.0,0.938260919033,0.0411271454702
