,motion_thresh,age_l,age_u,n,med_rsq,CI_95
0,22.0,8.0,11.0,40.0,0.92103740444,0.0746574470422
