,motion_thresh,age_l,age_u,n,med_rsq,CI_95
0,20.0,8.0,11.0,90.0,0.965161029375,0.0474055604606
