,motion_thresh,age_l,age_u,n,med_rsq,CI_95
0,32.0,12.0,15.0,160.0,0.97802821686,0.0342358903753
