,motion_thresh,age_l,age_u,n,med_rsq,CI_95,med_icc,CI_95_icc
0,30.0,6.0,9.0,180.0,0.955573583971,0.0462273706999,0.978088470283,0.0226078575164
