,motion_thresh,age_l,age_u,n,med_rsq,CI_95
0,48.0,12.0,15.0,140.0,0.979072199305,0.028828243769
