,motion_thresh,age_l,age_u,n,med_rsq,CI_95
0,42.0,15.0,18.0,270.0,0.968038341119,0.05158204989
