,motion_thresh,age_l,age_u,n,med_rsq,CI_95
0,18.0,11.0,14.0,230.0,0.97801114699,0.0187136797248
