,motion_thresh,age_l,age_u,n,med_rsq,CI_95,med_icc,CI_95_icc
0,30.0,15.0,18.0,150.0,0.971709131582,0.0365924799127,0.985890673727,0.0190262198626
