,motion_thresh,age_l,age_u,n,med_rsq,CI_95
0,14.0,8.0,11.0,230.0,0.963915807789,0.0349011845046
