,motion_thresh,age_l,age_u,n,med_rsq,CI_95
0,30.0,9.0,12.0,190.0,0.975207057339,0.0333364123112
