,motion_thresh,age_l,age_u,n,med_rsq,CI_95
0,6.0,8.0,11.0,170.0,0.943564604999,0.0638409570078
