,motion_thresh,age_l,age_u,n,med_rsq,CI_95
0,40.0,8.0,11.0,60.0,0.949664250952,0.0775376864908
