,motion_thresh,age_l,age_u,n,med_rsq,CI_95,med_icc,CI_95_icc
0,40.0,7.0,10.0,210.0,0.970312078916,0.0284257307672,0.985188615358,0.0139234204228
