,motion_thresh,age_l,age_u,n,med_rsq,CI_95
0,32.0,9.0,12.0,270.0,0.975557006788,0.024580361997
