,motion_thresh,age_l,age_u,n,med_rsq,CI_95
0,24.0,15.0,18.0,30.0,0.902254515653,0.122645908999
