,motion_thresh,age_l,age_u,n,med_rsq,CI_95
0,42.0,8.0,11.0,190.0,0.97409113107,0.026680409968
