,motion_thresh,age_l,age_u,n,med_rsq,CI_95
0,14.0,14.0,17.0,210.0,0.966483632199,0.0451490389949
