,motion_thresh,age_l,age_u,n,med_rsq,CI_95
0,14.0,11.0,14.0,140.0,0.975676066487,0.0252246988698
