,motion_thresh,age_l,age_u,n,med_rsq,CI_95
0,26.0,7.0,10.0,30.0,0.897918839343,0.180674333205
