,motion_thresh,age_l,age_u,n,med_rsq,CI_95
0,48.0,9.0,12.0,270.0,0.978779242328,0.0284482682053
