,motion_thresh,age_l,age_u,n,med_rsq,CI_95
0,16.0,10.0,13.0,50.0,0.93776834747,0.0654603857426
