,motion_thresh,age_l,age_u,n,med_rsq,CI_95
0,6.0,6.0,9.0,210.0,0.897837270542,0.0588663002847
