,motion_thresh,age_l,age_u,n,med_rsq,CI_95
0,46.0,11.0,14.0,80.0,0.963015981681,0.0574688096839
