,motion_thresh,age_l,age_u,n,med_rsq,CI_95
0,6.0,13.0,16.0,80.0,0.955684164136,0.0422762604299
