,motion_thresh,age_l,age_u,n,med_rsq,CI_95
0,16.0,8.0,11.0,20.0,0.849710031605,0.18963433296
