,motion_thresh,age_l,age_u,n,med_rsq,CI_95
0,4.0,12.0,15.0,30.0,0.907067840942,0.104616523282
