,motion_thresh,age_l,age_u,n,med_rsq,CI_95
0,42.0,12.0,15.0,30.0,0.901984428197,0.147362065047
