,motion_thresh,age_l,age_u,n,med_rsq,CI_95
0,26.0,8.0,11.0,270.0,0.970349206625,0.0257282788834
