,motion_thresh,age_l,age_u,n,med_rsq,CI_95
0,14.0,10.0,13.0,220.0,0.973397710048,0.0241197663035
