,motion_thresh,age_l,age_u,n,med_rsq,CI_95,med_icc,CI_95_icc
0,50.0,13.0,16.0,240.0,0.980149595128,0.027176440599,0.990073409513,0.0130706053278
