,motion_thresh,age_l,age_u,n,med_rsq,CI_95
0,18.0,15.0,18.0,270.0,0.958152999321,0.0579997388306
