,motion_thresh,age_l,age_u,n,med_rsq,CI_95
0,2.0,8.0,11.0,110.0,0.904475431521,0.0547164660083
