,motion_thresh,age_l,age_u,n,med_rsq,CI_95
0,16.0,12.0,15.0,280.0,0.977007675614,0.0245085566684
