,motion_thresh,age_l,age_u,n,med_rsq,CI_95,med_icc,CI_95_icc
0,45.0,14.0,17.0,270.0,0.978861216585,0.0224899588331,0.989473613423,0.0107488379241
