,motion_thresh,age_l,age_u,n,med_rsq,CI_95
0,34.0,11.0,14.0,80.0,0.963731466897,0.0657375869568
