,motion_thresh,age_l,age_u,n,med_rsq,CI_95,med_icc,CI_95_icc
0,15.0,13.0,16.0,270.0,0.972252474953,0.0424287499203,0.985956297229,0.0215499888256
