,motion_thresh,age_l,age_u,n,med_rsq,CI_95
0,48.0,14.0,17.0,210.0,0.975177240465,0.0290809039799
