,motion_thresh,age_l,age_u,n,med_rsq,CI_95
0,40.0,15.0,18.0,70.0,0.956511716167,0.0626059664286
