,motion_thresh,age_l,age_u,n,med_rsq,CI_95
0,2.0,11.0,14.0,300.0,0.944910602415,0.030266650198
