,motion_thresh,age_l,age_u,n,med_rsq,CI_95
0,4.0,12.0,15.0,130.0,0.933902919087,0.0802337990183
