,motion_thresh,age_l,age_u,n,med_rsq,CI_95
0,12.0,12.0,15.0,190.0,0.974131698709,0.0243003190798
