,motion_thresh,age_l,age_u,n,med_rsq,CI_95
0,32.0,7.0,10.0,150.0,0.965192383251,0.0375196779457
