,motion_thresh,age_l,age_u,n,med_rsq,CI_95,med_icc,CI_95_icc
0,35.0,6.0,9.0,180.0,0.956724554967,0.0512694920965,0.978398581498,0.0265639425521
