,motion_thresh,age_l,age_u,n,med_rsq,CI_95
0,50.0,10.0,13.0,130.0,0.976852542266,0.0333000077238
