,motion_thresh,age_l,age_u,n,med_rsq,CI_95
0,4.0,9.0,12.0,160.0,0.942905565411,0.02875296617
