,motion_thresh,age_l,age_u,n,med_rsq,CI_95
0,24.0,8.0,11.0,120.0,0.968500493689,0.0467800129109
