,motion_thresh,age_l,age_u,n,med_rsq,CI_95
0,12.0,10.0,13.0,80.0,0.96348398447,0.0490829374291
