,motion_thresh,age_l,age_u,n,med_rsq,CI_95
0,42.0,9.0,12.0,130.0,0.97300608213,0.0333657940131
