,motion_thresh,age_l,age_u,n,med_rsq,CI_95
0,38.0,9.0,12.0,130.0,0.976692308755,0.0336650633712
