,motion_thresh,age_l,age_u,n,med_rsq,CI_95
0,8.0,15.0,18.0,40.0,0.922627438501,0.0821846704644
