,motion_thresh,age_l,age_u,n,med_rsq,CI_95
0,22.0,12.0,15.0,240.0,0.97755708263,0.0214529084893
