,motion_thresh,age_l,age_u,n,med_rsq,CI_95
0,24.0,9.0,12.0,170.0,0.97420681308,0.0266683044715
