,motion_thresh,age_l,age_u,n,med_rsq,CI_95
0,50.0,12.0,15.0,120.0,0.97533728978,0.0303675117313
