,motion_thresh,age_l,age_u,n,med_rsq,CI_95
0,44.0,13.0,16.0,290.0,0.978011558261,0.0250851651394
