,motion_thresh,age_l,age_u,n,med_rsq,CI_95
0,28.0,10.0,13.0,240.0,0.971271165171,0.0490911370979
