,motion_thresh,age_l,age_u,n,med_rsq,CI_95
0,14.0,13.0,16.0,110.0,0.971447245302,0.0310151572632
