,motion_thresh,age_l,age_u,n,med_rsq,CI_95
0,40.0,14.0,17.0,110.0,0.973017271283,0.0287883397773
