,motion_thresh,age_l,age_u,n,med_rsq,CI_95
0,32.0,7.0,10.0,170.0,0.965037066961,0.0590248093232
