,motion_thresh,age_l,age_u,n,med_rsq,CI_95
0,28.0,8.0,11.0,200.0,0.970702761203,0.0397040488676
