,motion_thresh,age_l,age_u,n,med_rsq,CI_95
0,34.0,12.0,15.0,210.0,0.978648033061,0.0270786931485
