,motion_thresh,age_l,age_u,n,med_rsq,CI_95
0,44.0,9.0,12.0,170.0,0.977789185579,0.0286926683616
