,motion_thresh,age_l,age_u,n,med_rsq,CI_95
0,42.0,7.0,10.0,50.0,0.933523969567,0.116360981335
