,motion_thresh,age_l,age_u,n,med_rsq,CI_95
0,16.0,10.0,13.0,130.0,0.973694059195,0.0275991041153
