,motion_thresh,age_l,age_u,n,med_rsq,CI_95
0,16.0,12.0,15.0,50.0,0.942623775472,0.0620312578331
