,motion_thresh,age_l,age_u,n,med_rsq,CI_95
0,26.0,11.0,14.0,280.0,0.978809932658,0.0193442594794
