,motion_thresh,age_l,age_u,n,med_rsq,CI_95
0,14.0,14.0,17.0,170.0,0.966374606876,0.0413761184682
