,motion_thresh,age_l,age_u,n,med_rsq,CI_95
0,40.0,6.0,9.0,50.0,0.938180566085,0.105354145737
