,motion_thresh,age_l,age_u,n,med_rsq,CI_95
0,10.0,8.0,11.0,120.0,0.95893494179,0.0356198280277
