,motion_thresh,age_l,age_u,n,med_rsq,CI_95
0,28.0,7.0,10.0,110.0,0.942698599903,0.108189280337
