,motion_thresh,age_l,age_u,n,med_rsq,CI_95
0,26.0,6.0,9.0,190.0,0.945240990024,0.0791703870149
