,motion_thresh,age_l,age_u,n,med_rsq,CI_95
0,48.0,9.0,12.0,290.0,0.978873139519,0.0259923011407
