,motion_thresh,age_l,age_u,n,med_rsq,CI_95,med_icc,CI_95_icc
0,20.0,14.0,17.0,210.0,0.97350758733,0.0393160466043,0.986764649843,0.0186775492321
