,motion_thresh,age_l,age_u,n,med_rsq,CI_95
0,46.0,15.0,18.0,120.0,0.968405302652,0.0329594955889
