,motion_thresh,age_l,age_u,n,med_rsq,CI_95
0,40.0,15.0,18.0,230.0,0.968501498195,0.0431834632155
