,motion_thresh,age_l,age_u,n,med_rsq,CI_95,med_icc,CI_95_icc
0,15.0,9.0,12.0,180.0,0.970161862296,0.0339481962012,0.984841158701,0.0176800733797
