,motion_thresh,age_l,age_u,n,med_rsq,CI_95
0,34.0,10.0,13.0,170.0,0.975001178265,0.0353565875376
