,motion_thresh,age_l,age_u,n,med_rsq,CI_95
0,42.0,7.0,10.0,10.0,0.688062588452,0.484116890053
