,motion_thresh,age_l,age_u,n,med_rsq,CI_95
0,34.0,15.0,18.0,110.0,0.968999709278,0.0360442589653
