,motion_thresh,age_l,age_u,n,med_rsq,CI_95,med_icc,CI_95_icc
0,30.0,6.0,9.0,210.0,0.954939546497,0.0471247226526,0.977694440494,0.0239543636734
