,motion_thresh,age_l,age_u,n,med_rsq,CI_95
0,10.0,7.0,10.0,40.0,0.923427787803,0.10073977303
