,motion_thresh,age_l,age_u,n,med_rsq,CI_95
0,32.0,14.0,17.0,30.0,0.894993651807,0.153197677159
