,motion_thresh,age_l,age_u,n,med_rsq,CI_95
0,2.0,9.0,12.0,250.0,0.914205258224,0.049268430987
