,motion_thresh,age_l,age_u,n,med_rsq,CI_95
0,32.0,8.0,11.0,230.0,0.973728711374,0.0275810689502
