,motion_thresh,age_l,age_u,n,med_rsq,CI_95
0,28.0,10.0,13.0,10.0,0.719059312059,0.407063992984
