,motion_thresh,age_l,age_u,n,med_rsq,CI_95
0,32.0,6.0,9.0,230.0,0.943516716895,0.0525412961456
