,motion_thresh,age_l,age_u,n,med_rsq,CI_95
0,40.0,8.0,11.0,130.0,0.972857888278,0.0288581696463
