,motion_thresh,age_l,age_u,n,med_rsq,CI_95,med_icc,CI_95_icc
0,40.0,13.0,16.0,210.0,0.979555371019,0.0207118996583,0.989962728276,0.0104212383974
