,motion_thresh,age_l,age_u,n,med_rsq,CI_95
0,4.0,9.0,12.0,200.0,0.942693027619,0.0248317076179
