,motion_thresh,age_l,age_u,n,med_rsq,CI_95
0,12.0,6.0,9.0,260.0,0.933900452593,0.0657756711388
