,motion_thresh,age_l,age_u,n,med_rsq,CI_95
0,22.0,7.0,10.0,250.0,0.961171279548,0.079949434114
