,motion_thresh,age_l,age_u,n,med_rsq,CI_95,med_icc,CI_95_icc
0,15.0,10.0,13.0,270.0,0.977873338441,0.0238014718598,0.988653105769,0.0123067457037
