,motion_thresh,age_l,age_u,n,med_rsq,CI_95
0,36.0,13.0,16.0,110.0,0.972545886926,0.0328710750633
