,motion_thresh,age_l,age_u,n,med_rsq,CI_95,med_icc,CI_95_icc
0,15.0,10.0,13.0,300.0,0.976781428889,0.0204228048908,0.98813875888,0.0104771702086
