,motion_thresh,age_l,age_u,n,med_rsq,CI_95
0,18.0,15.0,18.0,150.0,0.956154383753,0.0780660727092
