,motion_thresh,age_l,age_u,n,med_rsq,CI_95
0,6.0,11.0,14.0,40.0,0.926107087987,0.0860937298598
