,motion_thresh,age_l,age_u,n,med_rsq,CI_95
0,2.0,9.0,12.0,70.0,0.904379354386,0.0453681094617
