,motion_thresh,age_l,age_u,n,med_rsq,CI_95
0,4.0,7.0,10.0,20.0,0.841691183113,0.169499054841
