,motion_thresh,age_l,age_u,n,med_rsq,CI_95
0,4.0,7.0,10.0,190.0,0.922159976038,0.0710018004727
