,motion_thresh,age_l,age_u,n,med_rsq,CI_95,med_icc,CI_95_icc
0,40.0,8.0,11.0,270.0,0.976004578203,0.0364493433013,0.988011803345,0.0188717047639
