,motion_thresh,age_l,age_u,n,med_rsq,CI_95
0,2.0,12.0,15.0,110.0,0.949014078701,0.0155887461043
