,motion_thresh,age_l,age_u,n,med_rsq,CI_95
0,26.0,9.0,12.0,140.0,0.977247900522,0.031664994875
