,motion_thresh,age_l,age_u,n,med_rsq,CI_95
0,26.0,6.0,9.0,220.0,0.945364247326,0.0756920429925
