,motion_thresh,age_l,age_u,n,med_rsq,CI_95
0,26.0,11.0,14.0,90.0,0.965824397841,0.0296626288359
