,motion_thresh,age_l,age_u,n,med_rsq,CI_95
0,46.0,8.0,11.0,130.0,0.974519157513,0.029123124615
