,motion_thresh,age_l,age_u,n,med_rsq,CI_95,med_icc,CI_95_icc
0,5.0,7.0,10.0,120.0,0.929637861435,0.0730990802827,0.964848564872,0.0354476600288
