,motion_thresh,age_l,age_u,n,med_rsq,CI_95
0,32.0,10.0,13.0,300.0,0.978257844496,0.0298547608499
