,motion_thresh,age_l,age_u,n,med_rsq,CI_95,med_icc,CI_95_icc
0,50.0,7.0,10.0,240.0,0.970944522491,0.0341235819316,0.98555955527,0.0172255285286
