,motion_thresh,age_l,age_u,n,med_rsq,CI_95
0,24.0,7.0,10.0,100.0,0.925320914885,0.122369696459
