,motion_thresh,age_l,age_u,n,med_rsq,CI_95,med_icc,CI_95_icc
0,35.0,7.0,10.0,300.0,0.968731964523,0.0349151817824,0.98463106304,0.0157749453297
