,motion_thresh,age_l,age_u,n,med_rsq,CI_95
0,40.0,14.0,17.0,250.0,0.973679046259,0.0307856973881
