,motion_thresh,age_l,age_u,n,med_rsq,CI_95
0,24.0,13.0,16.0,230.0,0.977477526502,0.0264412165408
