,motion_thresh,age_l,age_u,n,med_rsq,CI_95,med_icc,CI_95_icc
0,10.0,8.0,11.0,30.0,0.906410768803,0.098434442497,0.954041402145,0.0492691888481
