,motion_thresh,age_l,age_u,n,med_rsq,CI_95
0,20.0,11.0,14.0,220.0,0.977983503039,0.0175942012487
