,motion_thresh,age_l,age_u,n,med_rsq,CI_95
0,16.0,15.0,18.0,130.0,0.962291129159,0.0423798611384
