,motion_thresh,age_l,age_u,n,med_rsq,CI_95
0,34.0,9.0,12.0,30.0,0.902317800734,0.114415988952
