,motion_thresh,age_l,age_u,n,med_rsq,CI_95
0,42.0,6.0,9.0,230.0,0.950332713857,0.0559853080998
