,motion_thresh,age_l,age_u,n,med_rsq,CI_95
0,28.0,10.0,13.0,250.0,0.96823247754,0.0458069378653
