,motion_thresh,age_l,age_u,n,med_rsq,CI_95
0,18.0,11.0,14.0,10.0,0.723816163554,0.350575238322
