,motion_thresh,age_l,age_u,n,med_rsq,CI_95
0,10.0,6.0,9.0,180.0,0.926624904198,0.0883019043503
