,motion_thresh,age_l,age_u,n,med_rsq,CI_95
0,14.0,8.0,11.0,80.0,0.960375702921,0.0492892054984
