,motion_thresh,age_l,age_u,n,med_rsq,CI_95
0,10.0,6.0,9.0,300.0,0.926869273529,0.0690441484342
