,motion_thresh,age_l,age_u,n,med_rsq,CI_95
0,4.0,14.0,17.0,50.0,0.939967332089,0.0653890398425
