,motion_thresh,age_l,age_u,n,med_rsq,CI_95
0,4.0,15.0,18.0,280.0,0.938127722459,0.0506987393386
