,motion_thresh,age_l,age_u,n,med_rsq,CI_95
0,42.0,13.0,16.0,250.0,0.978069666593,0.0208877146135
