,motion_thresh,age_l,age_u,n,med_rsq,CI_95
0,42.0,9.0,12.0,240.0,0.976143280128,0.0390421489498
