,motion_thresh,age_l,age_u,n,med_rsq,CI_95
0,26.0,6.0,9.0,70.0,0.944040515414,0.0859017845333
