,motion_thresh,age_l,age_u,n,med_rsq,CI_95,med_icc,CI_95_icc
0,10.0,7.0,10.0,180.0,0.955277383813,0.0466950019641,0.977401905374,0.021989805116
