,motion_thresh,age_l,age_u,n,med_rsq,CI_95
0,20.0,15.0,18.0,190.0,0.959374117359,0.0628364909747
