,motion_thresh,age_l,age_u,n,med_rsq,CI_95
0,2.0,9.0,12.0,40.0,0.919260140634,0.0354012334992
