,motion_thresh,age_l,age_u,n,med_rsq,CI_95
0,18.0,12.0,15.0,180.0,0.974729123362,0.0383756002401
