,motion_thresh,age_l,age_u,n,med_rsq,CI_95
0,6.0,14.0,17.0,90.0,0.966857138634,0.015942907364
