,motion_thresh,age_l,age_u,n,med_rsq,CI_95
0,18.0,12.0,15.0,40.0,0.928914327544,0.0798355853324
