,motion_thresh,age_l,age_u,n,med_rsq,CI_95
0,2.0,10.0,13.0,10.0,0.720592582692,0.339428094957
