,motion_thresh,age_l,age_u,n,med_rsq,CI_95
0,42.0,14.0,17.0,260.0,0.974833273453,0.0255456332972
