,motion_thresh,age_l,age_u,n,med_rsq,CI_95
0,40.0,10.0,13.0,260.0,0.980295853224,0.032178853021
