,motion_thresh,age_l,age_u,n,med_rsq,CI_95
0,18.0,14.0,17.0,120.0,0.966133203116,0.0415974915343
