,motion_thresh,age_l,age_u,n,med_rsq,CI_95
0,12.0,8.0,11.0,160.0,0.958729291968,0.0543008254451
