,motion_thresh,age_l,age_u,n,med_rsq,CI_95
0,40.0,6.0,9.0,210.0,0.948521341655,0.0508616366996
