,motion_thresh,age_l,age_u,n,med_rsq,CI_95
0,22.0,7.0,10.0,220.0,0.96143452258,0.0624254979252
