,motion_thresh,age_l,age_u,n,med_rsq,CI_95
0,12.0,9.0,12.0,150.0,0.966239943146,0.0293469170796
