,motion_thresh,age_l,age_u,n,med_rsq,CI_95
0,24.0,9.0,12.0,280.0,0.974388975816,0.0301223662916
