,motion_thresh,age_l,age_u,n,med_rsq,CI_95
0,18.0,6.0,9.0,280.0,0.941368809421,0.0861385203578
