,motion_thresh,age_l,age_u,n,med_rsq,CI_95,med_icc,CI_95_icc
0,40.0,6.0,9.0,120.0,0.956506224944,0.0605359750247,0.978502992408,0.0313418204049
