,motion_thresh,age_l,age_u,n,med_rsq,CI_95
0,18.0,14.0,17.0,20.0,0.846408495665,0.174375708434
