,motion_thresh,age_l,age_u,n,med_rsq,CI_95
0,4.0,6.0,9.0,150.0,0.902277096421,0.0601751238133
