,motion_thresh,age_l,age_u,n,med_rsq,CI_95
0,44.0,10.0,13.0,130.0,0.977847498807,0.034615193271
