,motion_thresh,age_l,age_u,n,med_rsq,CI_95,med_icc,CI_95_icc
0,25.0,14.0,17.0,210.0,0.977085327266,0.0264143412605,0.988680367852,0.0131241872781
