,motion_thresh,age_l,age_u,n,med_rsq,CI_95
0,6.0,8.0,11.0,120.0,0.946323420857,0.0307915507734
