,motion_thresh,age_l,age_u,n,med_rsq,CI_95
0,6.0,9.0,12.0,130.0,0.950157012333,0.024948276338
