,motion_thresh,age_l,age_u,n,med_rsq,CI_95
0,22.0,6.0,9.0,90.0,0.942440413105,0.0490883396463
