,motion_thresh,age_l,age_u,n,med_rsq,CI_95
0,20.0,13.0,16.0,240.0,0.976186426509,0.0212500805118
