,motion_thresh,age_l,age_u,n,med_rsq,CI_95
0,44.0,7.0,10.0,10.0,0.685706539436,0.442743279333
