,motion_thresh,age_l,age_u,n,med_rsq,CI_95
0,12.0,7.0,10.0,300.0,0.952624199289,0.0496187838476
