,motion_thresh,age_l,age_u,n,med_rsq,CI_95
0,8.0,6.0,9.0,70.0,0.919147845332,0.0428919655041
