,motion_thresh,age_l,age_u,n,med_rsq,CI_95
0,20.0,8.0,11.0,80.0,0.960970131408,0.0532538521729
