,motion_thresh,age_l,age_u,n,med_rsq,CI_95
0,18.0,10.0,13.0,70.0,0.954837525486,0.0476197336068
