,motion_thresh,age_l,age_u,n,med_rsq,CI_95
0,2.0,14.0,17.0,110.0,0.947130165057,0.0174044549663
