,motion_thresh,age_l,age_u,n,med_rsq,CI_95
0,36.0,11.0,14.0,50.0,0.94168011585,0.0689545334123
