,motion_thresh,age_l,age_u,n,med_rsq,CI_95
0,42.0,6.0,9.0,210.0,0.950577117199,0.0729308083125
