,motion_thresh,age_l,age_u,n,med_rsq,CI_95
0,22.0,13.0,16.0,150.0,0.976323992622,0.0175166167211
