,motion_thresh,age_l,age_u,n,med_rsq,CI_95
0,2.0,7.0,10.0,220.0,0.86827737485,0.109167650817
