,motion_thresh,age_l,age_u,n,med_rsq,CI_95
0,40.0,9.0,12.0,140.0,0.975947477826,0.0406021230128
