,motion_thresh,age_l,age_u,n,med_rsq,CI_95
0,48.0,11.0,14.0,50.0,0.941124755328,0.0892146164524
