,motion_thresh,age_l,age_u,n,med_rsq,CI_95
0,44.0,6.0,9.0,140.0,0.948332552984,0.0584423840173
