,motion_thresh,age_l,age_u,n,med_rsq,CI_95
0,10.0,8.0,11.0,150.0,0.957909484328,0.0316359362983
