,motion_thresh,age_l,age_u,n,med_rsq,CI_95
0,20.0,9.0,12.0,140.0,0.974013993761,0.0337628371198
