,motion_thresh,age_l,age_u,n,med_rsq,CI_95,med_icc,CI_95_icc
0,30.0,9.0,12.0,180.0,0.97901354537,0.0203791361885,0.989344619399,0.0101910508731
