,motion_thresh,age_l,age_u,n,med_rsq,CI_95
0,42.0,14.0,17.0,270.0,0.97587575512,0.0198829533288
