,motion_thresh,age_l,age_u,n,med_rsq,CI_95
0,36.0,13.0,16.0,200.0,0.977881144202,0.0288503863438
