,motion_thresh,age_l,age_u,n,med_rsq,CI_95
0,22.0,9.0,12.0,200.0,0.970370737488,0.0489357585402
