,motion_thresh,age_l,age_u,n,med_rsq,CI_95
0,4.0,9.0,12.0,150.0,0.944211069689,0.0589597701941
