,motion_thresh,age_l,age_u,n,med_rsq,CI_95
0,38.0,9.0,12.0,170.0,0.976752534554,0.022937800439
