,motion_thresh,age_l,age_u,n,med_rsq,CI_95
0,34.0,6.0,9.0,110.0,0.949497603457,0.0518932169766
