,motion_thresh,age_l,age_u,n,med_rsq,CI_95
0,18.0,11.0,14.0,250.0,0.978019443924,0.0219578768508
