,motion_thresh,age_l,age_u,n,med_rsq,CI_95,med_icc,CI_95_icc
0,15.0,8.0,11.0,30.0,0.913585030706,0.140326384951,0.956953356934,0.0689890905461
