,motion_thresh,age_l,age_u,n,med_rsq,CI_95
0,2.0,6.0,9.0,210.0,0.86520497508,0.0688794688748
