,motion_thresh,age_l,age_u,n,med_rsq,CI_95
0,6.0,15.0,18.0,170.0,0.949967281575,0.0502569070195
