,motion_thresh,age_l,age_u,n,med_rsq,CI_95
0,20.0,8.0,11.0,280.0,0.963162188557,0.0568072783656
