,motion_thresh,age_l,age_u,n,med_rsq,CI_95
0,32.0,13.0,16.0,160.0,0.977153572992,0.0259866498308
