,motion_thresh,age_l,age_u,n,med_rsq,CI_95
0,30.0,6.0,9.0,290.0,0.946530487215,0.0474791873754
