,motion_thresh,age_l,age_u,n,med_rsq,CI_95
0,22.0,9.0,12.0,180.0,0.969725648346,0.0628602027967
