,motion_thresh,age_l,age_u,n,med_rsq,CI_95
0,4.0,10.0,13.0,20.0,0.837176949182,0.204721655334
