,motion_thresh,age_l,age_u,n,med_rsq,CI_95
0,22.0,14.0,17.0,250.0,0.968533476597,0.0465989923962
