,motion_thresh,age_l,age_u,n,med_rsq,CI_95
0,36.0,12.0,15.0,40.0,0.925942474677,0.112566074266
