,motion_thresh,age_l,age_u,n,med_rsq,CI_95
0,36.0,6.0,9.0,160.0,0.950265043182,0.0617432257079
