,motion_thresh,age_l,age_u,n,med_rsq,CI_95
0,4.0,13.0,16.0,260.0,0.964302643982,0.010656371041
