,motion_thresh,age_l,age_u,n,med_rsq,CI_95
0,34.0,9.0,12.0,50.0,0.939854183508,0.0724575643899
