,motion_thresh,age_l,age_u,n,med_rsq,CI_95
0,32.0,13.0,16.0,180.0,0.976950046383,0.0243085247983
