,motion_thresh,age_l,age_u,n,med_rsq,CI_95
0,12.0,15.0,18.0,270.0,0.959689969684,0.0313805377026
