,motion_thresh,age_l,age_u,n,med_rsq,CI_95
0,6.0,12.0,15.0,230.0,0.970340433985,0.0219992534213
