,motion_thresh,age_l,age_u,n,med_rsq,CI_95
0,14.0,12.0,15.0,160.0,0.976008191912,0.0336945391277
