,motion_thresh,age_l,age_u,n,med_rsq,CI_95,med_icc,CI_95_icc
0,45.0,8.0,11.0,270.0,0.977858167774,0.0220360556074,0.989036408906,0.0113355514696
