,motion_thresh,age_l,age_u,n,med_rsq,CI_95
0,4.0,11.0,14.0,260.0,0.964359275828,0.0139867667911
