,motion_thresh,age_l,age_u,n,med_rsq,CI_95,med_icc,CI_95_icc
0,40.0,6.0,9.0,210.0,0.95741146758,0.0551666696986,0.978663993643,0.0267219135761
