,motion_thresh,age_l,age_u,n,med_rsq,CI_95
0,38.0,14.0,17.0,10.0,0.70676352429,0.410345241572
