,motion_thresh,age_l,age_u,n,med_rsq,CI_95
0,22.0,9.0,12.0,110.0,0.97180611064,0.0396758128113
