,motion_thresh,age_l,age_u,n,med_rsq,CI_95
0,16.0,14.0,17.0,20.0,0.853631853866,0.201812134765
