,motion_thresh,age_l,age_u,n,med_rsq,CI_95
0,26.0,7.0,10.0,230.0,0.928776808106,0.136432057827
