,motion_thresh,age_l,age_u,n,med_rsq,CI_95
0,44.0,14.0,17.0,240.0,0.975754546129,0.0298374625827
