,motion_thresh,age_l,age_u,n,med_rsq,CI_95
0,30.0,10.0,13.0,290.0,0.97783772131,0.023583605325
