,motion_thresh,age_l,age_u,n,med_rsq,CI_95
0,26.0,13.0,16.0,190.0,0.976565866048,0.0383219333828
