,motion_thresh,age_l,age_u,n,med_rsq,CI_95
0,50.0,7.0,10.0,180.0,0.965797371356,0.0537240568762
