,motion_thresh,age_l,age_u,n,med_rsq,CI_95
0,6.0,12.0,15.0,130.0,0.96931564837,0.0249958988201
