,motion_thresh,age_l,age_u,n,med_rsq,CI_95
0,22.0,13.0,16.0,290.0,0.977240787645,0.0306852933926
