,motion_thresh,age_l,age_u,n,med_rsq,CI_95
0,30.0,8.0,11.0,160.0,0.973193791491,0.0315263147044
