,motion_thresh,age_l,age_u,n,med_rsq,CI_95,med_icc,CI_95_icc
0,30.0,13.0,16.0,30.0,0.913189794069,0.114044622753,0.95689318804,0.0567484383291
