,motion_thresh,age_l,age_u,n,med_rsq,CI_95
0,24.0,10.0,13.0,110.0,0.971920057036,0.0444603834085
