,motion_thresh,age_l,age_u,n,med_rsq,CI_95
0,32.0,8.0,11.0,150.0,0.973181181437,0.0283109822489
