,motion_thresh,age_l,age_u,n,med_rsq,CI_95
0,42.0,9.0,12.0,190.0,0.979357068501,0.031040124215
