,motion_thresh,age_l,age_u,n,med_rsq,CI_95
0,10.0,9.0,12.0,290.0,0.964273876773,0.0320010726162
