,motion_thresh,age_l,age_u,n,med_rsq,CI_95
0,44.0,13.0,16.0,60.0,0.949134810211,0.0613504903119
