,motion_thresh,age_l,age_u,n,med_rsq,CI_95
0,46.0,12.0,15.0,210.0,0.980698131426,0.0247523458177
