,motion_thresh,age_l,age_u,n,med_rsq,CI_95
0,14.0,13.0,16.0,150.0,0.976110222646,0.0235589751871
