,motion_thresh,age_l,age_u,n,med_rsq,CI_95
0,18.0,10.0,13.0,100.0,0.970411137088,0.0388626220247
