,motion_thresh,age_l,age_u,n,med_rsq,CI_95
0,6.0,15.0,18.0,20.0,0.8610617695,0.0500840045196
