,motion_thresh,age_l,age_u,n,med_rsq,CI_95
0,20.0,13.0,16.0,250.0,0.975809416517,0.0288908293257
