,motion_thresh,age_l,age_u,n,med_rsq,CI_95
0,44.0,7.0,10.0,280.0,0.964582184992,0.0555791670044
