,motion_thresh,age_l,age_u,n,med_rsq,CI_95
0,38.0,15.0,18.0,300.0,0.969496069764,0.0370257699509
