,motion_thresh,age_l,age_u,n,med_rsq,CI_95
0,6.0,6.0,9.0,210.0,0.900186523111,0.0558295899931
