,motion_thresh,age_l,age_u,n,med_rsq,CI_95
0,44.0,10.0,13.0,270.0,0.98026567811,0.0274405563891
