,motion_thresh,age_l,age_u,n,med_rsq,CI_95
0,36.0,6.0,9.0,270.0,0.950011832069,0.0643291963783
