,motion_thresh,age_l,age_u,n,med_rsq,CI_95
0,4.0,12.0,15.0,280.0,0.939872083999,0.0634677283945
