,motion_thresh,age_l,age_u,n,med_rsq,CI_95,med_icc,CI_95_icc
0,35.0,11.0,14.0,60.0,0.95498720121,0.061987230432,0.977584909286,0.0301236160313
