,motion_thresh,age_l,age_u,n,med_rsq,CI_95
0,48.0,6.0,9.0,280.0,0.943327274724,0.114469530618
