,motion_thresh,age_l,age_u,n,med_rsq,CI_95,med_icc,CI_95_icc
0,45.0,7.0,10.0,30.0,0.910149889662,0.126034630205,0.95501412807,0.0543637109065
