,motion_thresh,age_l,age_u,n,med_rsq,CI_95
0,6.0,13.0,16.0,80.0,0.963433962113,0.0466258219702
