,motion_thresh,age_l,age_u,n,med_rsq,CI_95,med_icc,CI_95_icc
0,15.0,14.0,17.0,120.0,0.973863021308,0.0167401395585,0.986794906984,0.00854486662475
