,motion_thresh,age_l,age_u,n,med_rsq,CI_95
0,36.0,11.0,14.0,240.0,0.981396411301,0.0204182371634
