,motion_thresh,age_l,age_u,n,med_rsq,CI_95
0,34.0,9.0,12.0,190.0,0.97460287573,0.0365308727745
