,motion_thresh,age_l,age_u,n,med_rsq,CI_95
0,26.0,6.0,9.0,30.0,0.89943699533,0.135163763234
