,motion_thresh,age_l,age_u,n,med_rsq,CI_95
0,46.0,6.0,9.0,190.0,0.948859514007,0.043711286245
