,motion_thresh,age_l,age_u,n,med_rsq,CI_95
0,14.0,7.0,10.0,30.0,0.895648191755,0.130682196377
