,motion_thresh,age_l,age_u,n,med_rsq,CI_95
0,6.0,9.0,12.0,240.0,0.952891766728,0.029987320183
