,motion_thresh,age_l,age_u,n,med_rsq,CI_95
0,28.0,6.0,9.0,120.0,0.946565638657,0.0579362063641
