,motion_thresh,age_l,age_u,n,med_rsq,CI_95
0,26.0,11.0,14.0,200.0,0.979253363379,0.0207529998317
