,motion_thresh,age_l,age_u,n,med_rsq,CI_95
0,6.0,13.0,16.0,130.0,0.965954230176,0.0417624296041
