,motion_thresh,age_l,age_u,n,med_rsq,CI_95
0,6.0,9.0,12.0,200.0,0.948003230639,0.0214375811968
