,motion_thresh,age_l,age_u,n,med_rsq,CI_95
0,44.0,11.0,14.0,30.0,0.900865472795,0.178809182175
