,motion_thresh,age_l,age_u,n,med_rsq,CI_95
0,32.0,9.0,12.0,220.0,0.974396309313,0.0199550330035
