,motion_thresh,age_l,age_u,n,med_rsq,CI_95,med_icc,CI_95_icc
0,15.0,15.0,18.0,240.0,0.963797738094,0.0564233306573,0.98187653489,0.0258241989075
