,motion_thresh,age_l,age_u,n,med_rsq,CI_95
0,8.0,7.0,10.0,290.0,0.941410643061,0.0535613651267
