,motion_thresh,age_l,age_u,n,med_rsq,CI_95
0,50.0,13.0,16.0,150.0,0.977929159136,0.0276308353931
