,motion_thresh,age_l,age_u,n,med_rsq,CI_95
0,4.0,13.0,16.0,80.0,0.965619409484,0.0215580583238
