,motion_thresh,age_l,age_u,n,med_rsq,CI_95
0,46.0,8.0,11.0,30.0,0.894273720965,0.133627786965
