,motion_thresh,age_l,age_u,n,med_rsq,CI_95
0,18.0,14.0,17.0,80.0,0.96129943025,0.0627914747897
