,motion_thresh,age_l,age_u,n,med_rsq,CI_95
0,12.0,13.0,16.0,180.0,0.960397159831,0.053705893415
