,motion_thresh,age_l,age_u,n,med_rsq,CI_95
0,32.0,15.0,18.0,180.0,0.96891995179,0.0366676546797
