,motion_thresh,age_l,age_u,n,med_rsq,CI_95
0,22.0,10.0,13.0,180.0,0.97378996409,0.0430885826723
