,motion_thresh,age_l,age_u,n,med_rsq,CI_95
0,2.0,15.0,18.0,190.0,0.92912677245,0.0234227509309
