,motion_thresh,age_l,age_u,n,med_rsq,CI_95,med_icc,CI_95_icc
0,15.0,7.0,10.0,150.0,0.947492489841,0.0801784343799,0.974635686537,0.036868529672
