,motion_thresh,age_l,age_u,n,med_rsq,CI_95
0,20.0,6.0,9.0,20.0,0.850409332574,0.21732610011
