,motion_thresh,age_l,age_u,n,med_rsq,CI_95,med_icc,CI_95_icc
0,40.0,13.0,16.0,120.0,0.977448329821,0.0413803063622,0.988748366622,0.0200310950791
