,motion_thresh,age_l,age_u,n,med_rsq,CI_95
0,6.0,10.0,13.0,110.0,0.959027467811,0.0328271678473
