,motion_thresh,age_l,age_u,n,med_rsq,CI_95,med_icc,CI_95_icc
0,5.0,8.0,11.0,90.0,0.951704941955,0.0421029840745,0.976017144979,0.020234235022
