,motion_thresh,age_l,age_u,n,med_rsq,CI_95
0,40.0,11.0,14.0,260.0,0.980369161937,0.0294767785569
