,motion_thresh,age_l,age_u,n,med_rsq,CI_95
0,36.0,8.0,11.0,240.0,0.974540577182,0.0261646962288
