,motion_thresh,age_l,age_u,n,med_rsq,CI_95
0,22.0,15.0,18.0,190.0,0.963517256927,0.0452677821401
