,motion_thresh,age_l,age_u,n,med_rsq,CI_95
0,44.0,6.0,9.0,90.0,0.950052858067,0.0472368545189
