,motion_thresh,age_l,age_u,n,med_rsq,CI_95
0,46.0,9.0,12.0,50.0,0.93942209708,0.124224172788
