,motion_thresh,age_l,age_u,n,med_rsq,CI_95
0,38.0,7.0,10.0,50.0,0.93639524296,0.0934790597393
