,motion_thresh,age_l,age_u,n,med_rsq,CI_95
0,12.0,8.0,11.0,270.0,0.957453418857,0.0638487941029
