,motion_thresh,age_l,age_u,n,med_rsq,CI_95
0,18.0,7.0,10.0,170.0,0.956767731342,0.0709066163822
