,motion_thresh,age_l,age_u,n,med_rsq,CI_95
0,36.0,8.0,11.0,60.0,0.948971116833,0.0607340762164
