,motion_thresh,age_l,age_u,n,med_rsq,CI_95
0,34.0,9.0,12.0,210.0,0.976576829111,0.0259878559155
