,motion_thresh,age_l,age_u,n,med_rsq,CI_95
0,20.0,7.0,10.0,200.0,0.962759338921,0.0454715447526
