,motion_thresh,age_l,age_u,n,med_rsq,CI_95
0,4.0,7.0,10.0,210.0,0.924841499101,0.0511096724485
