,motion_thresh,age_l,age_u,n,med_rsq,CI_95
0,6.0,8.0,11.0,280.0,0.941660443002,0.0550204798218
