,motion_thresh,age_l,age_u,n,med_rsq,CI_95
0,10.0,8.0,11.0,230.0,0.958450114323,0.0406102925785
