,motion_thresh,age_l,age_u,n,med_rsq,CI_95
0,28.0,6.0,9.0,70.0,0.945609528638,0.0412476584418
