,motion_thresh,age_l,age_u,n,med_rsq,CI_95
0,18.0,7.0,10.0,230.0,0.955807953988,0.0686556342699
