,motion_thresh,age_l,age_u,n,med_rsq,CI_95
0,20.0,14.0,17.0,60.0,0.947972327734,0.113425105192
