,motion_thresh,age_l,age_u,n,med_rsq,CI_95
0,42.0,12.0,15.0,160.0,0.980006435626,0.0312050417688
