,motion_thresh,age_l,age_u,n,med_rsq,CI_95
0,4.0,14.0,17.0,260.0,0.951432207194,0.0273740735686
