,motion_thresh,age_l,age_u,n,med_rsq,CI_95
0,14.0,7.0,10.0,210.0,0.956256270835,0.0939628200958
