,motion_thresh,age_l,age_u,n,med_rsq,CI_95
0,46.0,14.0,17.0,230.0,0.975250510186,0.0254925624865
