,motion_thresh,age_l,age_u,n,med_rsq,CI_95
0,4.0,13.0,16.0,160.0,0.963959796709,0.0170847541925
