,motion_thresh,age_l,age_u,n,med_rsq,CI_95
0,10.0,7.0,10.0,140.0,0.949534120842,0.0568361536878
