,motion_thresh,age_l,age_u,n,med_rsq,CI_95
0,48.0,11.0,14.0,240.0,0.98058827495,0.0270515487926
