,motion_thresh,age_l,age_u,n,med_rsq,CI_95
0,48.0,14.0,17.0,290.0,0.974383099041,0.027921925044
