,motion_thresh,age_l,age_u,n,med_rsq,CI_95
0,22.0,9.0,12.0,20.0,0.847488669434,0.217744125954
