,motion_thresh,age_l,age_u,n,med_rsq,CI_95
0,40.0,10.0,13.0,80.0,0.96233065471,0.0537410194447
