,motion_thresh,age_l,age_u,n,med_rsq,CI_95,med_icc,CI_95_icc
0,20.0,6.0,9.0,240.0,0.946758411336,0.0626086580698,0.973597981898,0.0324592695446
