,motion_thresh,age_l,age_u,n,med_rsq,CI_95
0,22.0,7.0,10.0,240.0,0.960882849332,0.0624994038384
