,motion_thresh,age_l,age_u,n,med_rsq,CI_95,med_icc,CI_95_icc
0,35.0,8.0,11.0,120.0,0.977871865858,0.0264183186298,0.988920743145,0.0130368458613
