,motion_thresh,age_l,age_u,n,med_rsq,CI_95
0,38.0,8.0,11.0,160.0,0.974919861608,0.02837819468
