,motion_thresh,age_l,age_u,n,med_rsq,CI_95
0,30.0,9.0,12.0,210.0,0.975367957972,0.0247725795594
