,motion_thresh,age_l,age_u,n,med_rsq,CI_95
0,20.0,14.0,17.0,190.0,0.969049868797,0.034403019117
