,motion_thresh,age_l,age_u,n,med_rsq,CI_95
0,48.0,6.0,9.0,210.0,0.941855509321,0.116382525001
