,motion_thresh,age_l,age_u,n,med_rsq,CI_95
0,28.0,11.0,14.0,300.0,0.980172843426,0.0217884830323
