,motion_thresh,age_l,age_u,n,med_rsq,CI_95
0,20.0,14.0,17.0,260.0,0.970363395552,0.0459509202427
