,motion_thresh,age_l,age_u,n,med_rsq,CI_95
0,46.0,8.0,11.0,220.0,0.974324207143,0.0240689715889
