,motion_thresh,age_l,age_u,n,med_rsq,CI_95
0,34.0,15.0,18.0,40.0,0.922717782269,0.0993907529369
