,motion_thresh,age_l,age_u,n,med_rsq,CI_95,med_icc,CI_95_icc
0,50.0,12.0,15.0,150.0,0.98403745492,0.0195669482121,0.992018665869,0.00999782130808
