,motion_thresh,age_l,age_u,n,med_rsq,CI_95
0,44.0,15.0,18.0,170.0,0.967706696942,0.0345209373745
