,motion_thresh,age_l,age_u,n,med_rsq,CI_95
0,10.0,10.0,13.0,260.0,0.969978965787,0.025099966599
