,motion_thresh,age_l,age_u,n,med_rsq,CI_95,med_icc,CI_95_icc
0,10.0,13.0,16.0,180.0,0.972980594255,0.025015349763,0.986563402431,0.0123526367181
