,motion_thresh,age_l,age_u,n,med_rsq,CI_95
0,38.0,7.0,10.0,120.0,0.962683274811,0.0397967628177
