,motion_thresh,age_l,age_u,n,med_rsq,CI_95
0,30.0,11.0,14.0,190.0,0.979378285815,0.0271544793746
