,motion_thresh,age_l,age_u,n,med_rsq,CI_95
0,4.0,9.0,12.0,70.0,0.940094528011,0.0548917199159
