,motion_thresh,age_l,age_u,n,med_rsq,CI_95,med_icc,CI_95_icc
0,25.0,12.0,15.0,210.0,0.980270334252,0.0211301046287,0.990192472448,0.0107198044103
