,motion_thresh,age_l,age_u,n,med_rsq,CI_95
0,12.0,7.0,10.0,290.0,0.949897169536,0.0680034182913
