,motion_thresh,age_l,age_u,n,med_rsq,CI_95,med_icc,CI_95_icc
0,15.0,14.0,17.0,180.0,0.973923288805,0.0354055199586,0.98686718758,0.0180344565391
