,motion_thresh,age_l,age_u,n,med_rsq,CI_95
0,28.0,13.0,16.0,80.0,0.962358268166,0.0472302373048
