,motion_thresh,age_l,age_u,n,med_rsq,CI_95
0,34.0,13.0,16.0,230.0,0.976576762937,0.0209078056666
