,motion_thresh,age_l,age_u,n,med_rsq,CI_95
0,50.0,8.0,11.0,20.0,0.847932224129,0.239815810047
