,motion_thresh,age_l,age_u,n,med_rsq,CI_95
0,34.0,15.0,18.0,100.0,0.96981236911,0.0291198703707
