,motion_thresh,age_l,age_u,n,med_rsq,CI_95
0,2.0,10.0,13.0,100.0,0.941716738972,0.0189482084625
