,motion_thresh,age_l,age_u,n,med_rsq,CI_95
0,36.0,10.0,13.0,140.0,0.977869311137,0.0300044421068
