,motion_thresh,age_l,age_u,n,med_rsq,CI_95
0,26.0,11.0,14.0,60.0,0.952002768162,0.0623888689185
