,motion_thresh,age_l,age_u,n,med_rsq,CI_95
0,10.0,11.0,14.0,130.0,0.97387369165,0.0211129309103
