,motion_thresh,age_l,age_u,n,med_rsq,CI_95
0,12.0,12.0,15.0,160.0,0.975753761421,0.0276872900338
