,motion_thresh,age_l,age_u,n,med_rsq,CI_95
0,26.0,6.0,9.0,240.0,0.945941969687,0.052931258559
