,motion_thresh,age_l,age_u,n,med_rsq,CI_95,med_icc,CI_95_icc
0,30.0,11.0,14.0,150.0,0.982126764608,0.0212897819288,0.99121760123,0.0100255209523
