,motion_thresh,age_l,age_u,n,med_rsq,CI_95
0,46.0,15.0,18.0,100.0,0.966995473317,0.0468321693168
