,motion_thresh,age_l,age_u,n,med_rsq,CI_95
0,18.0,8.0,11.0,10.0,0.702998972743,0.433373799585
