,motion_thresh,age_l,age_u,n,med_rsq,CI_95
0,4.0,8.0,11.0,120.0,0.928426263951,0.0275601968522
