,motion_thresh,age_l,age_u,n,med_rsq,CI_95
0,28.0,11.0,14.0,110.0,0.972188178471,0.047655820349
