,motion_thresh,age_l,age_u,n,med_rsq,CI_95
0,24.0,14.0,17.0,130.0,0.96750489512,0.0527525437052
