,motion_thresh,age_l,age_u,n,med_rsq,CI_95
0,30.0,14.0,17.0,150.0,0.972928238181,0.0265955665724
