,motion_thresh,age_l,age_u,n,med_rsq,CI_95,med_icc,CI_95_icc
0,50.0,14.0,17.0,180.0,0.978739247567,0.0227664912842,0.989418129466,0.0113786717539
