,motion_thresh,age_l,age_u,n,med_rsq,CI_95,med_icc,CI_95_icc
0,45.0,6.0,9.0,210.0,0.954441110326,0.0664106425461,0.977220290505,0.0298486089166
