,motion_thresh,age_l,age_u,n,med_rsq,CI_95,med_icc,CI_95_icc
0,30.0,15.0,18.0,300.0,0.972973891039,0.0242241948167,0.986461592954,0.0118629003173
