,motion_thresh,age_l,age_u,n,med_rsq,CI_95
0,22.0,11.0,14.0,70.0,0.957331606222,0.0360872511173
