,motion_thresh,age_l,age_u,n,med_rsq,CI_95
0,20.0,9.0,12.0,280.0,0.972250206988,0.0372927569585
