,motion_thresh,age_l,age_u,n,med_rsq,CI_95
0,6.0,11.0,14.0,180.0,0.967383134902,0.0100790682636
