,motion_thresh,age_l,age_u,n,med_rsq,CI_95
0,26.0,11.0,14.0,210.0,0.97939933672,0.0235188522323
