,motion_thresh,age_l,age_u,n,med_rsq,CI_95
0,8.0,12.0,15.0,290.0,0.972752393053,0.0182248769135
