,motion_thresh,age_l,age_u,n,med_rsq,CI_95
0,2.0,7.0,10.0,120.0,0.885388106762,0.0715684889368
