,motion_thresh,age_l,age_u,n,med_rsq,CI_95
0,14.0,7.0,10.0,10.0,0.724889237388,0.502832811359
