,motion_thresh,age_l,age_u,n,med_rsq,CI_95
0,48.0,14.0,17.0,160.0,0.974324310306,0.0202076951423
