,motion_thresh,age_l,age_u,n,med_rsq,CI_95
0,2.0,7.0,10.0,230.0,0.8817059004,0.149810503994
