,motion_thresh,age_l,age_u,n,med_rsq,CI_95
0,10.0,12.0,15.0,90.0,0.966037448849,0.0350909479678
