,motion_thresh,age_l,age_u,n,med_rsq,CI_95,med_icc,CI_95_icc
0,20.0,11.0,14.0,30.0,0.912023652856,0.117943345718,0.956302610707,0.052059589796
