,motion_thresh,age_l,age_u,n,med_rsq,CI_95
0,30.0,10.0,13.0,120.0,0.975090388476,0.039155302051
