,motion_thresh,age_l,age_u,n,med_rsq,CI_95
0,12.0,10.0,13.0,70.0,0.956189120117,0.0487340890012
