,motion_thresh,age_l,age_u,n,med_rsq,CI_95
0,46.0,14.0,17.0,220.0,0.97572326224,0.0414496888627
