,motion_thresh,age_l,age_u,n,med_rsq,CI_95
0,24.0,11.0,14.0,300.0,0.978613810927,0.0264924528759
