,motion_thresh,age_l,age_u,n,med_rsq,CI_95
0,14.0,8.0,11.0,300.0,0.964756778793,0.0315086902632
