,motion_thresh,age_l,age_u,n,med_rsq,CI_95
0,28.0,12.0,15.0,280.0,0.977472761718,0.017136591431
