,motion_thresh,age_l,age_u,n,med_rsq,CI_95
0,2.0,15.0,18.0,240.0,0.92218450291,0.0634376653474
