,motion_thresh,age_l,age_u,n,med_rsq,CI_95
0,12.0,6.0,9.0,150.0,0.932650487068,0.0640109168232
