,motion_thresh,age_l,age_u,n,med_rsq,CI_95
0,20.0,7.0,10.0,150.0,0.962505255031,0.0389115503719
