,motion_thresh,age_l,age_u,n,med_rsq,CI_95
0,4.0,9.0,12.0,220.0,0.941670019962,0.0482515485952
