,motion_thresh,age_l,age_u,n,med_rsq,CI_95
0,8.0,10.0,13.0,140.0,0.965035074142,0.0231964157426
