,motion_thresh,age_l,age_u,n,med_rsq,CI_95
0,42.0,15.0,18.0,120.0,0.968532609528,0.0503750572757
