,motion_thresh,age_l,age_u,n,med_rsq,CI_95
0,48.0,8.0,11.0,270.0,0.974908831184,0.0281144180628
