,motion_thresh,age_l,age_u,n,med_rsq,CI_95
0,34.0,10.0,13.0,10.0,0.710208905131,0.352693976197
