,motion_thresh,age_l,age_u,n,med_rsq,CI_95
0,46.0,12.0,15.0,180.0,0.981092266084,0.0186075829972
