,motion_thresh,age_l,age_u,n,med_rsq,CI_95
0,34.0,11.0,14.0,270.0,0.97874734805,0.0257535159812
