,motion_thresh,age_l,age_u,n,med_rsq,CI_95
0,34.0,10.0,13.0,20.0,0.851331497655,0.279914778818
