,motion_thresh,age_l,age_u,n,med_rsq,CI_95
0,16.0,13.0,16.0,70.0,0.956051158608,0.0508819411469
