,motion_thresh,age_l,age_u,n,med_rsq,CI_95,med_icc,CI_95_icc
0,30.0,11.0,14.0,300.0,0.982465502025,0.0251216385021,0.991383845995,0.0118719324787
