,motion_thresh,age_l,age_u,n,med_rsq,CI_95
0,46.0,15.0,18.0,70.0,0.956673278536,0.0892023958212
