,motion_thresh,age_l,age_u,n,med_rsq,CI_95
0,32.0,6.0,9.0,120.0,0.945004976616,0.045902874394
