,motion_thresh,age_l,age_u,n,med_rsq,CI_95
0,24.0,12.0,15.0,210.0,0.978157035219,0.0204904812913
