,motion_thresh,age_l,age_u,n,med_rsq,CI_95
0,6.0,13.0,16.0,10.0,0.754512495045,0.405239742025
