,motion_thresh,age_l,age_u,n,med_rsq,CI_95
0,6.0,13.0,16.0,120.0,0.969575335285,0.017402724891
