,motion_thresh,age_l,age_u,n,med_rsq,CI_95
0,28.0,10.0,13.0,260.0,0.963468861331,0.0667293771319
