,motion_thresh,age_l,age_u,n,med_rsq,CI_95
0,12.0,9.0,12.0,270.0,0.967453447799,0.0245966212716
