,motion_thresh,age_l,age_u,n,med_rsq,CI_95
0,44.0,9.0,12.0,80.0,0.961747174677,0.0377725630677
