,motion_thresh,age_l,age_u,n,med_rsq,CI_95
0,4.0,9.0,12.0,110.0,0.93501467137,0.0293251590984
