,motion_thresh,age_l,age_u,n,med_rsq,CI_95
0,50.0,6.0,9.0,230.0,0.953315835051,0.0406767434698
