,motion_thresh,age_l,age_u,n,med_rsq,CI_95
0,50.0,9.0,12.0,130.0,0.976551412816,0.0528051296642
