,motion_thresh,age_l,age_u,n,med_rsq,CI_95
0,12.0,14.0,17.0,180.0,0.965968468612,0.0413924688813
