,motion_thresh,age_l,age_u,n,med_rsq,CI_95
0,40.0,7.0,10.0,10.0,0.693371978897,0.574391205035
