,motion_thresh,age_l,age_u,n,med_rsq,CI_95,med_icc,CI_95_icc
0,30.0,10.0,13.0,150.0,0.980463767416,0.0173892444389,0.990243922556,0.00900827684433
