,motion_thresh,age_l,age_u,n,med_rsq,CI_95
0,26.0,10.0,13.0,260.0,0.976581832403,0.0345880398719
