,motion_thresh,age_l,age_u,n,med_rsq,CI_95
0,28.0,8.0,11.0,100.0,0.969515387681,0.0404617025711
