,motion_thresh,age_l,age_u,n,med_rsq,CI_95
0,2.0,6.0,9.0,10.0,0.676985496332,0.138643575448
