,motion_thresh,age_l,age_u,n,med_rsq,CI_95
0,12.0,6.0,9.0,280.0,0.9335061696,0.0684712115112
