,motion_thresh,age_l,age_u,n,med_rsq,CI_95
0,14.0,6.0,9.0,60.0,0.933417131655,0.0803268440256
