,motion_thresh,age_l,age_u,n,med_rsq,CI_95
0,14.0,10.0,13.0,20.0,0.852608776635,0.194235146039
