,motion_thresh,age_l,age_u,n,med_rsq,CI_95
0,22.0,8.0,11.0,70.0,0.956878006234,0.0401680058064
