,motion_thresh,age_l,age_u,n,med_rsq,CI_95
0,14.0,13.0,16.0,90.0,0.96642885438,0.0293125284195
