,motion_thresh,age_l,age_u,n,med_rsq,CI_95
0,30.0,9.0,12.0,50.0,0.939599661039,0.0720291991978
