,motion_thresh,age_l,age_u,n,med_rsq,CI_95
0,22.0,14.0,17.0,110.0,0.968643075972,0.0540638806694
