,motion_thresh,age_l,age_u,n,med_rsq,CI_95
0,12.0,9.0,12.0,90.0,0.967162397347,0.026234919116
