,motion_thresh,age_l,age_u,n,med_rsq,CI_95
0,48.0,12.0,15.0,280.0,0.980427879539,0.0226573045404
