,motion_thresh,age_l,age_u,n,med_rsq,CI_95
0,50.0,9.0,12.0,150.0,0.979985906657,0.0224494694535
