,motion_thresh,age_l,age_u,n,med_rsq,CI_95
0,28.0,11.0,14.0,210.0,0.978892556488,0.0269669983672
