,motion_thresh,age_l,age_u,n,med_rsq,CI_95
0,42.0,14.0,17.0,160.0,0.976157360759,0.021047694871
