,motion_thresh,age_l,age_u,n,med_rsq,CI_95
0,50.0,11.0,14.0,290.0,0.9801193997,0.0277542499374
