,motion_thresh,age_l,age_u,n,med_rsq,CI_95
0,26.0,15.0,18.0,140.0,0.963147387778,0.055745846496
