,motion_thresh,age_l,age_u,n,med_rsq,CI_95,med_icc,CI_95_icc
0,15.0,6.0,9.0,120.0,0.947047894502,0.0520211757723,0.973544216274,0.0244503003279
