,motion_thresh,age_l,age_u,n,med_rsq,CI_95
0,26.0,6.0,9.0,120.0,0.943833933993,0.0682130247581
