,motion_thresh,age_l,age_u,n,med_rsq,CI_95
0,38.0,14.0,17.0,170.0,0.972712417543,0.0392581369706
