,motion_thresh,age_l,age_u,n,med_rsq,CI_95
0,34.0,10.0,13.0,60.0,0.950622452245,0.0579119794546
