,motion_thresh,age_l,age_u,n,med_rsq,CI_95
0,48.0,8.0,11.0,30.0,0.899313908922,0.131200777054
