,motion_thresh,age_l,age_u,n,med_rsq,CI_95
0,32.0,10.0,13.0,150.0,0.978472847839,0.029201590522
