,motion_thresh,age_l,age_u,n,med_rsq,CI_95
0,24.0,6.0,9.0,110.0,0.947122969125,0.0654823345517
