,motion_thresh,age_l,age_u,n,med_rsq,CI_95
0,22.0,13.0,16.0,30.0,0.901964084679,0.119648854875
