,motion_thresh,age_l,age_u,n,med_rsq,CI_95
0,18.0,12.0,15.0,280.0,0.975657836251,0.0282454006319
