,motion_thresh,age_l,age_u,n,med_rsq,CI_95
0,40.0,15.0,18.0,260.0,0.967543434811,0.0336161780984
