,motion_thresh,age_l,age_u,n,med_rsq,CI_95
0,30.0,12.0,15.0,190.0,0.977007837924,0.0275729212478
