,motion_thresh,age_l,age_u,n,med_rsq,CI_95
0,4.0,12.0,15.0,250.0,0.946042597241,0.0554525779497
