,motion_thresh,age_l,age_u,n,med_rsq,CI_95
0,44.0,8.0,11.0,20.0,0.850410766154,0.181179227022
