,motion_thresh,age_l,age_u,n,med_rsq,CI_95
0,22.0,13.0,16.0,20.0,0.851910884513,0.228939459289
