,motion_thresh,age_l,age_u,n,med_rsq,CI_95
0,18.0,7.0,10.0,140.0,0.955258160567,0.0630986627587
