,motion_thresh,age_l,age_u,n,med_rsq,CI_95
0,22.0,7.0,10.0,210.0,0.960598523177,0.0543386778557
