,motion_thresh,age_l,age_u,n,med_rsq,CI_95
0,34.0,9.0,12.0,280.0,0.97755095962,0.0192695808134
