,motion_thresh,age_l,age_u,n,med_rsq,CI_95
0,24.0,15.0,18.0,70.0,0.954686459795,0.0777383820058
