,motion_thresh,age_l,age_u,n,med_rsq,CI_95
0,18.0,12.0,15.0,270.0,0.974557801953,0.037363513436
