,motion_thresh,age_l,age_u,n,med_rsq,CI_95
0,36.0,10.0,13.0,170.0,0.980786516001,0.0183056369151
