,motion_thresh,age_l,age_u,n,med_rsq,CI_95
0,32.0,12.0,15.0,220.0,0.977427355719,0.0290884744939
