,motion_thresh,age_l,age_u,n,med_rsq,CI_95
0,2.0,7.0,10.0,10.0,0.682859685625,0.669480212965
