,motion_thresh,age_l,age_u,n,med_rsq,CI_95
0,46.0,13.0,16.0,140.0,0.977654483366,0.0265166456554
