,motion_thresh,age_l,age_u,n,med_rsq,CI_95
0,42.0,7.0,10.0,280.0,0.965648851092,0.0509112875161
