,motion_thresh,age_l,age_u,n,med_rsq,CI_95
0,20.0,8.0,11.0,20.0,0.847782565212,0.137657673625
