,motion_thresh,age_l,age_u,n,med_rsq,CI_95
0,34.0,10.0,13.0,260.0,0.97477507428,0.0426142528131
