,motion_thresh,age_l,age_u,n,med_rsq,CI_95
0,50.0,9.0,12.0,90.0,0.96654858743,0.0375709286102
