,motion_thresh,age_l,age_u,n,med_rsq,CI_95
0,20.0,8.0,11.0,160.0,0.963635776414,0.0711174332834
