,motion_thresh,age_l,age_u,n,med_rsq,CI_95
0,40.0,9.0,12.0,180.0,0.97624856661,0.0309928069695
