,motion_thresh,age_l,age_u,n,med_rsq,CI_95
0,44.0,10.0,13.0,60.0,0.948072695242,0.0797451821667
