,motion_thresh,age_l,age_u,n,med_rsq,CI_95
0,8.0,6.0,9.0,210.0,0.918773278132,0.0575237820653
