,motion_thresh,age_l,age_u,n,med_rsq,CI_95
0,42.0,10.0,13.0,80.0,0.95950522477,0.0573428652031
