,motion_thresh,age_l,age_u,n,med_rsq,CI_95
0,10.0,12.0,15.0,30.0,0.907399012124,0.106254914728
