,motion_thresh,age_l,age_u,n,med_rsq,CI_95,med_icc,CI_95_icc
0,45.0,12.0,15.0,300.0,0.982284842466,0.0238167671985,0.99101008994,0.0116238287499
