,motion_thresh,age_l,age_u,n,med_rsq,CI_95
0,20.0,7.0,10.0,130.0,0.962882355817,0.0363472002843
