,motion_thresh,age_l,age_u,n,med_rsq,CI_95
0,26.0,13.0,16.0,280.0,0.975802177854,0.0187936094274
