,motion_thresh,age_l,age_u,n,med_rsq,CI_95
0,38.0,13.0,16.0,250.0,0.973031639709,0.0558534161799
