,motion_thresh,age_l,age_u,n,med_rsq,CI_95
0,46.0,11.0,14.0,50.0,0.936464704856,0.104126870851
