,motion_thresh,age_l,age_u,n,med_rsq,CI_95
0,20.0,11.0,14.0,300.0,0.97829209153,0.027311561336
