,motion_thresh,age_l,age_u,n,med_rsq,CI_95
0,38.0,10.0,13.0,80.0,0.962731888235,0.0506309904816
