,motion_thresh,age_l,age_u,n,med_rsq,CI_95
0,32.0,7.0,10.0,230.0,0.966345534837,0.0397373305637
