,motion_thresh,age_l,age_u,n,med_rsq,CI_95
0,46.0,11.0,14.0,280.0,0.981194991337,0.0169369282797
