,motion_thresh,age_l,age_u,n,med_rsq,CI_95
0,20.0,8.0,11.0,220.0,0.96265341607,0.0705169373295
