,motion_thresh,age_l,age_u,n,med_rsq,CI_95
0,8.0,9.0,12.0,90.0,0.955292383193,0.0487936704234
