,motion_thresh,age_l,age_u,n,med_rsq,CI_95
0,10.0,14.0,17.0,160.0,0.950804556082,0.0744867639372
