,motion_thresh,age_l,age_u,n,med_rsq,CI_95
0,10.0,9.0,12.0,230.0,0.963554950003,0.0246627362982
