,motion_thresh,age_l,age_u,n,med_rsq,CI_95
0,38.0,11.0,14.0,150.0,0.980045541967,0.0205425102796
