,motion_thresh,age_l,age_u,n,med_rsq,CI_95
0,30.0,14.0,17.0,260.0,0.973360504497,0.0318445275674
