,motion_thresh,age_l,age_u,n,med_rsq,CI_95
0,36.0,6.0,9.0,190.0,0.950101112035,0.060344850342
