,motion_thresh,age_l,age_u,n,med_rsq,CI_95
0,24.0,12.0,15.0,50.0,0.941641646484,0.102452970175
