,motion_thresh,age_l,age_u,n,med_rsq,CI_95
0,6.0,11.0,14.0,20.0,0.86973386369,0.188796019236
