,motion_thresh,age_l,age_u,n,med_rsq,CI_95
0,40.0,7.0,10.0,220.0,0.964680905568,0.0415771267975
