,motion_thresh,age_l,age_u,n,med_rsq,CI_95
0,34.0,12.0,15.0,190.0,0.979533513779,0.0241119832215
