,motion_thresh,age_l,age_u,n,med_rsq,CI_95
0,2.0,8.0,11.0,120.0,0.906967883351,0.0564109966499
