,motion_thresh,age_l,age_u,n,med_rsq,CI_95
0,22.0,15.0,18.0,110.0,0.964574648903,0.0426312284629
