,motion_thresh,age_l,age_u,n,med_rsq,CI_95,med_icc,CI_95_icc
0,45.0,6.0,9.0,120.0,0.9538831862,0.0596159755629,0.976802828164,0.0275110254049
