,motion_thresh,age_l,age_u,n,med_rsq,CI_95
0,38.0,11.0,14.0,120.0,0.974154849275,0.0379757956389
