,motion_thresh,age_l,age_u,n,med_rsq,CI_95
0,14.0,6.0,9.0,200.0,0.930015692399,0.0965360479902
