,motion_thresh,age_l,age_u,n,med_rsq,CI_95
0,48.0,7.0,10.0,130.0,0.968122639159,0.0570637724825
