,motion_thresh,age_l,age_u,n,med_rsq,CI_95,med_icc,CI_95_icc
0,25.0,11.0,14.0,210.0,0.981487463836,0.0251430744323,0.990720508802,0.0126747325968
