,motion_thresh,age_l,age_u,n,med_rsq,CI_95
0,12.0,11.0,14.0,90.0,0.968016506049,0.0467118074505
