,motion_thresh,age_l,age_u,n,med_rsq,CI_95
0,38.0,12.0,15.0,290.0,0.979176742202,0.021776166846
