,motion_thresh,age_l,age_u,n,med_rsq,CI_95
0,8.0,12.0,15.0,280.0,0.972111320607,0.0232036517565
