,motion_thresh,age_l,age_u,n,med_rsq,CI_95
0,32.0,14.0,17.0,20.0,0.855618299346,0.240962849925
