,motion_thresh,age_l,age_u,n,med_rsq,CI_95
0,12.0,12.0,15.0,280.0,0.97435647896,0.0189319398865
