,motion_thresh,age_l,age_u,n,med_rsq,CI_95
0,2.0,14.0,17.0,130.0,0.945524115791,0.0198886533365
