,motion_thresh,age_l,age_u,n,med_rsq,CI_95
0,38.0,15.0,18.0,20.0,0.851291152918,0.223215876041
