,motion_thresh,age_l,age_u,n,med_rsq,CI_95
0,12.0,13.0,16.0,250.0,0.962018255219,0.05510273816
