,motion_thresh,age_l,age_u,n,med_rsq,CI_95
0,40.0,12.0,15.0,130.0,0.97735753489,0.0321462855307
