,motion_thresh,age_l,age_u,n,med_rsq,CI_95
0,48.0,7.0,10.0,10.0,0.693879576388,0.42213761092
