,motion_thresh,age_l,age_u,n,med_rsq,CI_95
0,32.0,7.0,10.0,10.0,0.711075094719,0.463916204592
