,motion_thresh,age_l,age_u,n,med_rsq,CI_95
0,4.0,15.0,18.0,20.0,0.855081267522,0.0599793933842
