,motion_thresh,age_l,age_u,n,med_rsq,CI_95,med_icc,CI_95_icc
0,50.0,13.0,16.0,210.0,0.979278938128,0.021933632848,0.989640350397,0.0106796772418
