,motion_thresh,age_l,age_u,n,med_rsq,CI_95
0,32.0,6.0,9.0,30.0,0.8996447213,0.11816121803
