,motion_thresh,age_l,age_u,n,med_rsq,CI_95
0,6.0,10.0,13.0,30.0,0.90203503807,0.0887480025301
