,motion_thresh,age_l,age_u,n,med_rsq,CI_95
0,48.0,12.0,15.0,60.0,0.949030634769,0.0769540447874
