,motion_thresh,age_l,age_u,n,med_rsq,CI_95,med_icc,CI_95_icc
0,40.0,10.0,13.0,300.0,0.982652405032,0.0202956020883,0.991234055176,0.0103700893538
