,motion_thresh,age_l,age_u,n,med_rsq,CI_95
0,30.0,7.0,10.0,50.0,0.93613969105,0.0950877828069
