,motion_thresh,age_l,age_u,n,med_rsq,CI_95
0,38.0,10.0,13.0,160.0,0.980035756022,0.0271470496926
