,motion_thresh,age_l,age_u,n,med_rsq,CI_95
0,28.0,14.0,17.0,60.0,0.946075995431,0.0867829049738
