,motion_thresh,age_l,age_u,n,med_rsq,CI_95,med_icc,CI_95_icc
0,20.0,8.0,11.0,240.0,0.961563609502,0.063954580359,0.980971446125,0.0296801357938
