,motion_thresh,age_l,age_u,n,med_rsq,CI_95
0,18.0,9.0,12.0,220.0,0.969358655388,0.0415038139994
