,motion_thresh,age_l,age_u,n,med_rsq,CI_95
0,6.0,9.0,12.0,80.0,0.950232726385,0.0511741905014
