,motion_thresh,age_l,age_u,n,med_rsq,CI_95
0,44.0,15.0,18.0,120.0,0.968836007089,0.0329681630158
