,motion_thresh,age_l,age_u,n,med_rsq,CI_95,med_icc,CI_95_icc
0,5.0,11.0,14.0,210.0,0.971011805425,0.0209064706692,0.985704471259,0.00979745593438
