,motion_thresh,age_l,age_u,n,med_rsq,CI_95
0,4.0,7.0,10.0,10.0,0.728139111145,0.246104885717
