,motion_thresh,age_l,age_u,n,med_rsq,CI_95
0,32.0,6.0,9.0,110.0,0.945753330918,0.0527433351205
