,motion_thresh,age_l,age_u,n,med_rsq,CI_95
0,14.0,10.0,13.0,70.0,0.959006704326,0.0581833130912
