,motion_thresh,age_l,age_u,n,med_rsq,CI_95
0,8.0,13.0,16.0,70.0,0.955682988552,0.0426241476268
