,motion_thresh,age_l,age_u,n,med_rsq,CI_95
0,6.0,8.0,11.0,150.0,0.943729143998,0.0212019917241
