,motion_thresh,age_l,age_u,n,med_rsq,CI_95
0,38.0,15.0,18.0,270.0,0.968705413153,0.0313983283791
