,motion_thresh,age_l,age_u,n,med_rsq,CI_95
0,8.0,10.0,13.0,200.0,0.965371948071,0.0246997276213
