,motion_thresh,age_l,age_u,n,med_rsq,CI_95
0,36.0,11.0,14.0,200.0,0.981121758346,0.019350135869
