,motion_thresh,age_l,age_u,n,med_rsq,CI_95
0,14.0,13.0,16.0,160.0,0.975446909026,0.0169629965464
