,motion_thresh,age_l,age_u,n,med_rsq,CI_95
0,46.0,14.0,17.0,210.0,0.974703622535,0.0301605297774
