,motion_thresh,age_l,age_u,n,med_rsq,CI_95,med_icc,CI_95_icc
0,35.0,6.0,9.0,90.0,0.957501879423,0.0676854424255,0.979355128333,0.0315148230329
