,motion_thresh,age_l,age_u,n,med_rsq,CI_95
0,12.0,12.0,15.0,120.0,0.974700431784,0.0209598528889
