,motion_thresh,age_l,age_u,n,med_rsq,CI_95
0,2.0,12.0,15.0,50.0,0.941014505085,0.029574549123
