,motion_thresh,age_l,age_u,n,med_rsq,CI_95
0,20.0,7.0,10.0,20.0,0.852762770843,0.216940960367
