,motion_thresh,age_l,age_u,n,med_rsq,CI_95
0,16.0,13.0,16.0,110.0,0.971952399675,0.0327508620117
