,motion_thresh,age_l,age_u,n,med_rsq,CI_95
0,4.0,10.0,13.0,80.0,0.955491027127,0.029844901418
