,motion_thresh,age_l,age_u,n,med_rsq,CI_95
0,4.0,11.0,14.0,70.0,0.958674341849,0.0318283047794
