,motion_thresh,age_l,age_u,n,med_rsq,CI_95,med_icc,CI_95_icc
0,35.0,10.0,13.0,60.0,0.954917875977,0.0858050228602,0.977806086784,0.038442422317
