,motion_thresh,age_l,age_u,n,med_rsq,CI_95
0,14.0,6.0,9.0,90.0,0.934436409371,0.101837256371
