,motion_thresh,age_l,age_u,n,med_rsq,CI_95
0,30.0,13.0,16.0,70.0,0.957249907103,0.057635696519
