,motion_thresh,age_l,age_u,n,med_rsq,CI_95
0,6.0,9.0,12.0,210.0,0.950804435225,0.0389725765207
