,motion_thresh,age_l,age_u,n,med_rsq,CI_95
0,16.0,10.0,13.0,100.0,0.970239119615,0.029458614468
