,motion_thresh,age_l,age_u,n,med_rsq,CI_95
0,6.0,8.0,11.0,40.0,0.907954566169,0.0539569837803
