,motion_thresh,age_l,age_u,n,med_rsq,CI_95
0,26.0,14.0,17.0,250.0,0.974674379949,0.0290169473164
