,motion_thresh,age_l,age_u,n,med_rsq,CI_95
0,20.0,7.0,10.0,70.0,0.953430602999,0.0780919133216
