,motion_thresh,age_l,age_u,n,med_rsq,CI_95
0,40.0,14.0,17.0,140.0,0.972338996694,0.0339282228616
