,motion_thresh,age_l,age_u,n,med_rsq,CI_95
0,40.0,14.0,17.0,190.0,0.97230938563,0.0401646144945
