,motion_thresh,age_l,age_u,n,med_rsq,CI_95
0,2.0,14.0,17.0,50.0,0.929936647306,0.114206387868
