,motion_thresh,age_l,age_u,n,med_rsq,CI_95
0,38.0,12.0,15.0,60.0,0.951792645725,0.0574842782913
