,motion_thresh,age_l,age_u,n,med_rsq,CI_95,med_icc,CI_95_icc
0,30.0,9.0,12.0,150.0,0.978811599123,0.0186562952312,0.98934274262,0.00940222406099
