,motion_thresh,age_l,age_u,n,med_rsq,CI_95
0,18.0,14.0,17.0,170.0,0.966991013048,0.0485580177635
