,motion_thresh,age_l,age_u,n,med_rsq,CI_95
0,42.0,7.0,10.0,220.0,0.9676982213,0.0427579090921
