,motion_thresh,age_l,age_u,n,med_rsq,CI_95,med_icc,CI_95_icc
0,15.0,15.0,18.0,120.0,0.964552394374,0.0469663538347,0.982097228567,0.0224409755039
