,motion_thresh,age_l,age_u,n,med_rsq,CI_95
0,2.0,12.0,15.0,90.0,0.949277998492,0.0320229705848
