,motion_thresh,age_l,age_u,n,med_rsq,CI_95
0,28.0,6.0,9.0,170.0,0.945693160625,0.0564267025951
