,motion_thresh,age_l,age_u,n,med_rsq,CI_95
0,48.0,9.0,12.0,120.0,0.972846317348,0.0567314704931
