,motion_thresh,age_l,age_u,n,med_rsq,CI_95
0,6.0,8.0,11.0,20.0,0.843609330283,0.138458570659
