,motion_thresh,age_l,age_u,n,med_rsq,CI_95
0,28.0,11.0,14.0,160.0,0.979044219693,0.0225978087456
