,motion_thresh,age_l,age_u,n,med_rsq,CI_95
0,20.0,6.0,9.0,100.0,0.941263551766,0.0658972343474
