,motion_thresh,age_l,age_u,n,med_rsq,CI_95,med_icc,CI_95_icc
0,15.0,6.0,9.0,180.0,0.946646934414,0.0450049940946,0.972876431974,0.0205866541694
