,motion_thresh,age_l,age_u,n,med_rsq,CI_95
0,44.0,10.0,13.0,70.0,0.957121081843,0.0523595561677
