,motion_thresh,age_l,age_u,n,med_rsq,CI_95
0,34.0,7.0,10.0,200.0,0.966533646172,0.0340533561128
