,motion_thresh,age_l,age_u,n,med_rsq,CI_95
0,26.0,9.0,12.0,50.0,0.936680411862,0.0721246418324
