,motion_thresh,age_l,age_u,n,med_rsq,CI_95,med_icc,CI_95_icc
0,15.0,6.0,9.0,150.0,0.945863281514,0.053800457496,0.972680035238,0.024920815078
