,motion_thresh,age_l,age_u,n,med_rsq,CI_95
0,2.0,14.0,17.0,170.0,0.945205034104,0.055924302849
