,motion_thresh,age_l,age_u,n,med_rsq,CI_95
0,44.0,13.0,16.0,50.0,0.940323255772,0.0682254158735
