,motion_thresh,age_l,age_u,n,med_rsq,CI_95,med_icc,CI_95_icc
0,20.0,11.0,14.0,120.0,0.978427937196,0.0223446296534,0.989211233394,0.0105930349964
