,motion_thresh,age_l,age_u,n,med_rsq,CI_95,med_icc,CI_95_icc
0,15.0,15.0,18.0,30.0,0.914162013984,0.165860369865,0.956219431257,0.0760554594071
