,motion_thresh,age_l,age_u,n,med_rsq,CI_95
0,2.0,7.0,10.0,130.0,0.887827176852,0.0484152634321
