,motion_thresh,age_l,age_u,n,med_rsq,CI_95
0,16.0,11.0,14.0,150.0,0.976970520597,0.017775685857
