,motion_thresh,age_l,age_u,n,med_rsq,CI_95
0,4.0,8.0,11.0,160.0,0.940836394535,0.0622004553681
