,motion_thresh,age_l,age_u,n,med_rsq,CI_95
0,32.0,12.0,15.0,10.0,0.709664823513,0.406731582061
