,motion_thresh,age_l,age_u,n,med_rsq,CI_95
0,34.0,11.0,14.0,220.0,0.979909487146,0.029441230339
