,motion_thresh,age_l,age_u,n,med_rsq,CI_95
0,16.0,6.0,9.0,60.0,0.939896357028,0.0555863864623
