,motion_thresh,age_l,age_u,n,med_rsq,CI_95
0,12.0,8.0,11.0,230.0,0.957416814925,0.053703799981
