,motion_thresh,age_l,age_u,n,med_rsq,CI_95
0,34.0,8.0,11.0,140.0,0.97256314209,0.0261655096305
