,motion_thresh,age_l,age_u,n,med_rsq,CI_95
0,42.0,12.0,15.0,260.0,0.980637380518,0.0248958989778
