,motion_thresh,age_l,age_u,n,med_rsq,CI_95
0,6.0,12.0,15.0,50.0,0.936951482208,0.0549841804667
