,motion_thresh,age_l,age_u,n,med_rsq,CI_95
0,36.0,10.0,13.0,150.0,0.980337868047,0.0247345633576
