,motion_thresh,age_l,age_u,n,med_rsq,CI_95
0,48.0,15.0,18.0,40.0,0.922503570747,0.116638637256
