,motion_thresh,age_l,age_u,n,med_rsq,CI_95
0,36.0,10.0,13.0,280.0,0.980459224986,0.0239680243718
