,motion_thresh,age_l,age_u,n,med_rsq,CI_95
0,24.0,9.0,12.0,240.0,0.974219993316,0.0218705504785
