,motion_thresh,age_l,age_u,n,med_rsq,CI_95
0,14.0,12.0,15.0,180.0,0.976567720217,0.0187604156481
