,motion_thresh,age_l,age_u,n,med_rsq,CI_95
0,46.0,7.0,10.0,300.0,0.965263194748,0.0367851671879
