,motion_thresh,age_l,age_u,n,med_rsq,CI_95
0,20.0,7.0,10.0,40.0,0.921195865472,0.0854079732819
