,motion_thresh,age_l,age_u,n,med_rsq,CI_95
0,30.0,14.0,17.0,250.0,0.972604236118,0.0254666488516
