,motion_thresh,age_l,age_u,n,med_rsq,CI_95
0,6.0,10.0,13.0,230.0,0.957351193543,0.0194267157255
