,motion_thresh,age_l,age_u,n,med_rsq,CI_95
0,10.0,9.0,12.0,220.0,0.963999940881,0.0383386604502
