,motion_thresh,age_l,age_u,n,med_rsq,CI_95
0,26.0,12.0,15.0,260.0,0.977326092823,0.0168943322206
