,motion_thresh,age_l,age_u,n,med_rsq,CI_95
0,46.0,7.0,10.0,280.0,0.965691364857,0.0359252289011
