,motion_thresh,age_l,age_u,n,med_rsq,CI_95
0,18.0,13.0,16.0,230.0,0.973452531475,0.0347587704309
