,motion_thresh,age_l,age_u,n,med_rsq,CI_95
0,48.0,11.0,14.0,260.0,0.982429065297,0.0169504325871
