,motion_thresh,age_l,age_u,n,med_rsq,CI_95
0,24.0,8.0,11.0,90.0,0.965372506964,0.0492253632401
