,motion_thresh,age_l,age_u,n,med_rsq,CI_95
0,6.0,7.0,10.0,190.0,0.930031768216,0.0589010389991
