,motion_thresh,age_l,age_u,n,med_rsq,CI_95
0,20.0,7.0,10.0,120.0,0.96299849588,0.0327152847375
