,motion_thresh,age_l,age_u,n,med_rsq,CI_95
0,8.0,6.0,9.0,110.0,0.916646228713,0.0514243416416
