,motion_thresh,age_l,age_u,n,med_rsq,CI_95,med_icc,CI_95_icc
0,25.0,14.0,17.0,30.0,0.914341568736,0.170001183945,0.957812374898,0.0783032960981
