,motion_thresh,age_l,age_u,n,med_rsq,CI_95
0,34.0,9.0,12.0,260.0,0.975818118746,0.0245950193575
