,motion_thresh,age_l,age_u,n,med_rsq,CI_95
0,24.0,12.0,15.0,10.0,0.724484123612,0.371409964628
