,motion_thresh,age_l,age_u,n,med_rsq,CI_95
0,42.0,11.0,14.0,120.0,0.974953033536,0.0277825732234
