,motion_thresh,age_l,age_u,n,med_rsq,CI_95,med_icc,CI_95_icc
0,20.0,6.0,9.0,210.0,0.945976312901,0.0550803947964,0.9732649532,0.0276287313546
