,motion_thresh,age_l,age_u,n,med_rsq,CI_95
0,38.0,11.0,14.0,70.0,0.956893083269,0.0720084021956
