,motion_thresh,age_l,age_u,n,med_rsq,CI_95
0,32.0,6.0,9.0,190.0,0.945683573742,0.0660271836024
