,motion_thresh,age_l,age_u,n,med_rsq,CI_95
0,46.0,6.0,9.0,240.0,0.950197016572,0.0567967834321
