,motion_thresh,age_l,age_u,n,med_rsq,CI_95
0,26.0,12.0,15.0,120.0,0.974333575647,0.0365776344068
