,motion_thresh,age_l,age_u,n,med_rsq,CI_95
0,12.0,12.0,15.0,20.0,0.852965560784,0.157361576441
