,motion_thresh,age_l,age_u,n,med_rsq,CI_95
0,38.0,11.0,14.0,250.0,0.980161985182,0.0242441062115
