,motion_thresh,age_l,age_u,n,med_rsq,CI_95
0,14.0,8.0,11.0,280.0,0.962848320345,0.0326436317895
