,motion_thresh,age_l,age_u,n,med_rsq,CI_95
0,22.0,10.0,13.0,240.0,0.974693525523,0.033787596616
