,motion_thresh,age_l,age_u,n,med_rsq,CI_95,med_icc,CI_95_icc
0,45.0,10.0,13.0,150.0,0.975668571753,0.04120522425,0.987718881691,0.0212761719283
