,motion_thresh,age_l,age_u,n,med_rsq,CI_95
0,2.0,11.0,14.0,260.0,0.94501333022,0.0335676934186
