,motion_thresh,age_l,age_u,n,med_rsq,CI_95,med_icc,CI_95_icc
0,50.0,9.0,12.0,60.0,0.954131033263,0.0691287757278,0.976815592103,0.0341595469575
