,motion_thresh,age_l,age_u,n,med_rsq,CI_95
0,34.0,6.0,9.0,280.0,0.951245718942,0.0466288446415
