,motion_thresh,age_l,age_u,n,med_rsq,CI_95
0,20.0,11.0,14.0,120.0,0.976041636149,0.0304359697194
