,motion_thresh,age_l,age_u,n,med_rsq,CI_95
0,14.0,11.0,14.0,150.0,0.975638743654,0.0173528858703
