,motion_thresh,age_l,age_u,n,med_rsq,CI_95
0,16.0,9.0,12.0,80.0,0.960775126631,0.0515735889434
