,motion_thresh,age_l,age_u,n,med_rsq,CI_95
0,32.0,7.0,10.0,60.0,0.947976428688,0.0907761509198
