,motion_thresh,age_l,age_u,n,med_rsq,CI_95
0,16.0,12.0,15.0,160.0,0.978459426734,0.0136485368945
