,motion_thresh,age_l,age_u,n,med_rsq,CI_95
0,6.0,13.0,16.0,240.0,0.968607490374,0.0281243477378
