,motion_thresh,age_l,age_u,n,med_rsq,CI_95
0,20.0,9.0,12.0,260.0,0.973050959076,0.0320839661894
