,motion_thresh,age_l,age_u,n,med_rsq,CI_95
0,16.0,7.0,10.0,70.0,0.949974475627,0.0714055621172
