,motion_thresh,age_l,age_u,n,med_rsq,CI_95
0,34.0,6.0,9.0,160.0,0.949892288748,0.0632356500713
