,motion_thresh,age_l,age_u,n,med_rsq,CI_95
0,14.0,10.0,13.0,240.0,0.973271865148,0.0202794126838
