,motion_thresh,age_l,age_u,n,med_rsq,CI_95
0,26.0,8.0,11.0,170.0,0.971230442551,0.0346362390457
