,motion_thresh,age_l,age_u,n,med_rsq,CI_95,med_icc,CI_95_icc
0,50.0,15.0,18.0,60.0,0.954458616422,0.0736536019185,0.977535258253,0.0345160776049
