,motion_thresh,age_l,age_u,n,med_rsq,CI_95
0,6.0,11.0,14.0,90.0,0.968779965438,0.0183191963761
