,motion_thresh,age_l,age_u,n,med_rsq,CI_95
0,36.0,11.0,14.0,140.0,0.979319798144,0.0217992153088
