,motion_thresh,age_l,age_u,n,med_rsq,CI_95
0,16.0,6.0,9.0,90.0,0.941112225372,0.0886982583056
