,motion_thresh,age_l,age_u,n,med_rsq,CI_95
0,32.0,8.0,11.0,80.0,0.961403953638,0.0419736531829
