,motion_thresh,age_l,age_u,n,med_rsq,CI_95
0,2.0,13.0,16.0,270.0,0.93388962034,0.0610239173821
