,motion_thresh,age_l,age_u,n,med_rsq,CI_95
0,10.0,12.0,15.0,60.0,0.94910243113,0.0647024388206
