,motion_thresh,age_l,age_u,n,med_rsq,CI_95
0,50.0,11.0,14.0,20.0,0.859659182656,0.199354505666
