,motion_thresh,age_l,age_u,n,med_rsq,CI_95
0,30.0,13.0,16.0,130.0,0.975498086715,0.0254297106231
