,motion_thresh,age_l,age_u,n,med_rsq,CI_95
0,48.0,7.0,10.0,80.0,0.960150953622,0.0545957776207
