,motion_thresh,age_l,age_u,n,med_rsq,CI_95
0,4.0,6.0,9.0,190.0,0.90253685927,0.0573031303111
