,motion_thresh,age_l,age_u,n,med_rsq,CI_95
0,26.0,6.0,9.0,280.0,0.945254395131,0.112133918233
