,motion_thresh,age_l,age_u,n,med_rsq,CI_95
0,20.0,9.0,12.0,130.0,0.973222143592,0.0272808340996
