,motion_thresh,age_l,age_u,n,med_rsq,CI_95
0,18.0,11.0,14.0,140.0,0.978114257434,0.0182231868547
