,motion_thresh,age_l,age_u,n,med_rsq,CI_95
0,50.0,15.0,18.0,120.0,0.968249405152,0.0411120706629
