,motion_thresh,age_l,age_u,n,med_rsq,CI_95
0,28.0,9.0,12.0,80.0,0.960785658067,0.0637489014195
