,motion_thresh,age_l,age_u,n,med_rsq,CI_95
0,34.0,9.0,12.0,80.0,0.961857798338,0.0633875448484
