,motion_thresh,age_l,age_u,n,med_rsq,CI_95
0,18.0,9.0,12.0,130.0,0.969521725273,0.0286342587738
