,motion_thresh,age_l,age_u,n,med_rsq,CI_95
0,16.0,8.0,11.0,60.0,0.944694197455,0.0645920311554
