,motion_thresh,age_l,age_u,n,med_rsq,CI_95
0,26.0,11.0,14.0,140.0,0.979023821983,0.0214367154704
