,motion_thresh,age_l,age_u,n,med_rsq,CI_95
0,36.0,12.0,15.0,10.0,0.71529063534,0.278785782057
