,motion_thresh,age_l,age_u,n,med_rsq,CI_95
0,2.0,11.0,14.0,90.0,0.939358925749,0.0219006803932
