,motion_thresh,age_l,age_u,n,med_rsq,CI_95
0,22.0,10.0,13.0,130.0,0.975572306708,0.0422448354081
