,motion_thresh,age_l,age_u,n,med_rsq,CI_95
0,24.0,15.0,18.0,150.0,0.964164635295,0.0703269201129
