,motion_thresh,age_l,age_u,n,med_rsq,CI_95
0,16.0,14.0,17.0,40.0,0.92106307585,0.0935889673782
