,motion_thresh,age_l,age_u,n,med_rsq,CI_95
0,18.0,8.0,11.0,220.0,0.967290498015,0.0367092451923
