,motion_thresh,age_l,age_u,n,med_rsq,CI_95
0,22.0,9.0,12.0,230.0,0.968354301163,0.0532095251867
