,motion_thresh,age_l,age_u,n,med_rsq,CI_95
0,14.0,14.0,17.0,70.0,0.955937917991,0.0435348823804
