,motion_thresh,age_l,age_u,n,med_rsq,CI_95
0,10.0,9.0,12.0,300.0,0.964281575925,0.0264138362816
