,motion_thresh,age_l,age_u,n,med_rsq,CI_95
0,20.0,9.0,12.0,300.0,0.970968839833,0.0278274628125
