,motion_thresh,age_l,age_u,n,med_rsq,CI_95
0,16.0,11.0,14.0,50.0,0.941768127231,0.0633646166549
