,motion_thresh,age_l,age_u,n,med_rsq,CI_95,med_icc,CI_95_icc
0,25.0,13.0,16.0,210.0,0.979596542382,0.0276494352074,0.989751248838,0.0132814073716
