,motion_thresh,age_l,age_u,n,med_rsq,CI_95
0,16.0,12.0,15.0,170.0,0.977197646989,0.0271623645178
