,motion_thresh,age_l,age_u,n,med_rsq,CI_95
0,34.0,12.0,15.0,110.0,0.970939674395,0.0270963973007
