,motion_thresh,age_l,age_u,n,med_rsq,CI_95
0,18.0,15.0,18.0,210.0,0.955980320831,0.0753232853582
