,motion_thresh,age_l,age_u,n,med_rsq,CI_95
0,46.0,12.0,15.0,270.0,0.979484394466,0.0264196169251
