,motion_thresh,age_l,age_u,n,med_rsq,CI_95
0,4.0,7.0,10.0,140.0,0.920482643484,0.0548986687918
