,motion_thresh,age_l,age_u,n,med_rsq,CI_95
0,8.0,7.0,10.0,70.0,0.943736776171,0.0495868050283
