,motion_thresh,age_l,age_u,n,med_rsq,CI_95
0,28.0,14.0,17.0,160.0,0.971115628215,0.0345952807354
