,motion_thresh,age_l,age_u,n,med_rsq,CI_95
0,2.0,15.0,18.0,290.0,0.921966173165,0.0361292990247
