,motion_thresh,age_l,age_u,n,med_rsq,CI_95
0,26.0,6.0,9.0,170.0,0.945630011031,0.095787019073
