,motion_thresh,age_l,age_u,n,med_rsq,CI_95
0,40.0,15.0,18.0,130.0,0.965619969644,0.0373021465903
