,motion_thresh,age_l,age_u,n,med_rsq,CI_95
0,40.0,15.0,18.0,60.0,0.950963681521,0.0740822758737
