,motion_thresh,age_l,age_u,n,med_rsq,CI_95
0,28.0,12.0,15.0,150.0,0.977228556424,0.0307258796334
