,motion_thresh,age_l,age_u,n,med_rsq,CI_95
0,38.0,12.0,15.0,30.0,0.900557565824,0.140244534102
