,motion_thresh,age_l,age_u,n,med_rsq,CI_95
0,20.0,10.0,13.0,110.0,0.973954248192,0.0271734594572
