,motion_thresh,age_l,age_u,n,med_rsq,CI_95
0,32.0,12.0,15.0,70.0,0.956892012468,0.0621944627071
