,motion_thresh,age_l,age_u,n,med_rsq,CI_95
0,26.0,12.0,15.0,200.0,0.978698738577,0.0184948837212
