,motion_thresh,age_l,age_u,n,med_rsq,CI_95
0,46.0,11.0,14.0,270.0,0.98065838787,0.028600103143
