,motion_thresh,age_l,age_u,n,med_rsq,CI_95
0,20.0,11.0,14.0,20.0,0.850566537185,0.181957303641
