,motion_thresh,age_l,age_u,n,med_rsq,CI_95
0,4.0,10.0,13.0,60.0,0.948825979216,0.0224997839208
