,motion_thresh,age_l,age_u,n,med_rsq,CI_95
0,48.0,11.0,14.0,120.0,0.971711210117,0.0439117281762
