,motion_thresh,age_l,age_u,n,med_rsq,CI_95
0,32.0,10.0,13.0,250.0,0.978212037697,0.0298963051305
