,motion_thresh,age_l,age_u,n,med_rsq,CI_95
0,6.0,6.0,9.0,150.0,0.897368174274,0.0404633967809
