,motion_thresh,age_l,age_u,n,med_rsq,CI_95
0,40.0,8.0,11.0,170.0,0.971665333495,0.0413029702249
