,motion_thresh,age_l,age_u,n,med_rsq,CI_95,med_icc,CI_95_icc
0,40.0,7.0,10.0,60.0,0.956490971664,0.087337359065,0.978456094084,0.0421658654208
