,motion_thresh,age_l,age_u,n,med_rsq,CI_95
0,22.0,9.0,12.0,30.0,0.900587954271,0.124269760147
