,motion_thresh,age_l,age_u,n,med_rsq,CI_95
0,2.0,15.0,18.0,170.0,0.927503846934,0.0526802475613
