,motion_thresh,age_l,age_u,n,med_rsq,CI_95
0,30.0,8.0,11.0,150.0,0.972439057637,0.0251231435068
