,motion_thresh,age_l,age_u,n,med_rsq,CI_95
0,36.0,13.0,16.0,210.0,0.977061428442,0.0275325309518
