,motion_thresh,age_l,age_u,n,med_rsq,CI_95,med_icc,CI_95_icc
0,35.0,15.0,18.0,30.0,0.912645607594,0.122398869228,0.955906069913,0.062791538177
