,motion_thresh,age_l,age_u,n,med_rsq,CI_95
0,26.0,7.0,10.0,190.0,0.929431437653,0.150743022571
