,motion_thresh,age_l,age_u,n,med_rsq,CI_95
0,18.0,6.0,9.0,90.0,0.942707469972,0.0844758218843
