,motion_thresh,age_l,age_u,n,med_rsq,CI_95
0,14.0,6.0,9.0,300.0,0.931400834784,0.0950437146891
