,motion_thresh,age_l,age_u,n,med_rsq,CI_95
0,22.0,6.0,9.0,280.0,0.943125912595,0.0409364311005
