,motion_thresh,age_l,age_u,n,med_rsq,CI_95
0,48.0,9.0,12.0,80.0,0.95943938762,0.0612490334302
