,motion_thresh,age_l,age_u,n,med_rsq,CI_95
0,22.0,11.0,14.0,240.0,0.978069618413,0.0279300848606
