,motion_thresh,age_l,age_u,n,med_rsq,CI_95,med_icc,CI_95_icc
0,50.0,7.0,10.0,180.0,0.972459468949,0.0414629613311,0.98632335649,0.0214756975819
