,motion_thresh,age_l,age_u,n,med_rsq,CI_95,med_icc,CI_95_icc
0,20.0,7.0,10.0,270.0,0.968151954643,0.0306161661753,0.983988095603,0.0152463236702
