,motion_thresh,age_l,age_u,n,med_rsq,CI_95
0,8.0,6.0,9.0,300.0,0.91754484045,0.0441684944246
