,motion_thresh,age_l,age_u,n,med_rsq,CI_95
0,4.0,9.0,12.0,100.0,0.940529620332,0.0255867475811
