,motion_thresh,age_l,age_u,n,med_rsq,CI_95
0,4.0,14.0,17.0,80.0,0.949577083471,0.0275032848169
