,motion_thresh,age_l,age_u,n,med_rsq,CI_95
0,24.0,13.0,16.0,220.0,0.975426915708,0.0255134360319
