,motion_thresh,age_l,age_u,n,med_rsq,CI_95
0,46.0,14.0,17.0,70.0,0.956998970872,0.0754999723906
