,motion_thresh,age_l,age_u,n,med_rsq,CI_95
0,26.0,15.0,18.0,280.0,0.966660580031,0.0464421768665
