,motion_thresh,age_l,age_u,n,med_rsq,CI_95
0,28.0,12.0,15.0,200.0,0.977688336869,0.0249153205728
