,motion_thresh,age_l,age_u,n,med_rsq,CI_95
0,8.0,10.0,13.0,210.0,0.96459594665,0.025002249153
