,motion_thresh,age_l,age_u,n,med_rsq,CI_95
0,36.0,11.0,14.0,60.0,0.948251126486,0.087334556832
