,motion_thresh,age_l,age_u,n,med_rsq,CI_95
0,38.0,12.0,15.0,240.0,0.980031135596,0.0252972680409
