,motion_thresh,age_l,age_u,n,med_rsq,CI_95
0,44.0,10.0,13.0,170.0,0.979659146634,0.0319794316208
