,motion_thresh,age_l,age_u,n,med_rsq,CI_95,med_icc,CI_95_icc
0,5.0,15.0,18.0,120.0,0.954878540331,0.0409378051731,0.977495540427,0.0208102098167
