,motion_thresh,age_l,age_u,n,med_rsq,CI_95
0,6.0,14.0,17.0,270.0,0.964038263517,0.0238219814947
