,motion_thresh,age_l,age_u,n,med_rsq,CI_95
0,44.0,9.0,12.0,220.0,0.976473934923,0.0252894350209
