,motion_thresh,age_l,age_u,n,med_rsq,CI_95
0,2.0,14.0,17.0,230.0,0.948601867541,0.0394961046312
