,motion_thresh,age_l,age_u,n,med_rsq,CI_95
0,2.0,15.0,18.0,30.0,0.901868895817,0.138260423958
