,motion_thresh,age_l,age_u,n,med_rsq,CI_95
0,6.0,15.0,18.0,140.0,0.948202055072,0.0556372189015
