,motion_thresh,age_l,age_u,n,med_rsq,CI_95
0,50.0,15.0,18.0,300.0,0.970773885941,0.0323020291743
