,motion_thresh,age_l,age_u,n,med_rsq,CI_95
0,4.0,13.0,16.0,200.0,0.963685470823,0.0151584343177
