,motion_thresh,age_l,age_u,n,med_rsq,CI_95
0,16.0,7.0,10.0,270.0,0.949416842107,0.0740494779628
