,motion_thresh,age_l,age_u,n,med_rsq,CI_95
0,22.0,12.0,15.0,230.0,0.977047811719,0.0265338334084
