,motion_thresh,age_l,age_u,n,med_rsq,CI_95
0,34.0,12.0,15.0,260.0,0.980798226804,0.0216826078045
