,motion_thresh,age_l,age_u,n,med_rsq,CI_95
0,8.0,14.0,17.0,290.0,0.958729311801,0.0536941094186
