,motion_thresh,age_l,age_u,n,med_rsq,CI_95
0,40.0,8.0,11.0,30.0,0.899013654745,0.137868053845
