,motion_thresh,age_l,age_u,n,med_rsq,CI_95
0,10.0,10.0,13.0,150.0,0.969479741509,0.0222082752932
