,motion_thresh,age_l,age_u,n,med_rsq,CI_95
0,26.0,7.0,10.0,220.0,0.930349002853,0.123702763383
