,motion_thresh,age_l,age_u,n,med_rsq,CI_95
0,26.0,10.0,13.0,230.0,0.976452971314,0.02420492684
