,motion_thresh,age_l,age_u,n,med_rsq,CI_95
0,16.0,7.0,10.0,110.0,0.942055013216,0.0666395258298
