,motion_thresh,age_l,age_u,n,med_rsq,CI_95,med_icc,CI_95_icc
0,30.0,7.0,10.0,120.0,0.969456158181,0.0329878600032,0.985132188684,0.0152459891368
