,motion_thresh,age_l,age_u,n,med_rsq,CI_95
0,44.0,11.0,14.0,290.0,0.981120188816,0.0227066864558
