,motion_thresh,age_l,age_u,n,med_rsq,CI_95
0,40.0,9.0,12.0,60.0,0.947855588022,0.0683010928502
