,motion_thresh,age_l,age_u,n,med_rsq,CI_95
0,50.0,10.0,13.0,220.0,0.975161886482,0.0406742267584
