,motion_thresh,age_l,age_u,n,med_rsq,CI_95,med_icc,CI_95_icc
0,25.0,7.0,10.0,240.0,0.935594121534,0.120080395814,0.969037365163,0.0545449187293
