,motion_thresh,age_l,age_u,n,med_rsq,CI_95
0,28.0,13.0,16.0,180.0,0.977189267358,0.0250396449904
