,motion_thresh,age_l,age_u,n,med_rsq,CI_95
0,46.0,8.0,11.0,70.0,0.954506772251,0.0622808017296
