,motion_thresh,age_l,age_u,n,med_rsq,CI_95
0,30.0,12.0,15.0,170.0,0.978541154672,0.0301156015175
