,motion_thresh,age_l,age_u,n,med_rsq,CI_95,med_icc,CI_95_icc
0,15.0,11.0,14.0,210.0,0.980352050691,0.0141281894055,0.990243768575,0.00694597865944
