,motion_thresh,age_l,age_u,n,med_rsq,CI_95
0,40.0,12.0,15.0,240.0,0.978667908955,0.0302275008346
