,motion_thresh,age_l,age_u,n,med_rsq,CI_95
0,2.0,7.0,10.0,210.0,0.889103444969,0.115938161775
