,motion_thresh,age_l,age_u,n,med_rsq,CI_95,med_icc,CI_95_icc
0,5.0,12.0,15.0,30.0,0.914784364811,0.0852889193115,0.957667883574,0.0391417752814
