,motion_thresh,age_l,age_u,n,med_rsq,CI_95
0,12.0,12.0,15.0,70.0,0.958310135987,0.0384961929515
