,motion_thresh,age_l,age_u,n,med_rsq,CI_95
0,40.0,12.0,15.0,50.0,0.941260133534,0.0824466505137
