,motion_thresh,age_l,age_u,n,med_rsq,CI_95
0,44.0,7.0,10.0,240.0,0.965582244419,0.0381931296154
