,motion_thresh,age_l,age_u,n,med_rsq,CI_95
0,26.0,11.0,14.0,150.0,0.978670623173,0.0229487963452
