,motion_thresh,age_l,age_u,n,med_rsq,CI_95,med_icc,CI_95_icc
0,35.0,15.0,18.0,210.0,0.970950073529,0.0635277183027,0.985403563783,0.032680054774
