,motion_thresh,age_l,age_u,n,med_rsq,CI_95,med_icc,CI_95_icc
0,50.0,8.0,11.0,60.0,0.954224879056,0.0630895058467,0.976946679637,0.0315561694466
