,motion_thresh,age_l,age_u,n,med_rsq,CI_95
0,2.0,10.0,13.0,190.0,0.941725044077,0.0362021337751
