,motion_thresh,age_l,age_u,n,med_rsq,CI_95
0,18.0,14.0,17.0,70.0,0.955986032013,0.0551072581054
