,motion_thresh,age_l,age_u,n,med_rsq,CI_95
0,6.0,10.0,13.0,190.0,0.959144324132,0.012669868899
