,motion_thresh,age_l,age_u,n,med_rsq,CI_95
0,4.0,11.0,14.0,50.0,0.941543978835,0.0550781848054
