,motion_thresh,age_l,age_u,n,med_rsq,CI_95,med_icc,CI_95_icc
0,25.0,12.0,15.0,300.0,0.981090278931,0.022784281931,0.990477608029,0.0112965559563
