,motion_thresh,age_l,age_u,n,med_rsq,CI_95
0,8.0,9.0,12.0,50.0,0.938763293698,0.0891804074388
