,motion_thresh,age_l,age_u,n,med_rsq,CI_95
0,4.0,8.0,11.0,250.0,0.933481484366,0.0838261450858
