,motion_thresh,age_l,age_u,n,med_rsq,CI_95
0,2.0,15.0,18.0,210.0,0.931828908019,0.0435882769462
