,motion_thresh,age_l,age_u,n,med_rsq,CI_95
0,40.0,8.0,11.0,20.0,0.853255102443,0.297262327244
