,motion_thresh,age_l,age_u,n,med_rsq,CI_95
0,42.0,6.0,9.0,20.0,0.84228380247,0.145954254268
