,motion_thresh,age_l,age_u,n,med_rsq,CI_95
0,46.0,11.0,14.0,100.0,0.970152771091,0.0377987396958
