,motion_thresh,age_l,age_u,n,med_rsq,CI_95
0,34.0,7.0,10.0,70.0,0.958065788657,0.0621769058312
