,motion_thresh,age_l,age_u,n,med_rsq,CI_95
0,30.0,11.0,14.0,80.0,0.960844955941,0.0477425579589
