,motion_thresh,age_l,age_u,n,med_rsq,CI_95
0,26.0,14.0,17.0,70.0,0.955050340136,0.0717276191232
