,motion_thresh,age_l,age_u,n,med_rsq,CI_95
0,46.0,14.0,17.0,280.0,0.975355828848,0.0305340886789
