,motion_thresh,age_l,age_u,n,med_rsq,CI_95
0,46.0,9.0,12.0,220.0,0.978521116925,0.0275798046162
