,motion_thresh,age_l,age_u,n,med_rsq,CI_95
0,6.0,12.0,15.0,300.0,0.96981963827,0.0285169723444
