,motion_thresh,age_l,age_u,n,med_rsq,CI_95,med_icc,CI_95_icc
0,40.0,13.0,16.0,60.0,0.954269609718,0.056997128404,0.977193731503,0.0275648796561
