,motion_thresh,age_l,age_u,n,med_rsq,CI_95
0,46.0,12.0,15.0,240.0,0.980037041269,0.0288255006034
