,motion_thresh,age_l,age_u,n,med_rsq,CI_95,med_icc,CI_95_icc
0,25.0,15.0,18.0,120.0,0.969270902434,0.0570528949571,0.98444171785,0.0285816805155
