,motion_thresh,age_l,age_u,n,med_rsq,CI_95
0,6.0,6.0,9.0,90.0,0.895485616357,0.0733584675909
