,motion_thresh,age_l,age_u,n,med_rsq,CI_95,med_icc,CI_95_icc
0,20.0,15.0,18.0,90.0,0.964403622443,0.0514186185294,0.982381736585,0.0241354878092
