,motion_thresh,age_l,age_u,n,med_rsq,CI_95
0,4.0,6.0,9.0,70.0,0.902984106079,0.0403314687376
