,motion_thresh,age_l,age_u,n,med_rsq,CI_95
0,16.0,11.0,14.0,290.0,0.976297877837,0.0171690730113
