,motion_thresh,age_l,age_u,n,med_rsq,CI_95
0,10.0,15.0,18.0,260.0,0.952806734698,0.0551943738835
