,motion_thresh,age_l,age_u,n,med_rsq,CI_95,med_icc,CI_95_icc
0,15.0,15.0,18.0,270.0,0.964653536759,0.0640607173595,0.982429408262,0.0304481885857
