,motion_thresh,age_l,age_u,n,med_rsq,CI_95
0,32.0,10.0,13.0,170.0,0.977658909164,0.0213672885751
