,motion_thresh,age_l,age_u,n,med_rsq,CI_95
0,40.0,15.0,18.0,80.0,0.96028343978,0.077309540148
