,motion_thresh,age_l,age_u,n,med_rsq,CI_95
0,34.0,6.0,9.0,90.0,0.951205213918,0.0507665937712
