,motion_thresh,age_l,age_u,n,med_rsq,CI_95
0,4.0,11.0,14.0,160.0,0.962601326964,0.0221127087559
