,motion_thresh,age_l,age_u,n,med_rsq,CI_95
0,6.0,10.0,13.0,200.0,0.959217495395,0.0336913471243
