,motion_thresh,age_l,age_u,n,med_rsq,CI_95
0,20.0,10.0,13.0,100.0,0.970729033583,0.0393747801538
