,motion_thresh,age_l,age_u,n,med_rsq,CI_95
0,42.0,12.0,15.0,120.0,0.976179287416,0.0283137299839
