,motion_thresh,age_l,age_u,n,med_rsq,CI_95
0,34.0,7.0,10.0,160.0,0.965946747505,0.0338264436375
