,motion_thresh,age_l,age_u,n,med_rsq,CI_95
0,44.0,13.0,16.0,100.0,0.96982308956,0.0288774949235
