,motion_thresh,age_l,age_u,n,med_rsq,CI_95
0,38.0,14.0,17.0,290.0,0.972985811841,0.0411233822423
