,motion_thresh,age_l,age_u,n,med_rsq,CI_95
0,26.0,10.0,13.0,210.0,0.977002623875,0.0404876422712
