,motion_thresh,age_l,age_u,n,med_rsq,CI_95
0,44.0,10.0,13.0,240.0,0.980955620514,0.0351243396826
