,motion_thresh,age_l,age_u,n,med_rsq,CI_95
0,10.0,15.0,18.0,160.0,0.954963442625,0.0460950680705
