,motion_thresh,age_l,age_u,n,med_rsq,CI_95
0,8.0,15.0,18.0,10.0,0.701131175908,0.292953717723
