,motion_thresh,age_l,age_u,n,med_rsq,CI_95,med_icc,CI_95_icc
0,35.0,11.0,14.0,30.0,0.911892802885,0.107991872925,0.955439472908,0.0505537379443
