,motion_thresh,age_l,age_u,n,med_rsq,CI_95
0,48.0,6.0,9.0,260.0,0.94062531066,0.0834394548754
