,motion_thresh,age_l,age_u,n,med_rsq,CI_95
0,8.0,10.0,13.0,70.0,0.955964514676,0.0472632427523
