,motion_thresh,age_l,age_u,n,med_rsq,CI_95,med_icc,CI_95_icc
0,20.0,7.0,10.0,240.0,0.968656630762,0.0408121497758,0.984370331728,0.020056465348
