,motion_thresh,age_l,age_u,n,med_rsq,CI_95
0,8.0,8.0,11.0,200.0,0.955673132714,0.0391417438594
