,motion_thresh,age_l,age_u,n,med_rsq,CI_95
0,4.0,12.0,15.0,210.0,0.938671071835,0.0656484808001
