,motion_thresh,age_l,age_u,n,med_rsq,CI_95
0,26.0,8.0,11.0,160.0,0.970037360878,0.0373402046185
