,motion_thresh,age_l,age_u,n,med_rsq,CI_95
0,42.0,9.0,12.0,210.0,0.978529009662,0.030811318982
