,motion_thresh,age_l,age_u,n,med_rsq,CI_95
0,24.0,12.0,15.0,30.0,0.903085844402,0.11561550388
