,motion_thresh,age_l,age_u,n,med_rsq,CI_95,med_icc,CI_95_icc
0,35.0,9.0,12.0,150.0,0.98024680832,0.0241016859154,0.990082715056,0.01223782796
