,motion_thresh,age_l,age_u,n,med_rsq,CI_95
0,34.0,8.0,11.0,200.0,0.973414771888,0.0323406475281
