,motion_thresh,age_l,age_u,n,med_rsq,CI_95
0,4.0,8.0,11.0,120.0,0.934352240373,0.0713007649113
