,motion_thresh,age_l,age_u,n,med_rsq,CI_95
0,8.0,8.0,11.0,290.0,0.955337110265,0.0326516659479
