,motion_thresh,age_l,age_u,n,med_rsq,CI_95
0,24.0,11.0,14.0,170.0,0.977421864492,0.0276531046855
