,motion_thresh,age_l,age_u,n,med_rsq,CI_95
0,8.0,14.0,17.0,70.0,0.956892323319,0.0562152171682
