,motion_thresh,age_l,age_u,n,med_rsq,CI_95,med_icc,CI_95_icc
0,20.0,11.0,14.0,270.0,0.981437598575,0.0182270520031,0.990658731776,0.00941065372936
