,motion_thresh,age_l,age_u,n,med_rsq,CI_95
0,24.0,11.0,14.0,140.0,0.978080112969,0.0242633465279
