,motion_thresh,age_l,age_u,n,med_rsq,CI_95
0,24.0,7.0,10.0,290.0,0.931371740789,0.106722435379
