,motion_thresh,age_l,age_u,n,med_rsq,CI_95
0,16.0,14.0,17.0,160.0,0.969533285553,0.0342012122831
