,motion_thresh,age_l,age_u,n,med_rsq,CI_95
0,34.0,8.0,11.0,10.0,0.691973812677,0.453174505074
