,motion_thresh,age_l,age_u,n,med_rsq,CI_95
0,38.0,10.0,13.0,120.0,0.975495354439,0.0295685482208
