,motion_thresh,age_l,age_u,n,med_rsq,CI_95,med_icc,CI_95_icc
0,40.0,11.0,14.0,180.0,0.982992474399,0.0160425638669,0.991417341117,0.00774785796163
