,motion_thresh,age_l,age_u,n,med_rsq,CI_95
0,14.0,14.0,17.0,100.0,0.965172889744,0.0338721246056
