,motion_thresh,age_l,age_u,n,med_rsq,CI_95
0,34.0,7.0,10.0,150.0,0.963349629766,0.0467651812484
