,motion_thresh,age_l,age_u,n,med_rsq,CI_95
0,50.0,6.0,9.0,50.0,0.937786332135,0.0890944455171
