,motion_thresh,age_l,age_u,n,med_rsq,CI_95
0,20.0,14.0,17.0,300.0,0.968833871064,0.0361179756722
