,motion_thresh,age_l,age_u,n,med_rsq,CI_95
0,24.0,8.0,11.0,10.0,0.70030578451,0.38422708635
