,motion_thresh,age_l,age_u,n,med_rsq,CI_95
0,24.0,8.0,11.0,220.0,0.966922683556,0.0512534726391
