,motion_thresh,age_l,age_u,n,med_rsq,CI_95
0,4.0,13.0,16.0,40.0,0.927276863288,0.106616857636
