,motion_thresh,age_l,age_u,n,med_rsq,CI_95
0,36.0,6.0,9.0,10.0,0.685872729909,0.518595656528
