,motion_thresh,age_l,age_u,n,med_rsq,CI_95
0,30.0,11.0,14.0,230.0,0.980299411183,0.0250565534498
