,motion_thresh,age_l,age_u,n,med_rsq,CI_95,med_icc,CI_95_icc
0,10.0,12.0,15.0,270.0,0.97685404856,0.0231682445009,0.988292567767,0.0118243666093
