,motion_thresh,age_l,age_u,n,med_rsq,CI_95
0,48.0,14.0,17.0,230.0,0.975343766954,0.0242473289315
