,motion_thresh,age_l,age_u,n,med_rsq,CI_95
0,36.0,12.0,15.0,190.0,0.977817164933,0.0199353426474
