,motion_thresh,age_l,age_u,n,med_rsq,CI_95
0,24.0,8.0,11.0,250.0,0.968478298912,0.0597107163694
