,motion_thresh,age_l,age_u,n,med_rsq,CI_95
0,12.0,14.0,17.0,270.0,0.96725557601,0.0493810646681
