,motion_thresh,age_l,age_u,n,med_rsq,CI_95
0,28.0,15.0,18.0,260.0,0.967479833655,0.048278669726
