,motion_thresh,age_l,age_u,n,med_rsq,CI_95
0,48.0,14.0,17.0,240.0,0.975018603012,0.0260801090355
