,motion_thresh,age_l,age_u,n,med_rsq,CI_95
0,40.0,9.0,12.0,170.0,0.976455334242,0.0399167033068
