,motion_thresh,age_l,age_u,n,med_rsq,CI_95
0,12.0,11.0,14.0,120.0,0.975138411161,0.0270114089581
