,motion_thresh,age_l,age_u,n,med_rsq,CI_95
0,40.0,13.0,16.0,270.0,0.976800901631,0.0319335629503
