,motion_thresh,age_l,age_u,n,med_rsq,CI_95
0,38.0,10.0,13.0,200.0,0.978767672409,0.0311815176608
