,motion_thresh,age_l,age_u,n,med_rsq,CI_95
0,6.0,8.0,11.0,130.0,0.937993604166,0.106275323225
