,motion_thresh,age_l,age_u,n,med_rsq,CI_95
0,32.0,14.0,17.0,180.0,0.973621859983,0.038572379737
