,motion_thresh,age_l,age_u,n,med_rsq,CI_95,med_icc,CI_95_icc
0,45.0,7.0,10.0,90.0,0.969429721482,0.040699272722,0.984558088407,0.0189588806985
