,motion_thresh,age_l,age_u,n,med_rsq,CI_95,med_icc,CI_95_icc
0,20.0,8.0,11.0,150.0,0.963471983073,0.0563970325375,0.982179612818,0.02589294107
