,motion_thresh,age_l,age_u,n,med_rsq,CI_95
0,36.0,11.0,14.0,20.0,0.848686563461,0.273353371049
