,motion_thresh,age_l,age_u,n,med_rsq,CI_95
0,12.0,10.0,13.0,30.0,0.895862797467,0.159451397525
