,motion_thresh,age_l,age_u,n,med_rsq,CI_95
0,30.0,14.0,17.0,190.0,0.973545758764,0.030022758088
