,motion_thresh,age_l,age_u,n,med_rsq,CI_95
0,30.0,12.0,15.0,140.0,0.978646811467,0.0264566858214
