,motion_thresh,age_l,age_u,n,med_rsq,CI_95
0,4.0,13.0,16.0,170.0,0.96401508546,0.0111376711951
