,motion_thresh,age_l,age_u,n,med_rsq,CI_95
0,10.0,11.0,14.0,170.0,0.972476720142,0.0232744085747
