,motion_thresh,age_l,age_u,n,med_rsq,CI_95
0,50.0,9.0,12.0,30.0,0.896359520415,0.12528109896
