,motion_thresh,age_l,age_u,n,med_rsq,CI_95
0,44.0,13.0,16.0,180.0,0.977338789394,0.0218523638193
