,motion_thresh,age_l,age_u,n,med_rsq,CI_95
0,22.0,7.0,10.0,100.0,0.961833828815,0.0571055196389
