,motion_thresh,age_l,age_u,n,med_rsq,CI_95
0,50.0,12.0,15.0,210.0,0.980593080214,0.0263254996748
