,motion_thresh,age_l,age_u,n,med_rsq,CI_95
0,36.0,12.0,15.0,290.0,0.979874385967,0.0213279240737
