,motion_thresh,age_l,age_u,n,med_rsq,CI_95
0,38.0,9.0,12.0,70.0,0.953248541329,0.0942190363872
