,motion_thresh,age_l,age_u,n,med_rsq,CI_95
0,22.0,7.0,10.0,190.0,0.961969440691,0.046220011086
