,motion_thresh,age_l,age_u,n,med_rsq,CI_95
0,26.0,9.0,12.0,190.0,0.975284142397,0.0294947300738
