,motion_thresh,age_l,age_u,n,med_rsq,CI_95
0,4.0,9.0,12.0,260.0,0.941572737593,0.0679705612041
