,motion_thresh,age_l,age_u,n,med_rsq,CI_95
0,50.0,15.0,18.0,90.0,0.96456201001,0.0617853665257
