,motion_thresh,age_l,age_u,n,med_rsq,CI_95,med_icc,CI_95_icc
0,25.0,13.0,16.0,90.0,0.96886561213,0.0519709965551,0.984416554437,0.0247570560657
