,motion_thresh,age_l,age_u,n,med_rsq,CI_95
0,30.0,14.0,17.0,120.0,0.972407998658,0.0334758690365
