,motion_thresh,age_l,age_u,n,med_rsq,CI_95,med_icc,CI_95_icc
0,30.0,12.0,15.0,300.0,0.981003094542,0.0172627747689,0.99058762055,0.00864405990696
