,motion_thresh,age_l,age_u,n,med_rsq,CI_95
0,36.0,11.0,14.0,300.0,0.980479888717,0.0260218673762
