,motion_thresh,age_l,age_u,n,med_rsq,CI_95
0,44.0,14.0,17.0,250.0,0.974539128634,0.0274802958387
