,motion_thresh,age_l,age_u,n,med_rsq,CI_95
0,24.0,10.0,13.0,240.0,0.974365497759,0.04551112106
