,motion_thresh,age_l,age_u,n,med_rsq,CI_95
0,12.0,11.0,14.0,180.0,0.975308731217,0.0195453756857
