,motion_thresh,age_l,age_u,n,med_rsq,CI_95
0,18.0,13.0,16.0,170.0,0.973582887902,0.0411692012219
