,motion_thresh,age_l,age_u,n,med_rsq,CI_95
0,50.0,13.0,16.0,70.0,0.958424608664,0.0760914019788
