,motion_thresh,age_l,age_u,n,med_rsq,CI_95
0,50.0,11.0,14.0,240.0,0.981706693188,0.0231279173267
