,motion_thresh,age_l,age_u,n,med_rsq,CI_95
0,32.0,12.0,15.0,30.0,0.905287720956,0.082898295296
