,motion_thresh,age_l,age_u,n,med_rsq,CI_95
0,10.0,13.0,16.0,30.0,0.903637278657,0.179151837841
