,motion_thresh,age_l,age_u,n,med_rsq,CI_95
0,44.0,7.0,10.0,130.0,0.964834523411,0.0259613215051
