,motion_thresh,age_l,age_u,n,med_rsq,CI_95
0,20.0,10.0,13.0,40.0,0.926889999962,0.0823426129425
