,motion_thresh,age_l,age_u,n,med_rsq,CI_95
0,44.0,6.0,9.0,30.0,0.897639507843,0.147975527388
