,motion_thresh,age_l,age_u,n,med_rsq,CI_95
0,26.0,12.0,15.0,40.0,0.928352178583,0.0749695733401
