,motion_thresh,age_l,age_u,n,med_rsq,CI_95
0,10.0,14.0,17.0,280.0,0.948708579657,0.0915335372882
