,motion_thresh,age_l,age_u,n,med_rsq,CI_95
0,2.0,9.0,12.0,220.0,0.913484658609,0.0712897332619
