,motion_thresh,age_l,age_u,n,med_rsq,CI_95
0,38.0,10.0,13.0,150.0,0.979383763595,0.0242497425166
