,motion_thresh,age_l,age_u,n,med_rsq,CI_95
0,46.0,10.0,13.0,30.0,0.896928124081,0.167391057026
