,motion_thresh,age_l,age_u,n,med_rsq,CI_95
0,10.0,11.0,14.0,280.0,0.973560073963,0.0156940537502
