,motion_thresh,age_l,age_u,n,med_rsq,CI_95
0,12.0,9.0,12.0,160.0,0.967022276851,0.0277098365418
