,motion_thresh,age_l,age_u,n,med_rsq,CI_95
0,32.0,10.0,13.0,30.0,0.903245689706,0.13855875724
