,motion_thresh,age_l,age_u,n,med_rsq,CI_95
0,44.0,7.0,10.0,30.0,0.89663657581,0.171165010447
