,motion_thresh,age_l,age_u,n,med_rsq,CI_95
0,48.0,10.0,13.0,290.0,0.980133072927,0.0278991923428
