,motion_thresh,age_l,age_u,n,med_rsq,CI_95
0,42.0,8.0,11.0,90.0,0.963737856789,0.0421525056172
