,motion_thresh,age_l,age_u,n,med_rsq,CI_95
0,22.0,6.0,9.0,100.0,0.942830999803,0.0681560253662
