,motion_thresh,age_l,age_u,n,med_rsq,CI_95
0,38.0,13.0,16.0,110.0,0.972073637626,0.0312822852015
