,motion_thresh,age_l,age_u,n,med_rsq,CI_95
0,28.0,14.0,17.0,70.0,0.958047324774,0.0685185875082
