,motion_thresh,age_l,age_u,n,med_rsq,CI_95
0,12.0,11.0,14.0,220.0,0.97601249019,0.0211031560795
