,motion_thresh,age_l,age_u,n,med_rsq,CI_95
0,14.0,14.0,17.0,10.0,0.724779579425,0.448267153743
