,motion_thresh,age_l,age_u,n,med_rsq,CI_95,med_icc,CI_95_icc
0,5.0,9.0,12.0,300.0,0.954497741445,0.0425687339795,0.976996308519,0.0204703254419
