,motion_thresh,age_l,age_u,n,med_rsq,CI_95
0,34.0,10.0,13.0,190.0,0.976353581117,0.0448977595127
