,motion_thresh,age_l,age_u,n,med_rsq,CI_95
0,22.0,10.0,13.0,40.0,0.923674144104,0.117594293267
