,motion_thresh,age_l,age_u,n,med_rsq,CI_95
0,18.0,7.0,10.0,160.0,0.956197779647,0.0593027235068
