,motion_thresh,age_l,age_u,n,med_rsq,CI_95
0,28.0,15.0,18.0,10.0,0.714486101491,0.501289999114
