,motion_thresh,age_l,age_u,n,med_rsq,CI_95
0,18.0,7.0,10.0,150.0,0.956072920563,0.0783499632586
