,motion_thresh,age_l,age_u,n,med_rsq,CI_95,med_icc,CI_95_icc
0,10.0,15.0,18.0,210.0,0.959839797027,0.0477335095721,0.979987916453,0.0242521791115
