,motion_thresh,age_l,age_u,n,med_rsq,CI_95
0,10.0,15.0,18.0,100.0,0.952478281188,0.0496693651259
