,motion_thresh,age_l,age_u,n,med_rsq,CI_95
0,34.0,10.0,13.0,50.0,0.938920602388,0.0781415330573
