,motion_thresh,age_l,age_u,n,med_rsq,CI_95
0,44.0,15.0,18.0,140.0,0.96735486744,0.0404861339109
