,motion_thresh,age_l,age_u,n,med_rsq,CI_95
0,12.0,10.0,13.0,240.0,0.972207935168,0.0323363854332
