,motion_thresh,age_l,age_u,n,med_rsq,CI_95
0,22.0,15.0,18.0,300.0,0.963745033941,0.0396288603021
