,motion_thresh,age_l,age_u,n,med_rsq,CI_95
0,14.0,15.0,18.0,120.0,0.959709875047,0.0361015169932
