,motion_thresh,age_l,age_u,n,med_rsq,CI_95
0,14.0,15.0,18.0,270.0,0.959028427098,0.0551306270895
