,motion_thresh,age_l,age_u,n,med_rsq,CI_95,med_icc,CI_95_icc
0,5.0,14.0,17.0,270.0,0.963822467795,0.0351048281251,0.981916942781,0.0167538554092
