,motion_thresh,age_l,age_u,n,med_rsq,CI_95
0,30.0,15.0,18.0,210.0,0.966320898593,0.0425850846725
