,motion_thresh,age_l,age_u,n,med_rsq,CI_95
0,18.0,10.0,13.0,50.0,0.937817107961,0.0669070896362
