,motion_thresh,age_l,age_u,n,med_rsq,CI_95
0,42.0,9.0,12.0,20.0,0.840446073962,0.282556582872
