,motion_thresh,age_l,age_u,n,med_rsq,CI_95
0,30.0,9.0,12.0,20.0,0.848264048685,0.238455158414
