,motion_thresh,age_l,age_u,n,med_rsq,CI_95
0,4.0,8.0,11.0,160.0,0.92990590145,0.110331713161
