,motion_thresh,age_l,age_u,n,med_rsq,CI_95
0,22.0,13.0,16.0,280.0,0.976339719122,0.0149464545533
