,motion_thresh,age_l,age_u,n,med_rsq,CI_95
0,10.0,12.0,15.0,40.0,0.92477660183,0.085621719439
