,motion_thresh,age_l,age_u,n,med_rsq,CI_95
0,50.0,13.0,16.0,20.0,0.852659381881,0.135660167896
