,motion_thresh,age_l,age_u,n,med_rsq,CI_95
0,10.0,7.0,10.0,260.0,0.948800245562,0.0421827040984
