,motion_thresh,age_l,age_u,n,med_rsq,CI_95
0,40.0,8.0,11.0,200.0,0.972795664402,0.038062349243
