,motion_thresh,age_l,age_u,n,med_rsq,CI_95,med_icc,CI_95_icc
0,15.0,11.0,14.0,180.0,0.979123419089,0.0181889979856,0.98970115231,0.00870805735117
