,motion_thresh,age_l,age_u,n,med_rsq,CI_95
0,28.0,9.0,12.0,40.0,0.922447462273,0.167630236064
