,motion_thresh,age_l,age_u,n,med_rsq,CI_95
0,6.0,15.0,18.0,210.0,0.951065619277,0.0486840514512
