,motion_thresh,age_l,age_u,n,med_rsq,CI_95
0,50.0,15.0,18.0,130.0,0.967518458602,0.044474441439
