,motion_thresh,age_l,age_u,n,med_rsq,CI_95
0,48.0,13.0,16.0,200.0,0.978116942879,0.0331611282972
