,motion_thresh,age_l,age_u,n,med_rsq,CI_95
0,40.0,7.0,10.0,300.0,0.965021564908,0.047665652388
