,motion_thresh,age_l,age_u,n,med_rsq,CI_95,med_icc,CI_95_icc
0,35.0,9.0,12.0,300.0,0.980651630514,0.0219657245105,0.990350435188,0.0113638615577
