,motion_thresh,age_l,age_u,n,med_rsq,CI_95
0,48.0,14.0,17.0,190.0,0.97501789253,0.0340522879149
