,motion_thresh,age_l,age_u,n,med_rsq,CI_95
0,28.0,15.0,18.0,90.0,0.967581950436,0.0523664358715
