,motion_thresh,age_l,age_u,n,med_rsq,CI_95,med_icc,CI_95_icc
0,25.0,11.0,14.0,120.0,0.97862914219,0.0388834759669,0.989262057481,0.0193234153257
