,motion_thresh,age_l,age_u,n,med_rsq,CI_95
0,2.0,8.0,11.0,110.0,0.911003968074,0.0227572099814
