,motion_thresh,age_l,age_u,n,med_rsq,CI_95,med_icc,CI_95_icc
0,25.0,10.0,13.0,60.0,0.958094913966,0.0601384963617,0.978768105077,0.0294100431208
