,motion_thresh,age_l,age_u,n,med_rsq,CI_95
0,40.0,8.0,11.0,80.0,0.961453022667,0.0550058633182
