,motion_thresh,age_l,age_u,n,med_rsq,CI_95,med_icc,CI_95_icc
0,45.0,15.0,18.0,120.0,0.972274900852,0.0356823465878,0.986131172437,0.0181089445569
