,motion_thresh,age_l,age_u,n,med_rsq,CI_95
0,4.0,10.0,13.0,300.0,0.956717277902,0.0142088288178
