,motion_thresh,age_l,age_u,n,med_rsq,CI_95
0,40.0,14.0,17.0,240.0,0.972323336957,0.0359190217519
