,motion_thresh,age_l,age_u,n,med_rsq,CI_95
0,50.0,6.0,9.0,210.0,0.953820541344,0.0509963719621
