,motion_thresh,age_l,age_u,n,med_rsq,CI_95,med_icc,CI_95_icc
0,50.0,14.0,17.0,240.0,0.978153696911,0.0235118772974,0.989090931529,0.0119404302948
