,motion_thresh,age_l,age_u,n,med_rsq,CI_95,med_icc,CI_95_icc
0,30.0,15.0,18.0,270.0,0.971975736474,0.0437872639078,0.985935399162,0.0208954201511
