,motion_thresh,age_l,age_u,n,med_rsq,CI_95
0,8.0,11.0,14.0,200.0,0.970450226368,0.0305925051521
