,motion_thresh,age_l,age_u,n,med_rsq,CI_95
0,34.0,7.0,10.0,100.0,0.963800752936,0.0389802575233
