,motion_thresh,age_l,age_u,n,med_rsq,CI_95
0,24.0,9.0,12.0,220.0,0.974130430289,0.032432604224
