,motion_thresh,age_l,age_u,n,med_rsq,CI_95
0,4.0,13.0,16.0,280.0,0.961222487376,0.0156939052553
