,motion_thresh,age_l,age_u,n,med_rsq,CI_95
0,38.0,7.0,10.0,270.0,0.962473828379,0.0328642826114
