,motion_thresh,age_l,age_u,n,med_rsq,CI_95,med_icc,CI_95_icc
0,30.0,12.0,15.0,120.0,0.977751810786,0.0320150593118,0.988901919768,0.0163099138985
