,motion_thresh,age_l,age_u,n,med_rsq,CI_95
0,32.0,8.0,11.0,270.0,0.973555963486,0.031825117885
