,motion_thresh,age_l,age_u,n,med_rsq,CI_95
0,36.0,9.0,12.0,270.0,0.977678800627,0.024927955306
