,motion_thresh,age_l,age_u,n,med_rsq,CI_95
0,48.0,14.0,17.0,220.0,0.975241013915,0.0244413117051
