,motion_thresh,age_l,age_u,n,med_rsq,CI_95
0,14.0,10.0,13.0,260.0,0.97372492578,0.0190777189541
