,motion_thresh,age_l,age_u,n,med_rsq,CI_95
0,6.0,6.0,9.0,80.0,0.890087693547,0.0895366402021
