,motion_thresh,age_l,age_u,n,med_rsq,CI_95
0,32.0,15.0,18.0,250.0,0.967637719525,0.031653322529
