,motion_thresh,age_l,age_u,n,med_rsq,CI_95
0,6.0,11.0,14.0,110.0,0.9696581906,0.0104242965858
