,motion_thresh,age_l,age_u,n,med_rsq,CI_95
0,4.0,15.0,18.0,120.0,0.941585110388,0.0412679914306
