,motion_thresh,age_l,age_u,n,med_rsq,CI_95
0,4.0,12.0,15.0,180.0,0.939875448773,0.0364339260512
