,motion_thresh,age_l,age_u,n,med_rsq,CI_95
0,32.0,10.0,13.0,40.0,0.926643476366,0.0706996991125
