,motion_thresh,age_l,age_u,n,med_rsq,CI_95
0,14.0,9.0,12.0,260.0,0.952119963511,0.0699390426651
