,motion_thresh,age_l,age_u,n,med_rsq,CI_95
0,10.0,8.0,11.0,20.0,0.840942839437,0.171756942215
