,motion_thresh,age_l,age_u,n,med_rsq,CI_95
0,44.0,9.0,12.0,20.0,0.844157558055,0.224711770506
