,motion_thresh,age_l,age_u,n,med_rsq,CI_95
0,26.0,12.0,15.0,10.0,0.726833097535,0.319919982192
