,motion_thresh,age_l,age_u,n,med_rsq,CI_95
0,4.0,10.0,13.0,90.0,0.954341444413,0.0152927681994
