,motion_thresh,age_l,age_u,n,med_rsq,CI_95
0,34.0,7.0,10.0,270.0,0.963765201283,0.0323459403135
