,motion_thresh,age_l,age_u,n,med_rsq,CI_95
0,2.0,10.0,13.0,130.0,0.936661528009,0.0411143102681
