,motion_thresh,age_l,age_u,n,med_rsq,CI_95
0,2.0,14.0,17.0,190.0,0.945875042862,0.0362303496112
