,motion_thresh,age_l,age_u,n,med_rsq,CI_95
0,6.0,11.0,14.0,60.0,0.949426689942,0.0304533819427
