,motion_thresh,age_l,age_u,n,med_rsq,CI_95
0,22.0,14.0,17.0,220.0,0.967940256607,0.0511575295099
