,motion_thresh,age_l,age_u,n,med_rsq,CI_95
0,6.0,7.0,10.0,250.0,0.928813900641,0.0624746327382
