,motion_thresh,age_l,age_u,n,med_rsq,CI_95
0,20.0,12.0,15.0,20.0,0.858441786132,0.151487292778
