,motion_thresh,age_l,age_u,n,med_rsq,CI_95
0,18.0,11.0,14.0,240.0,0.978091192029,0.0183462059363
