,motion_thresh,age_l,age_u,n,med_rsq,CI_95
0,28.0,14.0,17.0,10.0,0.707880916269,0.367731986947
