,motion_thresh,age_l,age_u,n,med_rsq,CI_95
0,36.0,9.0,12.0,90.0,0.966597241787,0.0522357067057
