,motion_thresh,age_l,age_u,n,med_rsq,CI_95
0,6.0,14.0,17.0,60.0,0.949343902754,0.0679973778399
