,motion_thresh,age_l,age_u,n,med_rsq,CI_95
0,46.0,10.0,13.0,200.0,0.975299606588,0.0434424930511
