,motion_thresh,age_l,age_u,n,med_rsq,CI_95
0,4.0,14.0,17.0,200.0,0.949617258905,0.0374274707748
