,motion_thresh,age_l,age_u,n,med_rsq,CI_95
0,50.0,8.0,11.0,180.0,0.972990815354,0.044027247683
