,motion_thresh,age_l,age_u,n,med_rsq,CI_95
0,44.0,14.0,17.0,80.0,0.961319257451,0.0579110911936
