,motion_thresh,age_l,age_u,n,med_rsq,CI_95
0,14.0,15.0,18.0,180.0,0.958196609973,0.0548525728291
