,motion_thresh,age_l,age_u,n,med_rsq,CI_95
0,38.0,15.0,18.0,210.0,0.968905422091,0.0288518105559
