,motion_thresh,age_l,age_u,n,med_rsq,CI_95,med_icc,CI_95_icc
0,45.0,11.0,14.0,60.0,0.956825707029,0.0691849643005,0.977911854459,0.0331209226064
