,motion_thresh,age_l,age_u,n,med_rsq,CI_95
0,22.0,10.0,13.0,150.0,0.977031953919,0.0332983763106
