,motion_thresh,age_l,age_u,n,med_rsq,CI_95
0,44.0,10.0,13.0,190.0,0.979901244481,0.0315098346829
