,motion_thresh,age_l,age_u,n,med_rsq,CI_95
0,44.0,11.0,14.0,140.0,0.976972220799,0.04029577636
