,motion_thresh,age_l,age_u,n,med_rsq,CI_95
0,30.0,6.0,9.0,20.0,0.849858991925,0.21447093739
