,motion_thresh,age_l,age_u,n,med_rsq,CI_95
0,42.0,15.0,18.0,190.0,0.9684938046,0.0374348313204
