,motion_thresh,age_l,age_u,n,med_rsq,CI_95
0,10.0,13.0,16.0,150.0,0.970635212698,0.0331380077975
