,motion_thresh,age_l,age_u,n,med_rsq,CI_95
0,42.0,8.0,11.0,260.0,0.974202022452,0.0223192954596
