,motion_thresh,age_l,age_u,n,med_rsq,CI_95
0,12.0,12.0,15.0,80.0,0.961472865933,0.033368129342
