,motion_thresh,age_l,age_u,n,med_rsq,CI_95
0,12.0,10.0,13.0,280.0,0.971718354094,0.0258350831261
