,motion_thresh,age_l,age_u,n,med_rsq,CI_95
0,4.0,9.0,12.0,130.0,0.941197009331,0.0444010379184
