,motion_thresh,age_l,age_u,n,med_rsq,CI_95
0,18.0,6.0,9.0,170.0,0.940317205601,0.0749079943554
