,motion_thresh,age_l,age_u,n,med_rsq,CI_95,med_icc,CI_95_icc
0,5.0,14.0,17.0,300.0,0.963699981362,0.044527050856,0.982101479368,0.021383678681
