,motion_thresh,age_l,age_u,n,med_rsq,CI_95
0,48.0,6.0,9.0,290.0,0.945418303142,0.100706862626
