,motion_thresh,age_l,age_u,n,med_rsq,CI_95
0,28.0,13.0,16.0,50.0,0.940263257553,0.0570523378151
