,motion_thresh,age_l,age_u,n,med_rsq,CI_95
0,26.0,11.0,14.0,240.0,0.978520887454,0.0251943726116
