,motion_thresh,age_l,age_u,n,med_rsq,CI_95
0,26.0,6.0,9.0,50.0,0.935817346104,0.0778889867042
