,motion_thresh,age_l,age_u,n,med_rsq,CI_95
0,32.0,8.0,11.0,290.0,0.973456771351,0.0285125463154
