,motion_thresh,age_l,age_u,n,med_rsq,CI_95,med_icc,CI_95_icc
0,25.0,12.0,15.0,60.0,0.957084951804,0.0817581260926,0.978453082386,0.0398608038946
