,motion_thresh,age_l,age_u,n,med_rsq,CI_95
0,32.0,9.0,12.0,70.0,0.9569376756,0.0541603964923
