,motion_thresh,age_l,age_u,n,med_rsq,CI_95
0,6.0,7.0,10.0,150.0,0.927428021956,0.0338183536441
