,motion_thresh,age_l,age_u,n,med_rsq,CI_95
0,48.0,11.0,14.0,160.0,0.981805016724,0.0183774883605
