,motion_thresh,age_l,age_u,n,med_rsq,CI_95
0,48.0,10.0,13.0,230.0,0.979592834092,0.025565875012
