,motion_thresh,age_l,age_u,n,med_rsq,CI_95
0,6.0,6.0,9.0,20.0,0.862880888776,0.127722817771
