,motion_thresh,age_l,age_u,n,med_rsq,CI_95
0,40.0,7.0,10.0,80.0,0.959268776551,0.0623987262695
