,motion_thresh,age_l,age_u,n,med_rsq,CI_95,med_icc,CI_95_icc
0,20.0,9.0,12.0,270.0,0.975086238712,0.0332908697951,0.987380525044,0.0166289931004
