,motion_thresh,age_l,age_u,n,med_rsq,CI_95
0,32.0,7.0,10.0,200.0,0.962482470133,0.0513692012725
