,motion_thresh,age_l,age_u,n,med_rsq,CI_95
0,32.0,9.0,12.0,240.0,0.976248171442,0.0283131869236
