,motion_thresh,age_l,age_u,n,med_rsq,CI_95
0,30.0,9.0,12.0,120.0,0.971801698682,0.0307448872525
