,motion_thresh,age_l,age_u,n,med_rsq,CI_95
0,18.0,6.0,9.0,110.0,0.939634462752,0.0887319777528
