,motion_thresh,age_l,age_u,n,med_rsq,CI_95,med_icc,CI_95_icc
0,30.0,8.0,11.0,30.0,0.904472865966,0.140782288879,0.953145606072,0.0711130063097
