,motion_thresh,age_l,age_u,n,med_rsq,CI_95
0,40.0,9.0,12.0,270.0,0.976743136592,0.0367472248796
