,motion_thresh,age_l,age_u,n,med_rsq,CI_95
0,44.0,9.0,12.0,200.0,0.97767214322,0.0191280133932
