,motion_thresh,age_l,age_u,n,med_rsq,CI_95
0,18.0,10.0,13.0,250.0,0.973200312683,0.0230837245138
