,motion_thresh,age_l,age_u,n,med_rsq,CI_95
0,34.0,7.0,10.0,140.0,0.965896890817,0.058615852586
