,motion_thresh,age_l,age_u,n,med_rsq,CI_95
0,10.0,10.0,13.0,80.0,0.964399720095,0.0275501834203
