,motion_thresh,age_l,age_u,n,med_rsq,CI_95
0,16.0,11.0,14.0,230.0,0.976927052893,0.0174437259823
