,motion_thresh,age_l,age_u,n,med_rsq,CI_95
0,10.0,13.0,16.0,80.0,0.961521786395,0.034303910184
