,motion_thresh,age_l,age_u,n,med_rsq,CI_95
0,18.0,10.0,13.0,60.0,0.949197130323,0.0450303169353
