,motion_thresh,age_l,age_u,n,med_rsq,CI_95
0,26.0,14.0,17.0,140.0,0.973406387345,0.0305307772681
