,motion_thresh,age_l,age_u,n,med_rsq,CI_95
0,6.0,14.0,17.0,140.0,0.965132977661,0.0263206445536
