,motion_thresh,age_l,age_u,n,med_rsq,CI_95
0,14.0,11.0,14.0,160.0,0.975831633944,0.0171155023747
