,motion_thresh,age_l,age_u,n,med_rsq,CI_95
0,28.0,9.0,12.0,140.0,0.973452428061,0.0361161711993
