,motion_thresh,age_l,age_u,n,med_rsq,CI_95
0,34.0,13.0,16.0,210.0,0.977279535762,0.0274603186591
