,motion_thresh,age_l,age_u,n,med_rsq,CI_95
0,36.0,8.0,11.0,260.0,0.972576479783,0.0359735590678
