,motion_thresh,age_l,age_u,n,med_rsq,CI_95
0,4.0,14.0,17.0,130.0,0.948566092214,0.0174629599334
