,motion_thresh,age_l,age_u,n,med_rsq,CI_95
0,42.0,7.0,10.0,180.0,0.967646977797,0.0437712264616
