,motion_thresh,age_l,age_u,n,med_rsq,CI_95
0,44.0,6.0,9.0,230.0,0.949455387315,0.0524804804458
