,motion_thresh,age_l,age_u,n,med_rsq,CI_95
0,2.0,8.0,11.0,30.0,0.889842235641,0.082160612865
