,motion_thresh,age_l,age_u,n,med_rsq,CI_95
0,10.0,11.0,14.0,210.0,0.974153074072,0.0179499216362
