,motion_thresh,age_l,age_u,n,med_rsq,CI_95
0,46.0,11.0,14.0,290.0,0.981719357311,0.0213203290987
