,motion_thresh,age_l,age_u,n,med_rsq,CI_95
0,6.0,7.0,10.0,230.0,0.931680135549,0.0264256188618
