,motion_thresh,age_l,age_u,n,med_rsq,CI_95,med_icc,CI_95_icc
0,45.0,11.0,14.0,270.0,0.984015672334,0.0184133509419,0.99199395337,0.00889736560561
