,motion_thresh,age_l,age_u,n,med_rsq,CI_95
0,22.0,6.0,9.0,20.0,0.852114407321,0.208661434308
