,motion_thresh,age_l,age_u,n,med_rsq,CI_95
0,28.0,11.0,14.0,80.0,0.96316190286,0.0577559603573
