,motion_thresh,age_l,age_u,n,med_rsq,CI_95
0,18.0,11.0,14.0,260.0,0.978083135865,0.0171684435396
