,motion_thresh,age_l,age_u,n,med_rsq,CI_95
0,6.0,8.0,11.0,160.0,0.939221658491,0.0640609051825
