,motion_thresh,age_l,age_u,n,med_rsq,CI_95
0,14.0,10.0,13.0,80.0,0.962017861248,0.0341186749475
