,motion_thresh,age_l,age_u,n,med_rsq,CI_95
0,4.0,7.0,10.0,150.0,0.915935993629,0.0991261312507
