,motion_thresh,age_l,age_u,n,med_rsq,CI_95
0,2.0,15.0,18.0,150.0,0.933344752956,0.0194182596269
