,motion_thresh,age_l,age_u,n,med_rsq,CI_95
0,24.0,6.0,9.0,150.0,0.946263187,0.0581017416496
