,motion_thresh,age_l,age_u,n,med_rsq,CI_95
0,12.0,9.0,12.0,130.0,0.965872328408,0.0325232426955
