,motion_thresh,age_l,age_u,n,med_rsq,CI_95,med_icc,CI_95_icc
0,15.0,14.0,17.0,60.0,0.953841218528,0.0497993926664,0.976995179764,0.0236195340118
