,motion_thresh,age_l,age_u,n,med_rsq,CI_95
0,24.0,6.0,9.0,220.0,0.945583919634,0.0615462976543
