,motion_thresh,age_l,age_u,n,med_rsq,CI_95
0,34.0,7.0,10.0,90.0,0.964881714668,0.0310490830627
