,motion_thresh,age_l,age_u,n,med_rsq,CI_95
0,4.0,14.0,17.0,40.0,0.925364194199,0.112997512116
