,motion_thresh,age_l,age_u,n,med_rsq,CI_95
0,4.0,11.0,14.0,160.0,0.961998858773,0.0159078548786
