,motion_thresh,age_l,age_u,n,med_rsq,CI_95
0,28.0,10.0,13.0,220.0,0.97256823413,0.0559507318054
