,motion_thresh,age_l,age_u,n,med_rsq,CI_95
0,26.0,15.0,18.0,110.0,0.962963632795,0.0670010363716
