,motion_thresh,age_l,age_u,n,med_rsq,CI_95
0,14.0,12.0,15.0,30.0,0.897355184625,0.116898062225
