,motion_thresh,age_l,age_u,n,med_rsq,CI_95
0,4.0,14.0,17.0,300.0,0.956348032975,0.0421183442591
