,motion_thresh,age_l,age_u,n,med_rsq,CI_95
0,14.0,8.0,11.0,50.0,0.936268086291,0.072886102068
