,motion_thresh,age_l,age_u,n,med_rsq,CI_95
0,42.0,15.0,18.0,220.0,0.96856415411,0.0400091389253
