,motion_thresh,age_l,age_u,n,med_rsq,CI_95
0,38.0,8.0,11.0,250.0,0.974302855854,0.0339009507828
