,motion_thresh,age_l,age_u,n,med_rsq,CI_95
0,2.0,12.0,15.0,230.0,0.948373615449,0.0219779313239
