,motion_thresh,age_l,age_u,n,med_rsq,CI_95,med_icc,CI_95_icc
0,35.0,10.0,13.0,90.0,0.969687140616,0.0635260005636,0.984585994275,0.0317166137531
