,motion_thresh,age_l,age_u,n,med_rsq,CI_95
0,28.0,14.0,17.0,20.0,0.856752661368,0.172793547756
