,motion_thresh,age_l,age_u,n,med_rsq,CI_95
0,30.0,15.0,18.0,10.0,0.724905214823,0.473747915581
