,motion_thresh,age_l,age_u,n,med_rsq,CI_95
0,44.0,6.0,9.0,20.0,0.843828157748,0.287799534488
