,motion_thresh,age_l,age_u,n,med_rsq,CI_95
0,46.0,9.0,12.0,100.0,0.967621628674,0.0320147480934
