,motion_thresh,age_l,age_u,n,med_rsq,CI_95
0,34.0,15.0,18.0,280.0,0.969729675863,0.0368861006357
