,motion_thresh,age_l,age_u,n,med_rsq,CI_95
0,18.0,8.0,11.0,80.0,0.958103182346,0.0475989735725
