,motion_thresh,age_l,age_u,n,med_rsq,CI_95
0,2.0,8.0,11.0,290.0,0.908825388437,0.0620458044145
