,motion_thresh,age_l,age_u,n,med_rsq,CI_95
0,20.0,9.0,12.0,110.0,0.97258454499,0.0403612401785
