,motion_thresh,age_l,age_u,n,med_rsq,CI_95
0,42.0,10.0,13.0,200.0,0.972397409661,0.0473173242564
