,motion_thresh,age_l,age_u,n,med_rsq,CI_95
0,6.0,11.0,14.0,50.0,0.942608031982,0.0629564715531
