,motion_thresh,age_l,age_u,n,med_rsq,CI_95
0,18.0,11.0,14.0,290.0,0.977686081238,0.0165639809796
