,motion_thresh,age_l,age_u,n,med_rsq,CI_95
0,28.0,6.0,9.0,40.0,0.924004532512,0.123871191947
