,motion_thresh,age_l,age_u,n,med_rsq,CI_95
0,40.0,12.0,15.0,110.0,0.972512638678,0.0356652831468
