,motion_thresh,age_l,age_u,n,med_rsq,CI_95
0,4.0,7.0,10.0,110.0,0.917887408148,0.0460906348033
