,motion_thresh,age_l,age_u,n,med_rsq,CI_95
0,36.0,7.0,10.0,300.0,0.962727081549,0.0443617546177
