,motion_thresh,age_l,age_u,n,med_rsq,CI_95
0,32.0,11.0,14.0,140.0,0.978675100154,0.034358862306
