,motion_thresh,age_l,age_u,n,med_rsq,CI_95
0,14.0,13.0,16.0,20.0,0.859266165022,0.158842357736
