,motion_thresh,age_l,age_u,n,med_rsq,CI_95
0,12.0,6.0,9.0,70.0,0.931481316949,0.0582084331686
