,motion_thresh,age_l,age_u,n,med_rsq,CI_95
0,18.0,12.0,15.0,190.0,0.976794403604,0.027062861819
