,motion_thresh,age_l,age_u,n,med_rsq,CI_95
0,50.0,11.0,14.0,180.0,0.980757613565,0.0268137255057
