,motion_thresh,age_l,age_u,n,med_rsq,CI_95
0,12.0,10.0,13.0,270.0,0.971713673196,0.0300053957864
