,motion_thresh,age_l,age_u,n,med_rsq,CI_95
0,12.0,13.0,16.0,300.0,0.961064247231,0.0484544584652
