,motion_thresh,age_l,age_u,n,med_rsq,CI_95,med_icc,CI_95_icc
0,30.0,7.0,10.0,150.0,0.968528926439,0.0479073964056,0.984568824661,0.0223247390746
