,motion_thresh,age_l,age_u,n,med_rsq,CI_95,med_icc,CI_95_icc
0,40.0,6.0,9.0,270.0,0.957248733375,0.0364990717055,0.978747865324,0.0187805833692
