,motion_thresh,age_l,age_u,n,med_rsq,CI_95
0,46.0,6.0,9.0,90.0,0.949310093168,0.0543697224277
