,motion_thresh,age_l,age_u,n,med_rsq,CI_95
0,10.0,9.0,12.0,240.0,0.962882245625,0.0375685093137
