,motion_thresh,age_l,age_u,n,med_rsq,CI_95
0,24.0,14.0,17.0,80.0,0.961821655394,0.0656408387614
