,motion_thresh,age_l,age_u,n,med_rsq,CI_95,med_icc,CI_95_icc
0,20.0,12.0,15.0,210.0,0.981470790549,0.0136423090817,0.990703084226,0.00719499659736
