,motion_thresh,age_l,age_u,n,med_rsq,CI_95
0,28.0,10.0,13.0,190.0,0.970605448343,0.0522303554127
