,motion_thresh,age_l,age_u,n,med_rsq,CI_95
0,34.0,7.0,10.0,230.0,0.965207340632,0.039034005649
