,motion_thresh,age_l,age_u,n,med_rsq,CI_95,med_icc,CI_95_icc
0,5.0,11.0,14.0,60.0,0.957665266355,0.0389993852731,0.978962990728,0.0195130129841
