,motion_thresh,age_l,age_u,n,med_rsq,CI_95
0,42.0,9.0,12.0,80.0,0.960976952244,0.0626143075796
