,motion_thresh,age_l,age_u,n,med_rsq,CI_95
0,50.0,15.0,18.0,260.0,0.968013974863,0.0478432076152
