,motion_thresh,age_l,age_u,n,med_rsq,CI_95,med_icc,CI_95_icc
0,35.0,9.0,12.0,240.0,0.980365326929,0.0250632647317,0.990221311916,0.0126125358042
