,motion_thresh,age_l,age_u,n,med_rsq,CI_95
0,48.0,13.0,16.0,40.0,0.920499182343,0.0717148322205
