,motion_thresh,age_l,age_u,n,med_rsq,CI_95,med_icc,CI_95_icc
0,30.0,13.0,16.0,60.0,0.95610191065,0.0595663899491,0.977956740749,0.0275433980019
