,motion_thresh,age_l,age_u,n,med_rsq,CI_95
0,44.0,13.0,16.0,110.0,0.972356888955,0.0390082090209
