,motion_thresh,age_l,age_u,n,med_rsq,CI_95
0,28.0,6.0,9.0,110.0,0.947798838061,0.0622830408854
