,motion_thresh,age_l,age_u,n,med_rsq,CI_95,med_icc,CI_95_icc
0,5.0,14.0,17.0,180.0,0.96513761453,0.034953158014,0.982585305771,0.0168881483558
