,motion_thresh,age_l,age_u,n,med_rsq,CI_95
0,18.0,12.0,15.0,20.0,0.84994465914,0.194340662349
