,motion_thresh,age_l,age_u,n,med_rsq,CI_95
0,32.0,13.0,16.0,300.0,0.97761813309,0.0279926560333
