,motion_thresh,age_l,age_u,n,med_rsq,CI_95
0,2.0,14.0,17.0,290.0,0.945518665642,0.0454488524802
