,motion_thresh,age_l,age_u,n,med_rsq,CI_95
0,24.0,10.0,13.0,280.0,0.972508416499,0.0388201189306
