,motion_thresh,age_l,age_u,n,med_rsq,CI_95
0,20.0,7.0,10.0,90.0,0.960782159373,0.0342936295504
