,motion_thresh,age_l,age_u,n,med_rsq,CI_95
0,36.0,13.0,16.0,270.0,0.975869425617,0.0250075056284
