,motion_thresh,age_l,age_u,n,med_rsq,CI_95
0,44.0,12.0,15.0,240.0,0.98046674484,0.0228408324058
