,motion_thresh,age_l,age_u,n,med_rsq,CI_95
0,4.0,15.0,18.0,230.0,0.936400183481,0.0618130165177
