,motion_thresh,age_l,age_u,n,med_rsq,CI_95
0,36.0,10.0,13.0,160.0,0.980336955573,0.0188804407251
