,motion_thresh,age_l,age_u,n,med_rsq,CI_95
0,12.0,15.0,18.0,170.0,0.958885296644,0.0443178865456
