,motion_thresh,age_l,age_u,n,med_rsq,CI_95
0,24.0,15.0,18.0,180.0,0.965318380712,0.0731915129787
