,motion_thresh,age_l,age_u,n,med_rsq,CI_95
0,42.0,6.0,9.0,250.0,0.950748812755,0.0404036715015
