,motion_thresh,age_l,age_u,n,med_rsq,CI_95
0,16.0,12.0,15.0,40.0,0.928151708992,0.0989215387216
