,motion_thresh,age_l,age_u,n,med_rsq,CI_95
0,42.0,8.0,11.0,70.0,0.955859640541,0.071469300043
