,motion_thresh,age_l,age_u,n,med_rsq,CI_95
0,16.0,6.0,9.0,30.0,0.89404827579,0.160486769006
