,motion_thresh,age_l,age_u,n,med_rsq,CI_95
0,36.0,14.0,17.0,200.0,0.973839966543,0.0287757057714
