,motion_thresh,age_l,age_u,n,med_rsq,CI_95
0,32.0,10.0,13.0,100.0,0.967468375953,0.0488145087073
