,motion_thresh,age_l,age_u,n,med_rsq,CI_95
0,38.0,14.0,17.0,120.0,0.971899147526,0.0393771816556
