,motion_thresh,age_l,age_u,n,med_rsq,CI_95
0,2.0,10.0,13.0,260.0,0.939718593224,0.0240322935931
