,motion_thresh,age_l,age_u,n,med_rsq,CI_95
0,46.0,7.0,10.0,140.0,0.965567566233,0.0283721757793
