,motion_thresh,age_l,age_u,n,med_rsq,CI_95,med_icc,CI_95_icc
0,45.0,10.0,13.0,210.0,0.974918102007,0.0485308674379,0.987323275955,0.0252649278055
