,motion_thresh,age_l,age_u,n,med_rsq,CI_95
0,46.0,7.0,10.0,70.0,0.956185429536,0.0628106404746
