,motion_thresh,age_l,age_u,n,med_rsq,CI_95
0,6.0,7.0,10.0,130.0,0.927203594862,0.0783188610101
