,motion_thresh,age_l,age_u,n,med_rsq,CI_95
0,50.0,10.0,13.0,100.0,0.96948825733,0.0325011611677
