,motion_thresh,age_l,age_u,n,med_rsq,CI_95
0,6.0,13.0,16.0,210.0,0.970418698038,0.0172728937981
