,motion_thresh,age_l,age_u,n,med_rsq,CI_95,med_icc,CI_95_icc
0,35.0,14.0,17.0,240.0,0.977340441679,0.0403153447709,0.988814504662,0.0192066181595
