,motion_thresh,age_l,age_u,n,med_rsq,CI_95
0,8.0,7.0,10.0,210.0,0.942345951121,0.0506904076838
