,motion_thresh,age_l,age_u,n,med_rsq,CI_95
0,12.0,10.0,13.0,220.0,0.971432023638,0.0355147324555
