,motion_thresh,age_l,age_u,n,med_rsq,CI_95
0,50.0,13.0,16.0,50.0,0.936758366521,0.0863415688968
