,motion_thresh,age_l,age_u,n,med_rsq,CI_95
0,36.0,15.0,18.0,250.0,0.970277035318,0.0371907399619
