,motion_thresh,age_l,age_u,n,med_rsq,CI_95
0,32.0,7.0,10.0,280.0,0.9667794193,0.0405610560974
