,motion_thresh,age_l,age_u,n,med_rsq,CI_95
0,8.0,6.0,9.0,250.0,0.919354814185,0.0431336543128
