,motion_thresh,age_l,age_u,n,med_rsq,CI_95
0,22.0,15.0,18.0,180.0,0.963788803798,0.0417234142843
