,motion_thresh,age_l,age_u,n,med_rsq,CI_95
0,26.0,7.0,10.0,270.0,0.926030867877,0.11835752686
