,motion_thresh,age_l,age_u,n,med_rsq,CI_95
0,22.0,15.0,18.0,280.0,0.960810433205,0.0506198211116
