,motion_thresh,age_l,age_u,n,med_rsq,CI_95,med_icc,CI_95_icc
0,35.0,8.0,11.0,60.0,0.954868627039,0.0993691570744,0.977337289684,0.0447153332165
