,motion_thresh,age_l,age_u,n,med_rsq,CI_95,med_icc,CI_95_icc
0,10.0,9.0,12.0,210.0,0.96741724336,0.0256439586197,0.983669523555,0.0133379322672
