,motion_thresh,age_l,age_u,n,med_rsq,CI_95
0,4.0,14.0,17.0,10.0,0.747294811865,0.120267260535
