,motion_thresh,age_l,age_u,n,med_rsq,CI_95,med_icc,CI_95_icc
0,40.0,6.0,9.0,240.0,0.955446241267,0.0549649679629,0.978124472848,0.0266085963902
