,motion_thresh,age_l,age_u,n,med_rsq,CI_95
0,42.0,8.0,11.0,10.0,0.7101510599,0.347844385383
