,motion_thresh,age_l,age_u,n,med_rsq,CI_95
0,50.0,11.0,14.0,130.0,0.976183869268,0.0320124714689
