,motion_thresh,age_l,age_u,n,med_rsq,CI_95
0,20.0,14.0,17.0,150.0,0.969303158106,0.0367215495064
