,motion_thresh,age_l,age_u,n,med_rsq,CI_95
0,8.0,11.0,14.0,120.0,0.969455480533,0.0278601271292
