,motion_thresh,age_l,age_u,n,med_rsq,CI_95
0,36.0,13.0,16.0,160.0,0.977568915356,0.0365953403627
