,motion_thresh,age_l,age_u,n,med_rsq,CI_95
0,38.0,13.0,16.0,40.0,0.925931444367,0.106793050434
