,motion_thresh,age_l,age_u,n,med_rsq,CI_95
0,2.0,9.0,12.0,150.0,0.909205290875,0.0447948326646
