,motion_thresh,age_l,age_u,n,med_rsq,CI_95
0,38.0,13.0,16.0,260.0,0.970819966349,0.0472806396741
