,motion_thresh,age_l,age_u,n,med_rsq,CI_95
0,20.0,13.0,16.0,290.0,0.975942333596,0.0190925096326
