,motion_thresh,age_l,age_u,n,med_rsq,CI_95
0,18.0,15.0,18.0,170.0,0.949830924818,0.0950441143625
