,motion_thresh,age_l,age_u,n,med_rsq,CI_95
0,42.0,13.0,16.0,110.0,0.971687722076,0.0471668534939
