,motion_thresh,age_l,age_u,n,med_rsq,CI_95,med_icc,CI_95_icc
0,40.0,6.0,9.0,180.0,0.957352088817,0.0534361088012,0.978755767701,0.0266980818008
