,motion_thresh,age_l,age_u,n,med_rsq,CI_95
0,6.0,7.0,10.0,180.0,0.931272771369,0.0639370788063
