,motion_thresh,age_l,age_u,n,med_rsq,CI_95
0,14.0,12.0,15.0,120.0,0.976039129171,0.0194585329405
