,motion_thresh,age_l,age_u,n,med_rsq,CI_95,med_icc,CI_95_icc
0,50.0,8.0,11.0,300.0,0.977486716139,0.0364920859839,0.988708107531,0.018897118353
