,motion_thresh,age_l,age_u,n,med_rsq,CI_95
0,36.0,8.0,11.0,160.0,0.973757728923,0.0344672038082
