,motion_thresh,age_l,age_u,n,med_rsq,CI_95
0,20.0,14.0,17.0,50.0,0.938659494321,0.114122560104
