,motion_thresh,age_l,age_u,n,med_rsq,CI_95
0,42.0,13.0,16.0,60.0,0.95108561574,0.0619369973613
