,motion_thresh,age_l,age_u,n,med_rsq,CI_95
0,4.0,8.0,11.0,30.0,0.895464491723,0.150385459779
