,motion_thresh,age_l,age_u,n,med_rsq,CI_95
0,22.0,10.0,13.0,300.0,0.975926547247,0.0382501663672
