,motion_thresh,age_l,age_u,n,med_rsq,CI_95
0,28.0,10.0,13.0,140.0,0.968734927889,0.0467874686782
