,motion_thresh,age_l,age_u,n,med_rsq,CI_95
0,38.0,6.0,9.0,210.0,0.95043180581,0.0467022168204
