,motion_thresh,age_l,age_u,n,med_rsq,CI_95
0,48.0,7.0,10.0,30.0,0.895469112887,0.184942150987
