,motion_thresh,age_l,age_u,n,med_rsq,CI_95
0,48.0,11.0,14.0,190.0,0.981785949198,0.0218614652547
