,motion_thresh,age_l,age_u,n,med_rsq,CI_95
0,34.0,8.0,11.0,170.0,0.973492690366,0.0322068507599
