,motion_thresh,age_l,age_u,n,med_rsq,CI_95
0,28.0,10.0,13.0,180.0,0.968581912983,0.0627536658721
