,motion_thresh,age_l,age_u,n,med_rsq,CI_95
0,28.0,15.0,18.0,20.0,0.850889036456,0.205823139648
