,motion_thresh,age_l,age_u,n,med_rsq,CI_95
0,44.0,14.0,17.0,220.0,0.975647842077,0.0278734581795
