,motion_thresh,age_l,age_u,n,med_rsq,CI_95
0,42.0,9.0,12.0,200.0,0.97779810564,0.0241632320146
