,motion_thresh,age_l,age_u,n,med_rsq,CI_95,med_icc,CI_95_icc
0,25.0,9.0,12.0,120.0,0.978695310376,0.0239451607435,0.989229440283,0.0121365594443
