,motion_thresh,age_l,age_u,n,med_rsq,CI_95
0,32.0,14.0,17.0,50.0,0.940568054916,0.0888124551524
