,motion_thresh,age_l,age_u,n,med_rsq,CI_95
0,2.0,15.0,18.0,200.0,0.92543621527,0.0479474470951
