,motion_thresh,age_l,age_u,n,med_rsq,CI_95
0,14.0,12.0,15.0,280.0,0.976351527267,0.0176592473157
