,motion_thresh,age_l,age_u,n,med_rsq,CI_95
0,44.0,11.0,14.0,130.0,0.975812985104,0.031497685156
