,motion_thresh,age_l,age_u,n,med_rsq,CI_95
0,26.0,11.0,14.0,160.0,0.979335115938,0.019948222596
