,motion_thresh,age_l,age_u,n,med_rsq,CI_95
0,48.0,9.0,12.0,100.0,0.969512409393,0.0654704391119
