,motion_thresh,age_l,age_u,n,med_rsq,CI_95
0,6.0,13.0,16.0,180.0,0.96895183796,0.0271491958365
