,motion_thresh,age_l,age_u,n,med_rsq,CI_95
0,28.0,8.0,11.0,60.0,0.948626317759,0.0767091810203
