,motion_thresh,age_l,age_u,n,med_rsq,CI_95
0,46.0,14.0,17.0,60.0,0.952072765892,0.0753648117999
