,motion_thresh,age_l,age_u,n,med_rsq,CI_95
0,46.0,15.0,18.0,20.0,0.855711452893,0.240962631441
