,motion_thresh,age_l,age_u,n,med_rsq,CI_95
0,2.0,9.0,12.0,280.0,0.917246793248,0.0342476263076
