,motion_thresh,age_l,age_u,n,med_rsq,CI_95
0,34.0,6.0,9.0,140.0,0.94978145035,0.0577017210977
