,motion_thresh,age_l,age_u,n,med_rsq,CI_95
0,10.0,8.0,11.0,260.0,0.957261828444,0.0274541796824
