,motion_thresh,age_l,age_u,n,med_rsq,CI_95,med_icc,CI_95_icc
0,50.0,9.0,12.0,180.0,0.982500419462,0.0216277984283,0.991143568805,0.0113289006612
