,motion_thresh,age_l,age_u,n,med_rsq,CI_95
0,28.0,7.0,10.0,180.0,0.955681173426,0.093985986823
