,motion_thresh,age_l,age_u,n,med_rsq,CI_95
0,22.0,12.0,15.0,190.0,0.978402900628,0.0243025881409
