,motion_thresh,age_l,age_u,n,med_rsq,CI_95
0,6.0,11.0,14.0,150.0,0.968677694613,0.0161687011028
