,motion_thresh,age_l,age_u,n,med_rsq,CI_95
0,36.0,8.0,11.0,150.0,0.974348889438,0.0274617538294
