,motion_thresh,age_l,age_u,n,med_rsq,CI_95
0,18.0,15.0,18.0,110.0,0.953755242514,0.0881343719728
