,motion_thresh,age_l,age_u,n,med_rsq,CI_95
0,30.0,12.0,15.0,250.0,0.97869397654,0.0246468523398
