,motion_thresh,age_l,age_u,n,med_rsq,CI_95
0,46.0,11.0,14.0,140.0,0.976775891209,0.0412626701694
