,motion_thresh,age_l,age_u,n,med_rsq,CI_95,med_icc,CI_95_icc
0,25.0,7.0,10.0,60.0,0.953166177413,0.0941413111597,0.976454669676,0.0463627872044
