,motion_thresh,age_l,age_u,n,med_rsq,CI_95
0,20.0,12.0,15.0,300.0,0.978935191754,0.0228883501331
