,motion_thresh,age_l,age_u,n,med_rsq,CI_95
0,14.0,14.0,17.0,200.0,0.967128674462,0.0453367776532
