,motion_thresh,age_l,age_u,n,med_rsq,CI_95
0,38.0,14.0,17.0,160.0,0.973925514496,0.0313369675195
