,motion_thresh,age_l,age_u,n,med_rsq,CI_95
0,12.0,9.0,12.0,60.0,0.948486405605,0.0637532551435
