,motion_thresh,age_l,age_u,n,med_rsq,CI_95
0,42.0,8.0,11.0,100.0,0.968155556891,0.0558755135319
