,motion_thresh,age_l,age_u,n,med_rsq,CI_95
0,10.0,15.0,18.0,220.0,0.953635086494,0.0472927084404
