,motion_thresh,age_l,age_u,n,med_rsq,CI_95
0,10.0,10.0,13.0,270.0,0.969269764029,0.024595792768
