,motion_thresh,age_l,age_u,n,med_rsq,CI_95
0,8.0,6.0,9.0,200.0,0.916506641289,0.0590973228333
