,motion_thresh,age_l,age_u,n,med_rsq,CI_95
0,4.0,9.0,12.0,300.0,0.936101973073,0.0473275377594
