,motion_thresh,age_l,age_u,n,med_rsq,CI_95
0,46.0,6.0,9.0,150.0,0.950417025466,0.0401009315876
