,motion_thresh,age_l,age_u,n,med_rsq,CI_95
0,10.0,14.0,17.0,250.0,0.95094299391,0.0784284236453
