,motion_thresh,age_l,age_u,n,med_rsq,CI_95
0,38.0,11.0,14.0,100.0,0.970331478906,0.0315042031159
