,motion_thresh,age_l,age_u,n,med_rsq,CI_95
0,28.0,9.0,12.0,180.0,0.974604302586,0.0335116405257
