,motion_thresh,age_l,age_u,n,med_rsq,CI_95
0,4.0,10.0,13.0,210.0,0.954333927732,0.0320294156485
