,motion_thresh,age_l,age_u,n,med_rsq,CI_95
0,46.0,6.0,9.0,120.0,0.949881137039,0.0525882825378
