,motion_thresh,age_l,age_u,n,med_rsq,CI_95
0,50.0,12.0,15.0,190.0,0.980319428852,0.0280319051437
