,motion_thresh,age_l,age_u,n,med_rsq,CI_95
0,46.0,12.0,15.0,170.0,0.980733122268,0.0271627212503
