,motion_thresh,age_l,age_u,n,med_rsq,CI_95
0,50.0,9.0,12.0,280.0,0.979518318642,0.0161562675876
