,motion_thresh,age_l,age_u,n,med_rsq,CI_95
0,2.0,15.0,18.0,20.0,0.854042866478,0.176495561599
