,motion_thresh,age_l,age_u,n,med_rsq,CI_95
0,34.0,6.0,9.0,230.0,0.949264529286,0.0450852100016
