,motion_thresh,age_l,age_u,n,med_rsq,CI_95
0,32.0,11.0,14.0,10.0,0.721604417885,0.42093168412
