,motion_thresh,age_l,age_u,n,med_rsq,CI_95
0,38.0,9.0,12.0,140.0,0.97560175422,0.0257526207759
