,motion_thresh,age_l,age_u,n,med_rsq,CI_95
0,20.0,6.0,9.0,70.0,0.939462105056,0.0672665556224
