,motion_thresh,age_l,age_u,n,med_rsq,CI_95
0,16.0,7.0,10.0,30.0,0.889792279897,0.165225357538
