,motion_thresh,age_l,age_u,n,med_rsq,CI_95
0,2.0,6.0,9.0,10.0,0.69257752271,0.398702850339
