,motion_thresh,age_l,age_u,n,med_rsq,CI_95
0,2.0,13.0,16.0,10.0,0.705220140639,0.148777905465
