,motion_thresh,age_l,age_u,n,med_rsq,CI_95
0,34.0,8.0,11.0,250.0,0.974437269362,0.0324084036387
