,motion_thresh,age_l,age_u,n,med_rsq,CI_95
0,2.0,12.0,15.0,130.0,0.944819318608,0.0238064025754
