,motion_thresh,age_l,age_u,n,med_rsq,CI_95
0,14.0,11.0,14.0,230.0,0.976043738335,0.0159442341526
