,motion_thresh,age_l,age_u,n,med_rsq,CI_95
0,8.0,7.0,10.0,270.0,0.943237736613,0.0617543378631
