,motion_thresh,age_l,age_u,n,med_rsq,CI_95,med_icc,CI_95_icc
0,5.0,14.0,17.0,210.0,0.962921229983,0.0454593327087,0.981636146046,0.0222284979287
