,motion_thresh,age_l,age_u,n,med_rsq,CI_95
0,8.0,8.0,11.0,60.0,0.950795873885,0.0485519446344
