,motion_thresh,age_l,age_u,n,med_rsq,CI_95
0,28.0,14.0,17.0,120.0,0.972038354477,0.025557416296
