,motion_thresh,age_l,age_u,n,med_rsq,CI_95
0,44.0,11.0,14.0,110.0,0.972113537097,0.0418109723455
