,motion_thresh,age_l,age_u,n,med_rsq,CI_95
0,50.0,9.0,12.0,50.0,0.939422203955,0.104797367306
