,motion_thresh,age_l,age_u,n,med_rsq,CI_95
0,2.0,10.0,13.0,80.0,0.938960228012,0.0317358995644
