,motion_thresh,age_l,age_u,n,med_rsq,CI_95
0,2.0,6.0,9.0,200.0,0.865084849165,0.0803785553695
