,motion_thresh,age_l,age_u,n,med_rsq,CI_95
0,22.0,13.0,16.0,170.0,0.976597629732,0.0254803327484
