,motion_thresh,age_l,age_u,n,med_rsq,CI_95
0,50.0,12.0,15.0,270.0,0.980337484664,0.0272631263682
