,motion_thresh,age_l,age_u,n,med_rsq,CI_95
0,48.0,7.0,10.0,190.0,0.967400461656,0.0420873473529
