,motion_thresh,age_l,age_u,n,med_rsq,CI_95
0,6.0,7.0,10.0,220.0,0.926800745289,0.0671743791255
