,motion_thresh,age_l,age_u,n,med_rsq,CI_95
0,40.0,8.0,11.0,160.0,0.973473163863,0.0308969993711
