,motion_thresh,age_l,age_u,n,med_rsq,CI_95
0,4.0,7.0,10.0,160.0,0.905806023317,0.0829221695881
