,motion_thresh,age_l,age_u,n,med_rsq,CI_95
0,30.0,9.0,12.0,80.0,0.959376496633,0.0529393374294
