,motion_thresh,age_l,age_u,n,med_rsq,CI_95
0,38.0,13.0,16.0,30.0,0.896507352034,0.209740859619
