,motion_thresh,age_l,age_u,n,med_rsq,CI_95
0,40.0,6.0,9.0,130.0,0.951465735679,0.0563073317524
