,motion_thresh,age_l,age_u,n,med_rsq,CI_95
0,46.0,12.0,15.0,30.0,0.900833125332,0.12399117878
