,motion_thresh,age_l,age_u,n,med_rsq,CI_95
0,24.0,11.0,14.0,230.0,0.978346281296,0.028297290905
