,motion_thresh,age_l,age_u,n,med_rsq,CI_95
0,34.0,6.0,9.0,60.0,0.951885953114,0.0446026595684
