,motion_thresh,age_l,age_u,n,med_rsq,CI_95
0,32.0,9.0,12.0,50.0,0.936589310169,0.105944445468
