,motion_thresh,age_l,age_u,n,med_rsq,CI_95
0,18.0,12.0,15.0,300.0,0.976451776004,0.0268881526638
