,motion_thresh,age_l,age_u,n,med_rsq,CI_95
0,4.0,7.0,10.0,200.0,0.921587036251,0.0598697092874
