,motion_thresh,age_l,age_u,n,med_rsq,CI_95
0,36.0,8.0,11.0,40.0,0.922834302166,0.0954723733587
