,motion_thresh,age_l,age_u,n,med_rsq,CI_95
0,6.0,15.0,18.0,20.0,0.846363816595,0.154476459194
