,motion_thresh,age_l,age_u,n,med_rsq,CI_95
0,30.0,13.0,16.0,100.0,0.969408879056,0.0451039023929
