,motion_thresh,age_l,age_u,n,med_rsq,CI_95
0,16.0,13.0,16.0,40.0,0.926474834821,0.0993643810252
