,motion_thresh,age_l,age_u,n,med_rsq,CI_95,med_icc,CI_95_icc
0,5.0,11.0,14.0,30.0,0.912719856187,0.0593320440048,0.957179335814,0.0289151703225
