,motion_thresh,age_l,age_u,n,med_rsq,CI_95
0,44.0,14.0,17.0,270.0,0.975011047797,0.036108135932
