,motion_thresh,age_l,age_u,n,med_rsq,CI_95
0,36.0,9.0,12.0,60.0,0.94846178188,0.0744435672162
