,motion_thresh,age_l,age_u,n,med_rsq,CI_95,med_icc,CI_95_icc
0,35.0,6.0,9.0,270.0,0.954965172583,0.0456253364581,0.977762600196,0.0226058940455
