,motion_thresh,age_l,age_u,n,med_rsq,CI_95
0,32.0,12.0,15.0,240.0,0.978392212794,0.0237639967386
