,motion_thresh,age_l,age_u,n,med_rsq,CI_95
0,42.0,15.0,18.0,290.0,0.967838173599,0.0642013035867
