,motion_thresh,age_l,age_u,n,med_rsq,CI_95
0,2.0,8.0,11.0,230.0,0.908500632028,0.0475322457005
