,motion_thresh,age_l,age_u,n,med_rsq,CI_95
0,50.0,8.0,11.0,260.0,0.972224552869,0.032476267119
