,motion_thresh,age_l,age_u,n,med_rsq,CI_95,med_icc,CI_95_icc
0,40.0,9.0,12.0,240.0,0.980618722272,0.0304363287165,0.990149304051,0.0158232680303
