,motion_thresh,age_l,age_u,n,med_rsq,CI_95
0,24.0,15.0,18.0,20.0,0.848917221549,0.247283527715
