,motion_thresh,age_l,age_u,n,med_rsq,CI_95
0,48.0,9.0,12.0,70.0,0.956220895398,0.065747163353
