,motion_thresh,age_l,age_u,n,med_rsq,CI_95
0,20.0,9.0,12.0,160.0,0.971977629071,0.0331631998621
