,motion_thresh,age_l,age_u,n,med_rsq,CI_95
0,8.0,10.0,13.0,60.0,0.948870897003,0.0678886117269
