,motion_thresh,age_l,age_u,n,med_rsq,CI_95
0,8.0,15.0,18.0,100.0,0.95046152567,0.0617703175647
