,motion_thresh,age_l,age_u,n,med_rsq,CI_95
0,48.0,15.0,18.0,150.0,0.968192980977,0.0391707933291
