,motion_thresh,age_l,age_u,n,med_rsq,CI_95
0,28.0,8.0,11.0,160.0,0.970044556296,0.0359578155619
