,motion_thresh,age_l,age_u,n,med_rsq,CI_95
0,48.0,7.0,10.0,20.0,0.852564288284,0.277347396685
