,motion_thresh,age_l,age_u,n,med_rsq,CI_95
0,32.0,10.0,13.0,270.0,0.978602037317,0.0244051405202
