,motion_thresh,age_l,age_u,n,med_rsq,CI_95
0,2.0,6.0,9.0,60.0,0.865434184714,0.0862469376562
