,motion_thresh,age_l,age_u,n,med_rsq,CI_95
0,40.0,11.0,14.0,40.0,0.924558500493,0.101163187736
