,motion_thresh,age_l,age_u,n,med_rsq,CI_95
0,20.0,11.0,14.0,200.0,0.976814469178,0.0297234952814
