,motion_thresh,age_l,age_u,n,med_rsq,CI_95
0,18.0,9.0,12.0,30.0,0.899731690408,0.129487951416
