,motion_thresh,age_l,age_u,n,med_rsq,CI_95
0,8.0,12.0,15.0,160.0,0.972398760452,0.0311754067512
