,motion_thresh,age_l,age_u,n,med_rsq,CI_95,med_icc,CI_95_icc
0,35.0,6.0,9.0,120.0,0.955774206547,0.0572253882148,0.978137821979,0.0279694581731
