,motion_thresh,age_l,age_u,n,med_rsq,CI_95
0,6.0,9.0,12.0,160.0,0.947244701058,0.0197634839668
