,motion_thresh,age_l,age_u,n,med_rsq,CI_95
0,30.0,11.0,14.0,70.0,0.956701914105,0.0606516084273
