,motion_thresh,age_l,age_u,n,med_rsq,CI_95,med_icc,CI_95_icc
0,30.0,8.0,11.0,60.0,0.952633353312,0.0600930765058,0.976368172798,0.0308778934115
