,motion_thresh,age_l,age_u,n,med_rsq,CI_95
0,34.0,9.0,12.0,140.0,0.976086328278,0.0307996881614
