,motion_thresh,age_l,age_u,n,med_rsq,CI_95
0,40.0,6.0,9.0,290.0,0.945460025246,0.0511974004855
