,motion_thresh,age_l,age_u,n,med_rsq,CI_95
0,48.0,12.0,15.0,40.0,0.924404382001,0.124506002819
