,motion_thresh,age_l,age_u,n,med_rsq,CI_95
0,40.0,11.0,14.0,290.0,0.979982870061,0.0205497557805
