,motion_thresh,age_l,age_u,n,med_rsq,CI_95
0,8.0,9.0,12.0,130.0,0.953201300877,0.0558496433378
