,motion_thresh,age_l,age_u,n,med_rsq,CI_95
0,20.0,15.0,18.0,80.0,0.959044913597,0.0577725840709
