,motion_thresh,age_l,age_u,n,med_rsq,CI_95
0,46.0,9.0,12.0,270.0,0.977829710292,0.0267866796767
