,motion_thresh,age_l,age_u,n,med_rsq,CI_95
0,42.0,11.0,14.0,280.0,0.979209901516,0.0280151365426
