,motion_thresh,age_l,age_u,n,med_rsq,CI_95
0,2.0,15.0,18.0,120.0,0.928969900764,0.0435206552663
