,motion_thresh,age_l,age_u,n,med_rsq,CI_95
0,42.0,10.0,13.0,290.0,0.972680464723,0.0452509550671
