,motion_thresh,age_l,age_u,n,med_rsq,CI_95
0,2.0,15.0,18.0,130.0,0.935637072995,0.0269723773954
