,motion_thresh,age_l,age_u,n,med_rsq,CI_95
0,2.0,8.0,11.0,160.0,0.915449047831,0.0309245895629
