,motion_thresh,age_l,age_u,n,med_rsq,CI_95
0,40.0,6.0,9.0,300.0,0.950384404877,0.052272855624
