,motion_thresh,age_l,age_u,n,med_rsq,CI_95
0,36.0,12.0,15.0,300.0,0.979179442975,0.02420448305
