,motion_thresh,age_l,age_u,n,med_rsq,CI_95
0,36.0,10.0,13.0,30.0,0.905568538677,0.13244143696
