,motion_thresh,age_l,age_u,n,med_rsq,CI_95
0,28.0,12.0,15.0,260.0,0.977806709683,0.0221594595955
