,motion_thresh,age_l,age_u,n,med_rsq,CI_95
0,12.0,7.0,10.0,240.0,0.952584564422,0.069687602653
