,motion_thresh,age_l,age_u,n,med_rsq,CI_95
0,6.0,12.0,15.0,50.0,0.939939745259,0.0955992181887
