,motion_thresh,age_l,age_u,n,med_rsq,CI_95,med_icc,CI_95_icc
0,10.0,11.0,14.0,240.0,0.97711633801,0.0239981103105,0.988522582106,0.0116433473844
