,motion_thresh,age_l,age_u,n,med_rsq,CI_95
0,34.0,10.0,13.0,200.0,0.976648770099,0.03896436857
