,motion_thresh,age_l,age_u,n,med_rsq,CI_95
0,10.0,12.0,15.0,200.0,0.972318325115,0.0241258911746
