,motion_thresh,age_l,age_u,n,med_rsq,CI_95
0,44.0,8.0,11.0,160.0,0.974072171016,0.0415459868028
