,motion_thresh,age_l,age_u,n,med_rsq,CI_95
0,8.0,15.0,18.0,260.0,0.948770575643,0.0748601366632
