,motion_thresh,age_l,age_u,n,med_rsq,CI_95
0,24.0,6.0,9.0,20.0,0.850219688243,0.245343593655
