,motion_thresh,age_l,age_u,n,med_rsq,CI_95
0,38.0,12.0,15.0,40.0,0.927734007213,0.0818836703195
