,motion_thresh,age_l,age_u,n,med_rsq,CI_95
0,12.0,12.0,15.0,180.0,0.975053976036,0.0249899926419
