,motion_thresh,age_l,age_u,n,med_rsq,CI_95
0,10.0,8.0,11.0,100.0,0.957647045028,0.036670651456
