,motion_thresh,age_l,age_u,n,med_rsq,CI_95
0,50.0,13.0,16.0,140.0,0.977433538204,0.0279733416363
