,motion_thresh,age_l,age_u,n,med_rsq,CI_95
0,40.0,12.0,15.0,30.0,0.898716340715,0.154497104042
