,motion_thresh,age_l,age_u,n,med_rsq,CI_95,med_icc,CI_95_icc
0,50.0,9.0,12.0,30.0,0.904011604492,0.162118994092,0.952759928331,0.079101102582
