,motion_thresh,age_l,age_u,n,med_rsq,CI_95
0,44.0,7.0,10.0,20.0,0.844468423158,0.242134270989
