,motion_thresh,age_l,age_u,n,med_rsq,CI_95,med_icc,CI_95_icc
0,15.0,14.0,17.0,270.0,0.974767189221,0.0211168059847,0.987353296291,0.0109142103034
