,motion_thresh,age_l,age_u,n,med_rsq,CI_95
0,46.0,12.0,15.0,90.0,0.967446996036,0.0503293409124
