,motion_thresh,age_l,age_u,n,med_rsq,CI_95
0,34.0,13.0,16.0,90.0,0.965097606909,0.0396214664484
