,motion_thresh,age_l,age_u,n,med_rsq,CI_95,med_icc,CI_95_icc
0,40.0,7.0,10.0,120.0,0.970442458872,0.0371898569596,0.985553181484,0.0181653909709
