,motion_thresh,age_l,age_u,n,med_rsq,CI_95
0,22.0,12.0,15.0,70.0,0.95562611737,0.0733966724315
