,motion_thresh,age_l,age_u,n,med_rsq,CI_95
0,18.0,10.0,13.0,220.0,0.973816253285,0.0311700445981
