,motion_thresh,age_l,age_u,n,med_rsq,CI_95
0,22.0,11.0,14.0,180.0,0.979492805719,0.0212183821374
