,motion_thresh,age_l,age_u,n,med_rsq,CI_95,med_icc,CI_95_icc
0,50.0,7.0,10.0,270.0,0.972600298714,0.0365401299495,0.986359970491,0.0190025104471
