,motion_thresh,age_l,age_u,n,med_rsq,CI_95
0,22.0,8.0,11.0,280.0,0.968495355297,0.03062265498
