,motion_thresh,age_l,age_u,n,med_rsq,CI_95
0,4.0,8.0,11.0,300.0,0.933945247341,0.0671064661269
