,motion_thresh,age_l,age_u,n,med_rsq,CI_95
0,42.0,7.0,10.0,300.0,0.967171175496,0.0473635030353
