,motion_thresh,age_l,age_u,n,med_rsq,CI_95
0,6.0,9.0,12.0,30.0,0.897968364308,0.126663780793
