,motion_thresh,age_l,age_u,n,med_rsq,CI_95
0,6.0,11.0,14.0,240.0,0.969963025449,0.0191015148594
