,motion_thresh,age_l,age_u,n,med_rsq,CI_95
0,24.0,15.0,18.0,220.0,0.960136387857,0.0698171387362
