,motion_thresh,age_l,age_u,n,med_rsq,CI_95
0,14.0,14.0,17.0,240.0,0.965466010975,0.0445769390906
