,motion_thresh,age_l,age_u,n,med_rsq,CI_95
0,38.0,12.0,15.0,120.0,0.974230840937,0.0277763279301
