,motion_thresh,age_l,age_u,n,med_rsq,CI_95
0,2.0,14.0,17.0,220.0,0.944626491625,0.0414576691165
