,motion_thresh,age_l,age_u,n,med_rsq,CI_95
0,6.0,9.0,12.0,220.0,0.948494866423,0.025671093341
