,motion_thresh,age_l,age_u,n,med_rsq,CI_95
0,4.0,10.0,13.0,200.0,0.954745607779,0.0463958721468
