,motion_thresh,age_l,age_u,n,med_rsq,CI_95
0,28.0,8.0,11.0,210.0,0.968878779366,0.0363515247531
