,motion_thresh,age_l,age_u,n,med_rsq,CI_95
0,22.0,12.0,15.0,210.0,0.977598780612,0.0238542064903
