,motion_thresh,age_l,age_u,n,med_rsq,CI_95
0,18.0,7.0,10.0,290.0,0.957269413944,0.0487680968259
