,motion_thresh,age_l,age_u,n,med_rsq,CI_95
0,38.0,6.0,9.0,180.0,0.945317312824,0.0611576734964
