,motion_thresh,age_l,age_u,n,med_rsq,CI_95
0,44.0,9.0,12.0,270.0,0.978386325685,0.0209307915952
