,motion_thresh,age_l,age_u,n,med_rsq,CI_95
0,42.0,8.0,11.0,180.0,0.973147330427,0.0256958150385
