,motion_thresh,age_l,age_u,n,med_rsq,CI_95
0,44.0,9.0,12.0,100.0,0.968462366622,0.04363887829
