,motion_thresh,age_l,age_u,n,med_rsq,CI_95
0,40.0,10.0,13.0,60.0,0.949811391293,0.055396174202
