,motion_thresh,age_l,age_u,n,med_rsq,CI_95
0,26.0,9.0,12.0,230.0,0.976968280972,0.0293871415616
