,motion_thresh,age_l,age_u,n,med_rsq,CI_95
0,32.0,9.0,12.0,90.0,0.964840075993,0.0364286170168
