,motion_thresh,age_l,age_u,n,med_rsq,CI_95
0,32.0,11.0,14.0,270.0,0.979889611973,0.0169484818815
