,motion_thresh,age_l,age_u,n,med_rsq,CI_95
0,6.0,10.0,13.0,140.0,0.952425136434,0.0429114279502
