,motion_thresh,age_l,age_u,n,med_rsq,CI_95
0,34.0,12.0,15.0,130.0,0.975266708969,0.024499121036
