,motion_thresh,age_l,age_u,n,med_rsq,CI_95
0,26.0,6.0,9.0,300.0,0.947391828598,0.0760303707982
