,motion_thresh,age_l,age_u,n,med_rsq,CI_95
0,34.0,7.0,10.0,80.0,0.958546559611,0.0815640282897
