,motion_thresh,age_l,age_u,n,med_rsq,CI_95
0,6.0,10.0,13.0,120.0,0.957816794501,0.0326604167819
