,motion_thresh,age_l,age_u,n,med_rsq,CI_95
0,4.0,15.0,18.0,20.0,0.852218297128,0.159194335133
