,motion_thresh,age_l,age_u,n,med_rsq,CI_95
0,50.0,9.0,12.0,70.0,0.954989046698,0.0796280194799
