,motion_thresh,age_l,age_u,n,med_rsq,CI_95
0,32.0,15.0,18.0,20.0,0.849934070446,0.27053452613
