,motion_thresh,age_l,age_u,n,med_rsq,CI_95
0,8.0,6.0,9.0,160.0,0.918832277403,0.0490256305779
