,motion_thresh,age_l,age_u,n,med_rsq,CI_95,med_icc,CI_95_icc
0,40.0,14.0,17.0,300.0,0.975643631573,0.0371175801021,0.987786060626,0.0177331470684
