,motion_thresh,age_l,age_u,n,med_rsq,CI_95
0,4.0,10.0,13.0,230.0,0.954400645417,0.0306162724876
