,motion_thresh,age_l,age_u,n,med_rsq,CI_95,med_icc,CI_95_icc
0,5.0,11.0,14.0,90.0,0.971216782877,0.0189983813557,0.985846997371,0.00894225400031
