,motion_thresh,age_l,age_u,n,med_rsq,CI_95
0,14.0,10.0,13.0,110.0,0.973646121759,0.0214071795938
