,motion_thresh,age_l,age_u,n,med_rsq,CI_95
0,28.0,9.0,12.0,170.0,0.975313467215,0.0256649843203
