,motion_thresh,age_l,age_u,n,med_rsq,CI_95
0,38.0,15.0,18.0,80.0,0.960358979669,0.0726043148138
