,motion_thresh,age_l,age_u,n,med_rsq,CI_95
0,28.0,8.0,11.0,50.0,0.939008410407,0.0764133045902
