,motion_thresh,age_l,age_u,n,med_rsq,CI_95
0,32.0,6.0,9.0,170.0,0.945084072943,0.0639367654958
