,motion_thresh,age_l,age_u,n,med_rsq,CI_95
0,30.0,6.0,9.0,250.0,0.94737218465,0.0616974504608
