,motion_thresh,age_l,age_u,n,med_rsq,CI_95
0,18.0,11.0,14.0,170.0,0.978049007941,0.0171731294238
