,motion_thresh,age_l,age_u,n,med_rsq,CI_95
0,30.0,13.0,16.0,50.0,0.940479661453,0.0705001067164
