,motion_thresh,age_l,age_u,n,med_rsq,CI_95
0,6.0,6.0,9.0,130.0,0.896955096366,0.0714803763005
