,motion_thresh,age_l,age_u,n,med_rsq,CI_95
0,4.0,6.0,9.0,50.0,0.903555475173,0.0643777017759
