,motion_thresh,age_l,age_u,n,med_rsq,CI_95
0,2.0,13.0,16.0,140.0,0.935152487795,0.0471376059149
