,motion_thresh,age_l,age_u,n,med_rsq,CI_95
0,34.0,13.0,16.0,220.0,0.976241471061,0.0387018157966
