,motion_thresh,age_l,age_u,n,med_rsq,CI_95
0,18.0,12.0,15.0,130.0,0.976767335754,0.0290323284495
