,motion_thresh,age_l,age_u,n,med_rsq,CI_95
0,6.0,13.0,16.0,50.0,0.9382784332,0.061385289099
