,motion_thresh,age_l,age_u,n,med_rsq,CI_95,med_icc,CI_95_icc
0,25.0,15.0,18.0,210.0,0.969303684552,0.0446012203195,0.984579124728,0.0223186962589
