,motion_thresh,age_l,age_u,n,med_rsq,CI_95
0,16.0,6.0,9.0,130.0,0.940354275351,0.0494987272123
