,motion_thresh,age_l,age_u,n,med_rsq,CI_95,med_icc,CI_95_icc
0,10.0,9.0,12.0,270.0,0.968844517981,0.0182889515707,0.984352752586,0.00898759193478
