,motion_thresh,age_l,age_u,n,med_rsq,CI_95
0,8.0,11.0,14.0,140.0,0.968321113916,0.0325177089389
