,motion_thresh,age_l,age_u,n,med_rsq,CI_95
0,24.0,13.0,16.0,280.0,0.97627626291,0.025703916672
