,motion_thresh,age_l,age_u,n,med_rsq,CI_95
0,14.0,15.0,18.0,290.0,0.956240519539,0.0677861681347
