,motion_thresh,age_l,age_u,n,med_rsq,CI_95
0,44.0,12.0,15.0,120.0,0.974485333659,0.0316037074442
