,motion_thresh,age_l,age_u,n,med_rsq,CI_95
0,44.0,11.0,14.0,60.0,0.950666185578,0.0606885208802
