,motion_thresh,age_l,age_u,n,med_rsq,CI_95
0,4.0,10.0,13.0,150.0,0.951861817913,0.0427613267367
