,motion_thresh,age_l,age_u,n,med_rsq,CI_95,med_icc,CI_95_icc
0,35.0,14.0,17.0,210.0,0.97748329575,0.0341751183511,0.988880886287,0.0163203744563
