,motion_thresh,age_l,age_u,n,med_rsq,CI_95,med_icc,CI_95_icc
0,10.0,15.0,18.0,240.0,0.959652063748,0.0433864821839,0.979776239909,0.0218798378721
