,motion_thresh,age_l,age_u,n,med_rsq,CI_95
0,14.0,7.0,10.0,270.0,0.955716572863,0.0522438202163
