,motion_thresh,age_l,age_u,n,med_rsq,CI_95
0,2.0,13.0,16.0,110.0,0.939599292132,0.0669762538294
