,motion_thresh,age_l,age_u,n,med_rsq,CI_95
0,8.0,15.0,18.0,230.0,0.949644148231,0.0710589819667
