,motion_thresh,age_l,age_u,n,med_rsq,CI_95
0,32.0,14.0,17.0,170.0,0.973883575008,0.0398293052705
