,motion_thresh,age_l,age_u,n,med_rsq,CI_95
0,16.0,6.0,9.0,20.0,0.84696139308,0.209821216981
