,motion_thresh,age_l,age_u,n,med_rsq,CI_95
0,2.0,8.0,11.0,70.0,0.905491290713,0.0244218085209
