,motion_thresh,age_l,age_u,n,med_rsq,CI_95
0,4.0,6.0,9.0,20.0,0.869300546663,0.046750947185
