,motion_thresh,age_l,age_u,n,med_rsq,CI_95
0,4.0,7.0,10.0,230.0,0.91929229532,0.06821454207
