,motion_thresh,age_l,age_u,n,med_rsq,CI_95
0,46.0,8.0,11.0,230.0,0.974411737624,0.0258052353745
