,motion_thresh,age_l,age_u,n,med_rsq,CI_95
0,16.0,11.0,14.0,80.0,0.963778066787,0.0415200818958
