,motion_thresh,age_l,age_u,n,med_rsq,CI_95
0,14.0,9.0,12.0,220.0,0.951454339045,0.0693029399997
