,motion_thresh,age_l,age_u,n,med_rsq,CI_95
0,46.0,8.0,11.0,50.0,0.938175890425,0.0852381613027
