,motion_thresh,age_l,age_u,n,med_rsq,CI_95
0,44.0,6.0,9.0,50.0,0.937875568724,0.0826030565662
