,motion_thresh,age_l,age_u,n,med_rsq,CI_95
0,4.0,15.0,18.0,70.0,0.93851310678,0.0754825829828
