,motion_thresh,age_l,age_u,n,med_rsq,CI_95
0,48.0,9.0,12.0,90.0,0.964127797105,0.050125130327
