,motion_thresh,age_l,age_u,n,med_rsq,CI_95
0,18.0,11.0,14.0,20.0,0.854540749969,0.172155114238
