,motion_thresh,age_l,age_u,n,med_rsq,CI_95,med_icc,CI_95_icc
0,15.0,14.0,17.0,90.0,0.968774944511,0.045020737107,0.98439677264,0.02207350823
