,motion_thresh,age_l,age_u,n,med_rsq,CI_95
0,6.0,7.0,10.0,230.0,0.926855573858,0.0637645898635
