,motion_thresh,age_l,age_u,n,med_rsq,CI_95,med_icc,CI_95_icc
0,10.0,10.0,13.0,90.0,0.971005795691,0.0271287296865,0.985769327413,0.0130001717659
