,motion_thresh,age_l,age_u,n,med_rsq,CI_95
0,30.0,13.0,16.0,160.0,0.976395254554,0.0186989303517
