,motion_thresh,age_l,age_u,n,med_rsq,CI_95
0,32.0,15.0,18.0,140.0,0.967256617704,0.0430262218293
