,motion_thresh,age_l,age_u,n,med_rsq,CI_95
0,8.0,6.0,9.0,130.0,0.919070200393,0.0460683444145
