,motion_thresh,age_l,age_u,n,med_rsq,CI_95
0,4.0,7.0,10.0,60.0,0.918631958216,0.0593359037627
