,motion_thresh,age_l,age_u,n,med_rsq,CI_95
0,8.0,6.0,9.0,190.0,0.920476567439,0.0490126455773
