,motion_thresh,age_l,age_u,n,med_rsq,CI_95
0,30.0,12.0,15.0,40.0,0.923863826191,0.075866937074
