,motion_thresh,age_l,age_u,n,med_rsq,CI_95
0,38.0,10.0,13.0,300.0,0.980704705309,0.028695420301
