,motion_thresh,age_l,age_u,n,med_rsq,CI_95
0,14.0,6.0,9.0,70.0,0.933133008482,0.0768160629428
