,motion_thresh,age_l,age_u,n,med_rsq,CI_95
0,44.0,6.0,9.0,10.0,0.698682751833,0.449516329308
