,motion_thresh,age_l,age_u,n,med_rsq,CI_95
0,26.0,8.0,11.0,130.0,0.9716548637,0.0314849847562
