,motion_thresh,age_l,age_u,n,med_rsq,CI_95
0,4.0,10.0,13.0,200.0,0.956813613043,0.0213457295232
