,motion_thresh,age_l,age_u,n,med_rsq,CI_95
0,6.0,14.0,17.0,120.0,0.964517502072,0.0216427037689
