,motion_thresh,age_l,age_u,n,med_rsq,CI_95
0,26.0,8.0,11.0,190.0,0.969227341015,0.0304484023039
