,motion_thresh,age_l,age_u,n,med_rsq,CI_95
0,28.0,12.0,15.0,300.0,0.978492966253,0.0282082535314
