,motion_thresh,age_l,age_u,n,med_rsq,CI_95
0,12.0,15.0,18.0,80.0,0.958937818228,0.0441032614413
