,motion_thresh,age_l,age_u,n,med_rsq,CI_95
0,50.0,7.0,10.0,130.0,0.967404379268,0.0323490086306
