,motion_thresh,age_l,age_u,n,med_rsq,CI_95
0,14.0,12.0,15.0,290.0,0.976593937794,0.0197105556813
