,motion_thresh,age_l,age_u,n,med_rsq,CI_95
0,34.0,7.0,10.0,120.0,0.963284856696,0.0448485177614
