,motion_thresh,age_l,age_u,n,med_rsq,CI_95
0,8.0,8.0,11.0,260.0,0.955902814841,0.033705829986
