,motion_thresh,age_l,age_u,n,med_rsq,CI_95
0,26.0,7.0,10.0,250.0,0.927463968747,0.1216799896
