,motion_thresh,age_l,age_u,n,med_rsq,CI_95
0,2.0,13.0,16.0,70.0,0.943663013753,0.035764390507
