,motion_thresh,age_l,age_u,n,med_rsq,CI_95
0,10.0,9.0,12.0,40.0,0.922065668734,0.117631353867
