,motion_thresh,age_l,age_u,n,med_rsq,CI_95
0,2.0,8.0,11.0,270.0,0.909398156441,0.0554618955891
