,motion_thresh,age_l,age_u,n,med_rsq,CI_95
0,48.0,12.0,15.0,80.0,0.962941875592,0.0509592581955
