,motion_thresh,age_l,age_u,n,med_rsq,CI_95
0,2.0,8.0,11.0,190.0,0.906388554367,0.0486660504937
