,motion_thresh,age_l,age_u,n,med_rsq,CI_95
0,8.0,11.0,14.0,130.0,0.969710577636,0.0302527712436
