,motion_thresh,age_l,age_u,n,med_rsq,CI_95
0,44.0,6.0,9.0,180.0,0.947173850655,0.0541108933614
