,motion_thresh,age_l,age_u,n,med_rsq,CI_95
0,2.0,7.0,10.0,20.0,0.829882980586,0.21536215079
