,motion_thresh,age_l,age_u,n,med_rsq,CI_95
0,26.0,7.0,10.0,160.0,0.929783730676,0.125694171556
