,motion_thresh,age_l,age_u,n,med_rsq,CI_95
0,36.0,10.0,13.0,210.0,0.980564902684,0.0202351094724
