,motion_thresh,age_l,age_u,n,med_rsq,CI_95
0,18.0,14.0,17.0,270.0,0.965397133289,0.0608905539112
