,motion_thresh,age_l,age_u,n,med_rsq,CI_95
0,26.0,8.0,11.0,120.0,0.969691777951,0.034043973994
