,motion_thresh,age_l,age_u,n,med_rsq,CI_95
0,8.0,11.0,14.0,50.0,0.941413440531,0.0627355983105
