,motion_thresh,age_l,age_u,n,med_rsq,CI_95,med_icc,CI_95_icc
0,10.0,10.0,13.0,60.0,0.957647299354,0.0547869214763,0.978787230401,0.0261447869049
