,motion_thresh,age_l,age_u,n,med_rsq,CI_95
0,34.0,11.0,14.0,190.0,0.980446117886,0.0300462054603
