,motion_thresh,age_l,age_u,n,med_rsq,CI_95
0,6.0,10.0,13.0,80.0,0.959851890454,0.0211612282276
