,motion_thresh,age_l,age_u,n,med_rsq,CI_95
0,22.0,12.0,15.0,300.0,0.978240789798,0.0199757742358
