,motion_thresh,age_l,age_u,n,med_rsq,CI_95
0,50.0,15.0,18.0,240.0,0.967514745811,0.0609903937443
