,motion_thresh,age_l,age_u,n,med_rsq,CI_95
0,14.0,14.0,17.0,220.0,0.968642415727,0.0515923173626
