,motion_thresh,age_l,age_u,n,med_rsq,CI_95
0,2.0,7.0,10.0,160.0,0.874136867605,0.132533096719
