,motion_thresh,age_l,age_u,n,med_rsq,CI_95,med_icc,CI_95_icc
0,15.0,13.0,16.0,120.0,0.970203342889,0.0427767707147,0.985133025731,0.0219411530497
