,motion_thresh,age_l,age_u,n,med_rsq,CI_95
0,34.0,8.0,11.0,70.0,0.955747754968,0.0624509164941
