,motion_thresh,age_l,age_u,n,med_rsq,CI_95
0,28.0,7.0,10.0,10.0,0.72083856577,0.359060516087
