,motion_thresh,age_l,age_u,n,med_rsq,CI_95
0,4.0,9.0,12.0,100.0,0.941777032229,0.043125452152
