,motion_thresh,age_l,age_u,n,med_rsq,CI_95
0,32.0,8.0,11.0,170.0,0.972705495481,0.0343382727157
