,motion_thresh,age_l,age_u,n,med_rsq,CI_95
0,48.0,8.0,11.0,20.0,0.846838062577,0.221980240653
