,motion_thresh,age_l,age_u,n,med_rsq,CI_95
0,18.0,6.0,9.0,40.0,0.92189737984,0.117374296548
