,motion_thresh,age_l,age_u,n,med_rsq,CI_95
0,32.0,14.0,17.0,60.0,0.945564312596,0.0723174342615
