,motion_thresh,age_l,age_u,n,med_rsq,CI_95
0,28.0,15.0,18.0,290.0,0.966440338417,0.0291286386387
