,motion_thresh,age_l,age_u,n,med_rsq,CI_95
0,12.0,13.0,16.0,20.0,0.851956442532,0.219460722395
