,motion_thresh,age_l,age_u,n,med_rsq,CI_95
0,16.0,7.0,10.0,150.0,0.941771799048,0.0753860336982
