,motion_thresh,age_l,age_u,n,med_rsq,CI_95
0,46.0,11.0,14.0,30.0,0.900620585289,0.149681362587
