,motion_thresh,age_l,age_u,n,med_rsq,CI_95,med_icc,CI_95_icc
0,50.0,11.0,14.0,30.0,0.909587796129,0.129951938798,0.955943371242,0.0609798336627
