,motion_thresh,age_l,age_u,n,med_rsq,CI_95
0,50.0,6.0,9.0,40.0,0.916938987063,0.0993669141445
