,motion_thresh,age_l,age_u,n,med_rsq,CI_95
0,38.0,12.0,15.0,140.0,0.979125792184,0.0303547932331
