,motion_thresh,age_l,age_u,n,med_rsq,CI_95
0,32.0,9.0,12.0,30.0,0.900573075389,0.138969839874
