,motion_thresh,age_l,age_u,n,med_rsq,CI_95
0,20.0,10.0,13.0,160.0,0.972970607196,0.0377734656097
