,motion_thresh,age_l,age_u,n,med_rsq,CI_95
0,40.0,11.0,14.0,70.0,0.958258177109,0.0692486491232
