,motion_thresh,age_l,age_u,n,med_rsq,CI_95
0,40.0,14.0,17.0,160.0,0.972907834116,0.0369051516627
