,motion_thresh,age_l,age_u,n,med_rsq,CI_95
0,16.0,15.0,18.0,40.0,0.92628240867,0.0865723941766
