,motion_thresh,age_l,age_u,n,med_rsq,CI_95
0,10.0,9.0,12.0,270.0,0.964058086795,0.0247122788549
