,motion_thresh,age_l,age_u,n,med_rsq,CI_95
0,24.0,9.0,12.0,180.0,0.97463699614,0.0326973066377
