,motion_thresh,age_l,age_u,n,med_rsq,CI_95
0,36.0,7.0,10.0,290.0,0.962398563363,0.0249011602286
