,motion_thresh,age_l,age_u,n,med_rsq,CI_95
0,6.0,6.0,9.0,190.0,0.899135008498,0.0785769165511
