,motion_thresh,age_l,age_u,n,med_rsq,CI_95
0,44.0,13.0,16.0,30.0,0.900841822731,0.145868590591
