,motion_thresh,age_l,age_u,n,med_rsq,CI_95
0,32.0,14.0,17.0,90.0,0.966032353226,0.0603201565154
