,motion_thresh,age_l,age_u,n,med_rsq,CI_95
0,30.0,15.0,18.0,90.0,0.966565745485,0.0373315278333
