,motion_thresh,age_l,age_u,n,med_rsq,CI_95
0,12.0,13.0,16.0,260.0,0.958087944124,0.0494998524811
