,motion_thresh,age_l,age_u,n,med_rsq,CI_95
0,22.0,11.0,14.0,160.0,0.979860114637,0.0206474024284
