,motion_thresh,age_l,age_u,n,med_rsq,CI_95
0,4.0,7.0,10.0,60.0,0.915169575846,0.0888394542312
