,motion_thresh,age_l,age_u,n,med_rsq,CI_95
0,6.0,11.0,14.0,30.0,0.902355818641,0.0569400254743
