,motion_thresh,age_l,age_u,n,med_rsq,CI_95
0,2.0,11.0,14.0,110.0,0.944796720305,0.030010496926
