,motion_thresh,age_l,age_u,n,med_rsq,CI_95,med_icc,CI_95_icc
0,35.0,7.0,10.0,180.0,0.967632780703,0.0403724916472,0.984190296187,0.0210261553208
