,motion_thresh,age_l,age_u,n,med_rsq,CI_95
0,28.0,10.0,13.0,270.0,0.971777309557,0.0635562376794
