,motion_thresh,age_l,age_u,n,med_rsq,CI_95
0,30.0,12.0,15.0,300.0,0.976916735426,0.0297250004458
