,motion_thresh,age_l,age_u,n,med_rsq,CI_95
0,48.0,14.0,17.0,170.0,0.976224848795,0.0293767081119
