,motion_thresh,age_l,age_u,n,med_rsq,CI_95
0,50.0,9.0,12.0,210.0,0.979994840088,0.0221543160988
