,motion_thresh,age_l,age_u,n,med_rsq,CI_95
0,50.0,9.0,12.0,190.0,0.979654016043,0.0232293744091
