,motion_thresh,age_l,age_u,n,med_rsq,CI_95
0,4.0,13.0,16.0,230.0,0.963244473861,0.0230040606474
