,motion_thresh,age_l,age_u,n,med_rsq,CI_95
0,50.0,15.0,18.0,100.0,0.968346212485,0.0488893229186
