,motion_thresh,age_l,age_u,n,med_rsq,CI_95
0,46.0,6.0,9.0,20.0,0.840158729316,0.308010258095
