,motion_thresh,age_l,age_u,n,med_rsq,CI_95
0,34.0,13.0,16.0,240.0,0.97685179715,0.0214299622714
