,motion_thresh,age_l,age_u,n,med_rsq,CI_95
0,10.0,6.0,9.0,190.0,0.927737913316,0.0558425329081
