,motion_thresh,age_l,age_u,n,med_rsq,CI_95
0,34.0,14.0,17.0,110.0,0.971152377285,0.0527202145463
