,motion_thresh,age_l,age_u,n,med_rsq,CI_95
0,50.0,6.0,9.0,220.0,0.949585492704,0.0624537629095
