,motion_thresh,age_l,age_u,n,med_rsq,CI_95
0,24.0,6.0,9.0,90.0,0.94415103635,0.0548067492882
