,motion_thresh,age_l,age_u,n,med_rsq,CI_95
0,16.0,13.0,16.0,250.0,0.974057964449,0.0333495266267
