,motion_thresh,age_l,age_u,n,med_rsq,CI_95
0,14.0,14.0,17.0,40.0,0.92729565754,0.103011883555
