,motion_thresh,age_l,age_u,n,med_rsq,CI_95
0,44.0,14.0,17.0,150.0,0.975605289577,0.0259532509378
