,motion_thresh,age_l,age_u,n,med_rsq,CI_95
0,2.0,8.0,11.0,260.0,0.910828689918,0.0521152061648
