,motion_thresh,age_l,age_u,n,med_rsq,CI_95
0,18.0,9.0,12.0,90.0,0.965310088695,0.0492630824885
