,motion_thresh,age_l,age_u,n,med_rsq,CI_95
0,46.0,8.0,11.0,260.0,0.975132869969,0.0371357473545
