,motion_thresh,age_l,age_u,n,med_rsq,CI_95
0,2.0,10.0,13.0,150.0,0.937379194512,0.0378142010093
