,motion_thresh,age_l,age_u,n,med_rsq,CI_95
0,36.0,12.0,15.0,180.0,0.978124313209,0.0213500531559
