,motion_thresh,age_l,age_u,n,med_rsq,CI_95
0,32.0,14.0,17.0,200.0,0.970924489921,0.0340074506353
