,motion_thresh,age_l,age_u,n,med_rsq,CI_95
0,22.0,10.0,13.0,190.0,0.975508811942,0.0353682089382
