,motion_thresh,age_l,age_u,n,med_rsq,CI_95
0,30.0,8.0,11.0,80.0,0.961058622005,0.0534056448165
