,motion_thresh,age_l,age_u,n,med_rsq,CI_95
0,26.0,10.0,13.0,90.0,0.96500657546,0.0337736294832
