,motion_thresh,age_l,age_u,n,med_rsq,CI_95
0,40.0,15.0,18.0,170.0,0.967694524563,0.0513468421481
