,motion_thresh,age_l,age_u,n,med_rsq,CI_95
0,24.0,14.0,17.0,300.0,0.969668759227,0.0494912668507
