,motion_thresh,age_l,age_u,n,med_rsq,CI_95
0,32.0,11.0,14.0,130.0,0.976070290829,0.032464776758
