,motion_thresh,age_l,age_u,n,med_rsq,CI_95
0,46.0,7.0,10.0,60.0,0.947526742509,0.0855864909687
