,motion_thresh,age_l,age_u,n,med_rsq,CI_95
0,36.0,9.0,12.0,300.0,0.976787708172,0.0275520546531
