,motion_thresh,age_l,age_u,n,med_rsq,CI_95
0,42.0,10.0,13.0,270.0,0.973012103632,0.0408928945353
