,motion_thresh,age_l,age_u,n,med_rsq,CI_95
0,32.0,15.0,18.0,10.0,0.725292948847,0.349764007787
