,motion_thresh,age_l,age_u,n,med_rsq,CI_95
0,4.0,13.0,16.0,300.0,0.962725289223,0.0246540813369
