,motion_thresh,age_l,age_u,n,med_rsq,CI_95
0,46.0,8.0,11.0,120.0,0.974264523037,0.0344505157196
