,motion_thresh,age_l,age_u,n,med_rsq,CI_95,med_icc,CI_95_icc
0,40.0,8.0,11.0,210.0,0.976397252471,0.0341558753387,0.988302192517,0.0173249238614
