,motion_thresh,age_l,age_u,n,med_rsq,CI_95
0,22.0,8.0,11.0,170.0,0.969227278844,0.0335007215171
