,motion_thresh,age_l,age_u,n,med_rsq,CI_95
0,50.0,7.0,10.0,140.0,0.967692523241,0.0328856426231
