,motion_thresh,age_l,age_u,n,med_rsq,CI_95
0,36.0,13.0,16.0,170.0,0.977506924119,0.0223821742596
