,motion_thresh,age_l,age_u,n,med_rsq,CI_95
0,14.0,10.0,13.0,210.0,0.973920069999,0.0171298544432
