,motion_thresh,age_l,age_u,n,med_rsq,CI_95
0,30.0,6.0,9.0,60.0,0.94585925812,0.0519011667408
