,motion_thresh,age_l,age_u,n,med_rsq,CI_95
0,2.0,10.0,13.0,240.0,0.934524416639,0.0303018627311
