,motion_thresh,age_l,age_u,n,med_rsq,CI_95
0,32.0,9.0,12.0,140.0,0.97546953624,0.0277505065506
