,motion_thresh,age_l,age_u,n,med_rsq,CI_95
0,6.0,9.0,12.0,230.0,0.948603391865,0.0224692507947
