,motion_thresh,age_l,age_u,n,med_rsq,CI_95
0,10.0,6.0,9.0,240.0,0.924362721776,0.0801172564612
