,motion_thresh,age_l,age_u,n,med_rsq,CI_95
0,48.0,13.0,16.0,300.0,0.978312158565,0.0261557432909
