,motion_thresh,age_l,age_u,n,med_rsq,CI_95
0,26.0,8.0,11.0,80.0,0.959261938904,0.0499156111795
