,motion_thresh,age_l,age_u,n,med_rsq,CI_95,med_icc,CI_95_icc
0,10.0,11.0,14.0,180.0,0.977339004581,0.0220366011914,0.988588429778,0.0105550190889
