,motion_thresh,age_l,age_u,n,med_rsq,CI_95
0,4.0,11.0,14.0,240.0,0.961651689839,0.02449742677
