,motion_thresh,age_l,age_u,n,med_rsq,CI_95,med_icc,CI_95_icc
0,50.0,6.0,9.0,210.0,0.95604111199,0.0648837757886,0.977426904786,0.0296673597189
