,motion_thresh,age_l,age_u,n,med_rsq,CI_95
0,2.0,8.0,11.0,250.0,0.905940335975,0.0632736218096
