,motion_thresh,age_l,age_u,n,med_rsq,CI_95
0,34.0,6.0,9.0,190.0,0.949127569465,0.0583286316939
