,motion_thresh,age_l,age_u,n,med_rsq,CI_95
0,42.0,10.0,13.0,20.0,0.843236915091,0.288059235906
