,motion_thresh,age_l,age_u,n,med_rsq,CI_95
0,10.0,7.0,10.0,190.0,0.948654151228,0.0511816991809
