,motion_thresh,age_l,age_u,n,med_rsq,CI_95
0,22.0,8.0,11.0,100.0,0.969093642696,0.0194843130042
