,motion_thresh,age_l,age_u,n,med_rsq,CI_95
0,2.0,12.0,15.0,70.0,0.945516315555,0.0304408831847
