,motion_thresh,age_l,age_u,n,med_rsq,CI_95
0,12.0,6.0,9.0,20.0,0.851324182938,0.161707984998
