,motion_thresh,age_l,age_u,n,med_rsq,CI_95
0,36.0,12.0,15.0,240.0,0.979555168858,0.0268622783196
