,motion_thresh,age_l,age_u,n,med_rsq,CI_95
0,48.0,11.0,14.0,180.0,0.981261802381,0.0266470646387
