,motion_thresh,age_l,age_u,n,med_rsq,CI_95
0,48.0,6.0,9.0,60.0,0.942398638583,0.0714534806016
