,motion_thresh,age_l,age_u,n,med_rsq,CI_95
0,40.0,14.0,17.0,30.0,0.899586620974,0.131388888572
