,motion_thresh,age_l,age_u,n,med_rsq,CI_95
0,22.0,12.0,15.0,60.0,0.950899063485,0.0604048306737
