,motion_thresh,age_l,age_u,n,med_rsq,CI_95
0,8.0,12.0,15.0,180.0,0.972848364892,0.0200071398845
