,motion_thresh,age_l,age_u,n,med_rsq,CI_95
0,2.0,13.0,16.0,40.0,0.92364185433,0.082802785046
