,motion_thresh,age_l,age_u,n,med_rsq,CI_95
0,48.0,13.0,16.0,10.0,0.713376487271,0.362554023319
