,motion_thresh,age_l,age_u,n,med_rsq,CI_95
0,30.0,8.0,11.0,30.0,0.896691907384,0.0960455011709
