,motion_thresh,age_l,age_u,n,med_rsq,CI_95
0,38.0,8.0,11.0,180.0,0.973581822297,0.0257862547179
