,motion_thresh,age_l,age_u,n,med_rsq,CI_95
0,10.0,13.0,16.0,90.0,0.96543492315,0.048991076097
