,motion_thresh,age_l,age_u,n,med_rsq,CI_95
0,36.0,15.0,18.0,170.0,0.968038747888,0.0484843533544
