,motion_thresh,age_l,age_u,n,med_rsq,CI_95
0,6.0,14.0,17.0,210.0,0.963510538222,0.0282729005695
