,motion_thresh,age_l,age_u,n,med_rsq,CI_95
0,2.0,15.0,18.0,10.0,0.746716326061,0.213013306993
