,motion_thresh,age_l,age_u,n,med_rsq,CI_95
0,16.0,8.0,11.0,180.0,0.965423469192,0.0347799342692
