,motion_thresh,age_l,age_u,n,med_rsq,CI_95
0,2.0,15.0,18.0,100.0,0.927339429118,0.0634220627451
