,motion_thresh,age_l,age_u,n,med_rsq,CI_95
0,38.0,9.0,12.0,240.0,0.976795857408,0.0370751509563
