,motion_thresh,age_l,age_u,n,med_rsq,CI_95
0,48.0,6.0,9.0,40.0,0.916500088078,0.151077810008
