,motion_thresh,age_l,age_u,n,med_rsq,CI_95
0,44.0,6.0,9.0,280.0,0.949993698146,0.0670531962243
