,motion_thresh,age_l,age_u,n,med_rsq,CI_95,med_icc,CI_95_icc
0,45.0,14.0,17.0,240.0,0.979845580758,0.0248101807223,0.989938606775,0.0117920016322
