,motion_thresh,age_l,age_u,n,med_rsq,CI_95
0,2.0,10.0,13.0,280.0,0.934958219917,0.0278532416638
