,motion_thresh,age_l,age_u,n,med_rsq,CI_95
0,30.0,14.0,17.0,130.0,0.973141802021,0.0395818761193
