,motion_thresh,age_l,age_u,n,med_rsq,CI_95
0,4.0,15.0,18.0,140.0,0.937891692609,0.046861819387
