,motion_thresh,age_l,age_u,n,med_rsq,CI_95,med_icc,CI_95_icc
0,45.0,7.0,10.0,180.0,0.968569340665,0.0338564577078,0.984316771186,0.0169430919413
