,motion_thresh,age_l,age_u,n,med_rsq,CI_95,med_icc,CI_95_icc
0,45.0,12.0,15.0,90.0,0.972310446528,0.0552743350919,0.9860598155,0.0272030323911
