,motion_thresh,age_l,age_u,n,med_rsq,CI_95,med_icc,CI_95_icc
0,10.0,13.0,16.0,240.0,0.974577482141,0.0277249101534,0.987358775526,0.0138370938278
