,motion_thresh,age_l,age_u,n,med_rsq,CI_95
0,48.0,8.0,11.0,290.0,0.973972952393,0.0225073738553
