,motion_thresh,age_l,age_u,n,med_rsq,CI_95
0,48.0,13.0,16.0,100.0,0.967789472311,0.0468178631311
