,motion_thresh,age_l,age_u,n,med_rsq,CI_95,med_icc,CI_95_icc
0,5.0,7.0,10.0,210.0,0.931819612428,0.0657861830427,0.965699784029,0.0325703098316
