,motion_thresh,age_l,age_u,n,med_rsq,CI_95
0,8.0,10.0,13.0,230.0,0.965743654157,0.0231812587278
