,motion_thresh,age_l,age_u,n,med_rsq,CI_95
0,28.0,10.0,13.0,40.0,0.921689127616,0.106225262866
