,motion_thresh,age_l,age_u,n,med_rsq,CI_95
0,48.0,11.0,14.0,300.0,0.981309743229,0.024049409774
