,motion_thresh,age_l,age_u,n,med_rsq,CI_95
0,36.0,8.0,11.0,280.0,0.973795287151,0.0289240991334
