,motion_thresh,age_l,age_u,n,med_rsq,CI_95
0,42.0,14.0,17.0,190.0,0.974741566479,0.0266311350313
