,motion_thresh,age_l,age_u,n,med_rsq,CI_95
0,14.0,13.0,16.0,140.0,0.974656776761,0.0225322221935
