,motion_thresh,age_l,age_u,n,med_rsq,CI_95
0,4.0,6.0,9.0,100.0,0.899301926617,0.0460376868159
