,motion_thresh,age_l,age_u,n,med_rsq,CI_95
0,50.0,11.0,14.0,120.0,0.974603503171,0.0355535501058
