,motion_thresh,age_l,age_u,n,med_rsq,CI_95
0,12.0,9.0,12.0,110.0,0.966594681462,0.0236924918984
