,motion_thresh,age_l,age_u,n,med_rsq,CI_95
0,40.0,6.0,9.0,110.0,0.951688073156,0.0621801242369
