,motion_thresh,age_l,age_u,n,med_rsq,CI_95
0,38.0,12.0,15.0,200.0,0.980186135784,0.0210166525123
