,motion_thresh,age_l,age_u,n,med_rsq,CI_95
0,26.0,6.0,9.0,10.0,0.719651690167,0.453758464847
