,motion_thresh,age_l,age_u,n,med_rsq,CI_95
0,40.0,14.0,17.0,170.0,0.97276362199,0.0545822895108
