,motion_thresh,age_l,age_u,n,med_rsq,CI_95
0,34.0,9.0,12.0,150.0,0.976973904215,0.0239111067775
