,motion_thresh,age_l,age_u,n,med_rsq,CI_95,med_icc,CI_95_icc
0,45.0,9.0,12.0,180.0,0.981791648339,0.0218229385313,0.991011887515,0.0102335502038
