,motion_thresh,age_l,age_u,n,med_rsq,CI_95,med_icc,CI_95_icc
0,25.0,12.0,15.0,240.0,0.979952295369,0.0213442129967,0.990032165806,0.0106982245026
