,motion_thresh,age_l,age_u,n,med_rsq,CI_95
0,38.0,7.0,10.0,230.0,0.960817931356,0.0439423431044
