,motion_thresh,age_l,age_u,n,med_rsq,CI_95,med_icc,CI_95_icc
0,25.0,7.0,10.0,180.0,0.93295678938,0.102547692307,0.968137431728,0.0464094941391
