,motion_thresh,age_l,age_u,n,med_rsq,CI_95,med_icc,CI_95_icc
0,30.0,13.0,16.0,210.0,0.97940683235,0.0259796237018,0.989645488497,0.012565372742
