,motion_thresh,age_l,age_u,n,med_rsq,CI_95
0,18.0,7.0,10.0,120.0,0.958135505688,0.0689055340608
