,motion_thresh,age_l,age_u,n,med_rsq,CI_95
0,20.0,7.0,10.0,170.0,0.963569836521,0.0472682231392
