,motion_thresh,age_l,age_u,n,med_rsq,CI_95
0,40.0,11.0,14.0,50.0,0.937447135814,0.0665848064492
