,motion_thresh,age_l,age_u,n,med_rsq,CI_95
0,48.0,6.0,9.0,220.0,0.938775820827,0.0761881245101
