,motion_thresh,age_l,age_u,n,med_rsq,CI_95
0,22.0,8.0,11.0,160.0,0.968319696689,0.0283127534801
