,motion_thresh,age_l,age_u,n,med_rsq,CI_95,med_icc,CI_95_icc
0,20.0,6.0,9.0,150.0,0.946537168852,0.0611221231082,0.973218657681,0.0305598147176
