,motion_thresh,age_l,age_u,n,med_rsq,CI_95
0,16.0,9.0,12.0,170.0,0.96080755162,0.0676475501374
