,motion_thresh,age_l,age_u,n,med_rsq,CI_95
0,12.0,14.0,17.0,50.0,0.939131307481,0.113704249183
