,motion_thresh,age_l,age_u,n,med_rsq,CI_95
0,34.0,7.0,10.0,190.0,0.965183997553,0.0385393728615
