,motion_thresh,age_l,age_u,n,med_rsq,CI_95,med_icc,CI_95_icc
0,40.0,12.0,15.0,150.0,0.982860309203,0.0236821273499,0.99144957396,0.0119135844107
