,motion_thresh,age_l,age_u,n,med_rsq,CI_95
0,2.0,8.0,11.0,200.0,0.916540377042,0.0317768899985
