,motion_thresh,age_l,age_u,n,med_rsq,CI_95
0,50.0,15.0,18.0,200.0,0.96829178619,0.0519926803707
