,motion_thresh,age_l,age_u,n,med_rsq,CI_95
0,28.0,7.0,10.0,60.0,0.948717859069,0.080298929897
