,motion_thresh,age_l,age_u,n,med_rsq,CI_95,med_icc,CI_95_icc
0,30.0,6.0,9.0,300.0,0.956603229079,0.0479692105811,0.978653305843,0.0236671627776
