,motion_thresh,age_l,age_u,n,med_rsq,CI_95
0,48.0,9.0,12.0,230.0,0.97851280115,0.0355090456167
