,motion_thresh,age_l,age_u,n,med_rsq,CI_95,med_icc,CI_95_icc
0,25.0,10.0,13.0,30.0,0.912168264296,0.0991470642108,0.956206923529,0.0439420540501
