,motion_thresh,age_l,age_u,n,med_rsq,CI_95
0,20.0,15.0,18.0,40.0,0.919136722164,0.179624354944
