,motion_thresh,age_l,age_u,n,med_rsq,CI_95
0,6.0,10.0,13.0,140.0,0.95633756163,0.0408921319086
