,motion_thresh,age_l,age_u,n,med_rsq,CI_95
0,30.0,14.0,17.0,30.0,0.904946267812,0.135460736251
