,motion_thresh,age_l,age_u,n,med_rsq,CI_95
0,30.0,11.0,14.0,100.0,0.969142245629,0.0341771705456
