,motion_thresh,age_l,age_u,n,med_rsq,CI_95
0,36.0,12.0,15.0,170.0,0.979606683271,0.0314393207554
