,motion_thresh,age_l,age_u,n,med_rsq,CI_95
0,4.0,12.0,15.0,280.0,0.945423249681,0.0492090159975
