,motion_thresh,age_l,age_u,n,med_rsq,CI_95
0,26.0,12.0,15.0,210.0,0.977469901,0.0221138376209
