,motion_thresh,age_l,age_u,n,med_rsq,CI_95,med_icc,CI_95_icc
0,30.0,7.0,10.0,240.0,0.968905405985,0.042667956461,0.98446462586,0.022126493407
