,motion_thresh,age_l,age_u,n,med_rsq,CI_95
0,34.0,12.0,15.0,300.0,0.979461097534,0.028077105231
