,motion_thresh,age_l,age_u,n,med_rsq,CI_95
0,50.0,7.0,10.0,20.0,0.845843380128,0.269471771759
