,motion_thresh,age_l,age_u,n,med_rsq,CI_95
0,30.0,13.0,16.0,90.0,0.964680937118,0.038099725866
