,motion_thresh,age_l,age_u,n,med_rsq,CI_95
0,30.0,10.0,13.0,220.0,0.977850803076,0.0227937003224
