,motion_thresh,age_l,age_u,n,med_rsq,CI_95
0,14.0,7.0,10.0,70.0,0.955027944716,0.0522156659742
