,motion_thresh,age_l,age_u,n,med_rsq,CI_95
0,14.0,7.0,10.0,200.0,0.952776776803,0.0546007280996
