,motion_thresh,age_l,age_u,n,med_rsq,CI_95
0,48.0,13.0,16.0,230.0,0.978312746932,0.0251588131907
