,motion_thresh,age_l,age_u,n,med_rsq,CI_95,med_icc,CI_95_icc
0,20.0,11.0,14.0,60.0,0.958674474264,0.0429401572188,0.979177760455,0.0204055648593
