,motion_thresh,age_l,age_u,n,med_rsq,CI_95
0,2.0,7.0,10.0,150.0,0.875966193852,0.0803224475065
