,motion_thresh,age_l,age_u,n,med_rsq,CI_95
0,48.0,14.0,17.0,40.0,0.927190110978,0.103347141874
