,motion_thresh,age_l,age_u,n,med_rsq,CI_95,med_icc,CI_95_icc
0,50.0,6.0,9.0,90.0,0.95663406663,0.0638747979862,0.978381885147,0.0319428740497
