,motion_thresh,age_l,age_u,n,med_rsq,CI_95
0,42.0,14.0,17.0,250.0,0.976013564278,0.0302481833327
