,motion_thresh,age_l,age_u,n,med_rsq,CI_95
0,42.0,15.0,18.0,230.0,0.967007090452,0.0408115674699
