,motion_thresh,age_l,age_u,n,med_rsq,CI_95
0,2.0,9.0,12.0,290.0,0.911508503631,0.047837667343
