,motion_thresh,age_l,age_u,n,med_rsq,CI_95
0,40.0,12.0,15.0,70.0,0.961230260589,0.0381166690835
