,motion_thresh,age_l,age_u,n,med_rsq,CI_95,med_icc,CI_95_icc
0,45.0,8.0,11.0,120.0,0.977898850831,0.0334895364997,0.98896334239,0.0167118233321
