,motion_thresh,age_l,age_u,n,med_rsq,CI_95
0,42.0,9.0,12.0,260.0,0.977460819846,0.0311847959243
