,motion_thresh,age_l,age_u,n,med_rsq,CI_95
0,16.0,6.0,9.0,40.0,0.92120077479,0.103949904686
