,motion_thresh,age_l,age_u,n,med_rsq,CI_95
0,40.0,7.0,10.0,270.0,0.963136797108,0.0512580210931
