,motion_thresh,age_l,age_u,n,med_rsq,CI_95
0,4.0,11.0,14.0,140.0,0.958234836045,0.031505182997
