,motion_thresh,age_l,age_u,n,med_rsq,CI_95
0,18.0,14.0,17.0,100.0,0.967735737537,0.041226685708
