,motion_thresh,age_l,age_u,n,med_rsq,CI_95
0,38.0,10.0,13.0,280.0,0.980054377483,0.0335822417698
