,motion_thresh,age_l,age_u,n,med_rsq,CI_95
0,38.0,13.0,16.0,230.0,0.973083081842,0.0368526157368
