,motion_thresh,age_l,age_u,n,med_rsq,CI_95
0,46.0,9.0,12.0,130.0,0.974778573506,0.0472912467989
