,motion_thresh,age_l,age_u,n,med_rsq,CI_95
0,50.0,6.0,9.0,240.0,0.951169808482,0.0533675988147
