,motion_thresh,age_l,age_u,n,med_rsq,CI_95
0,38.0,13.0,16.0,10.0,0.726225582928,0.326953669719
