,motion_thresh,age_l,age_u,n,med_rsq,CI_95
0,4.0,6.0,9.0,220.0,0.902574978053,0.0622074953628
