,motion_thresh,age_l,age_u,n,med_rsq,CI_95
0,30.0,11.0,14.0,300.0,0.980196849681,0.0227816338656
