,motion_thresh,age_l,age_u,n,med_rsq,CI_95
0,30.0,14.0,17.0,10.0,0.69863961445,0.527845515328
