,motion_thresh,age_l,age_u,n,med_rsq,CI_95
0,14.0,6.0,9.0,30.0,0.896978869373,0.158450563987
