,motion_thresh,age_l,age_u,n,med_rsq,CI_95
0,28.0,14.0,17.0,40.0,0.92768923798,0.0998872908443
