,motion_thresh,age_l,age_u,n,med_rsq,CI_95
0,28.0,14.0,17.0,150.0,0.973137822982,0.0327112454783
