,motion_thresh,age_l,age_u,n,med_rsq,CI_95,med_icc,CI_95_icc
0,5.0,7.0,10.0,180.0,0.931171468234,0.0652014798997,0.965413563902,0.0332712247377
