,motion_thresh,age_l,age_u,n,med_rsq,CI_95
0,6.0,15.0,18.0,160.0,0.951504555552,0.0468218187415
