,motion_thresh,age_l,age_u,n,med_rsq,CI_95
0,18.0,6.0,9.0,260.0,0.942568255768,0.0801254951712
