,motion_thresh,age_l,age_u,n,med_rsq,CI_95
0,16.0,9.0,12.0,140.0,0.964843931131,0.0495010735773
