,motion_thresh,age_l,age_u,n,med_rsq,CI_95
0,48.0,10.0,13.0,80.0,0.960582181956,0.0425134847997
