,motion_thresh,age_l,age_u,n,med_rsq,CI_95
0,4.0,6.0,9.0,10.0,0.683556780168,0.383041292277
