,motion_thresh,age_l,age_u,n,med_rsq,CI_95
0,2.0,12.0,15.0,90.0,0.948375590655,0.0217357794119
