,motion_thresh,age_l,age_u,n,med_rsq,CI_95
0,42.0,6.0,9.0,300.0,0.947045961355,0.0815838569991
