,motion_thresh,age_l,age_u,n,med_rsq,CI_95
0,44.0,15.0,18.0,250.0,0.96821032803,0.0372245099962
