,motion_thresh,age_l,age_u,n,med_rsq,CI_95,med_icc,CI_95_icc
0,35.0,10.0,13.0,240.0,0.978674735783,0.0394079472529,0.989308403634,0.0202190960179
