,motion_thresh,age_l,age_u,n,med_rsq,CI_95
0,18.0,6.0,9.0,120.0,0.938275392329,0.0775560190576
