,motion_thresh,age_l,age_u,n,med_rsq,CI_95
0,44.0,14.0,17.0,190.0,0.975196625995,0.0221750862362
