,motion_thresh,age_l,age_u,n,med_rsq,CI_95
0,24.0,9.0,12.0,250.0,0.97326810999,0.0335206896188
