,motion_thresh,age_l,age_u,n,med_rsq,CI_95
0,18.0,9.0,12.0,250.0,0.97171232702,0.0375347611579
