,motion_thresh,age_l,age_u,n,med_rsq,CI_95
0,36.0,12.0,15.0,80.0,0.961841530243,0.0435269669988
