,motion_thresh,age_l,age_u,n,med_rsq,CI_95
0,4.0,13.0,16.0,230.0,0.959003256166,0.0171778096112
