,motion_thresh,age_l,age_u,n,med_rsq,CI_95
0,22.0,12.0,15.0,280.0,0.97766492363,0.0157898398593
