,motion_thresh,age_l,age_u,n,med_rsq,CI_95
0,40.0,11.0,14.0,140.0,0.978756128494,0.0300488391733
