,motion_thresh,age_l,age_u,n,med_rsq,CI_95
0,6.0,9.0,12.0,110.0,0.954181344219,0.0119413966959
