,motion_thresh,age_l,age_u,n,med_rsq,CI_95
0,20.0,11.0,14.0,270.0,0.977698565921,0.0259194934359
