,motion_thresh,age_l,age_u,n,med_rsq,CI_95
0,42.0,7.0,10.0,30.0,0.891098044581,0.120641232241
