,motion_thresh,age_l,age_u,n,med_rsq,CI_95
0,34.0,11.0,14.0,260.0,0.979217536197,0.0228965171931
