,motion_thresh,age_l,age_u,n,med_rsq,CI_95
0,36.0,6.0,9.0,140.0,0.949763611647,0.0538578900587
