,motion_thresh,age_l,age_u,n,med_rsq,CI_95
0,16.0,13.0,16.0,50.0,0.941837943088,0.0812161019005
