,motion_thresh,age_l,age_u,n,med_rsq,CI_95
0,50.0,8.0,11.0,230.0,0.973066687845,0.0433125131318
