,motion_thresh,age_l,age_u,n,med_rsq,CI_95
0,4.0,9.0,12.0,60.0,0.941023125474,0.0558417805726
