,motion_thresh,age_l,age_u,n,med_rsq,CI_95,med_icc,CI_95_icc
0,50.0,10.0,13.0,300.0,0.979700605903,0.0334910609966,0.989704483262,0.0175631604475
