,motion_thresh,age_l,age_u,n,med_rsq,CI_95
0,10.0,12.0,15.0,280.0,0.974237900545,0.0229165552774
