,motion_thresh,age_l,age_u,n,med_rsq,CI_95
0,30.0,8.0,11.0,200.0,0.972262777307,0.0266653773638
