,motion_thresh,age_l,age_u,n,med_rsq,CI_95
0,38.0,13.0,16.0,270.0,0.971352277814,0.0472330254713
