,motion_thresh,age_l,age_u,n,med_rsq,CI_95
0,46.0,11.0,14.0,230.0,0.981568267989,0.0185319571216
