,motion_thresh,age_l,age_u,n,med_rsq,CI_95
0,6.0,14.0,17.0,220.0,0.963849006691,0.017867136202
