,motion_thresh,age_l,age_u,n,med_rsq,CI_95
0,4.0,9.0,12.0,160.0,0.942310264096,0.0788109183366
