,motion_thresh,age_l,age_u,n,med_rsq,CI_95
0,16.0,13.0,16.0,170.0,0.973867910983,0.0528099946909
