,motion_thresh,age_l,age_u,n,med_rsq,CI_95
0,2.0,9.0,12.0,20.0,0.84623022006,0.176878306768
