,motion_thresh,age_l,age_u,n,med_rsq,CI_95,med_icc,CI_95_icc
0,30.0,14.0,17.0,210.0,0.97687027658,0.0226154054355,0.988485041967,0.0111253811717
