,motion_thresh,age_l,age_u,n,med_rsq,CI_95
0,14.0,9.0,12.0,300.0,0.949315401649,0.0736805490854
