,motion_thresh,age_l,age_u,n,med_rsq,CI_95,med_icc,CI_95_icc
0,15.0,7.0,10.0,300.0,0.952523797089,0.0938779265222,0.976723277866,0.0423384012317
