,motion_thresh,age_l,age_u,n,med_rsq,CI_95,med_icc,CI_95_icc
0,25.0,7.0,10.0,150.0,0.939845035061,0.104417329001,0.971297430488,0.0476901182266
