,motion_thresh,age_l,age_u,n,med_rsq,CI_95
0,32.0,12.0,15.0,120.0,0.974043521049,0.0345825028232
