,motion_thresh,age_l,age_u,n,med_rsq,CI_95
0,36.0,14.0,17.0,170.0,0.975097374811,0.0292045054502
