,motion_thresh,age_l,age_u,n,med_rsq,CI_95
0,2.0,9.0,12.0,10.0,0.706106291617,0.29371840595
