,motion_thresh,age_l,age_u,n,med_rsq,CI_95
0,42.0,10.0,13.0,160.0,0.970183323023,0.0580599209662
