,motion_thresh,age_l,age_u,n,med_rsq,CI_95
0,30.0,11.0,14.0,250.0,0.979448630909,0.0276937164525
