,motion_thresh,age_l,age_u,n,med_rsq,CI_95
0,2.0,14.0,17.0,110.0,0.946607661285,0.0364782338125
