,motion_thresh,age_l,age_u,n,med_rsq,CI_95
0,50.0,7.0,10.0,200.0,0.968632875225,0.0610185293744
