,motion_thresh,age_l,age_u,n,med_rsq,CI_95
0,12.0,6.0,9.0,120.0,0.932385070021,0.0757838561624
