,motion_thresh,age_l,age_u,n,med_rsq,CI_95
0,6.0,15.0,18.0,240.0,0.950638834319,0.0525938916174
