,motion_thresh,age_l,age_u,n,med_rsq,CI_95
0,16.0,15.0,18.0,150.0,0.96448583948,0.0451734959688
