,motion_thresh,age_l,age_u,n,med_rsq,CI_95
0,32.0,13.0,16.0,280.0,0.977461187328,0.0270103263982
