,motion_thresh,age_l,age_u,n,med_rsq,CI_95
0,26.0,15.0,18.0,170.0,0.966942876652,0.0455280141849
