,motion_thresh,age_l,age_u,n,med_rsq,CI_95
0,38.0,13.0,16.0,300.0,0.971996437754,0.0437644739253
