,motion_thresh,age_l,age_u,n,med_rsq,CI_95
0,26.0,8.0,11.0,230.0,0.970960983585,0.0418762310499
