,motion_thresh,age_l,age_u,n,med_rsq,CI_95
0,44.0,6.0,9.0,220.0,0.948637507077,0.0572887479892
