,motion_thresh,age_l,age_u,n,med_rsq,CI_95
0,26.0,8.0,11.0,180.0,0.97150298051,0.0307383522373
