,motion_thresh,age_l,age_u,n,med_rsq,CI_95,med_icc,CI_95_icc
0,5.0,13.0,16.0,150.0,0.970016624057,0.0304190021272,0.98477789047,0.0158797406295
