,motion_thresh,age_l,age_u,n,med_rsq,CI_95
0,28.0,13.0,16.0,280.0,0.976506895468,0.0321871612577
