,motion_thresh,age_l,age_u,n,med_rsq,CI_95
0,4.0,11.0,14.0,170.0,0.964550845862,0.00967022896978
