,motion_thresh,age_l,age_u,n,med_rsq,CI_95
0,40.0,9.0,12.0,80.0,0.962217876945,0.0628748456668
