,motion_thresh,age_l,age_u,n,med_rsq,CI_95,med_icc,CI_95_icc
0,5.0,9.0,12.0,60.0,0.95673152985,0.0374812919979,0.978134938655,0.0182864538339
