,motion_thresh,age_l,age_u,n,med_rsq,CI_95
0,50.0,6.0,9.0,160.0,0.953206278794,0.0479788429172
