,motion_thresh,age_l,age_u,n,med_rsq,CI_95
0,46.0,13.0,16.0,250.0,0.977048662103,0.0213930835186
