,motion_thresh,age_l,age_u,n,med_rsq,CI_95
0,46.0,12.0,15.0,50.0,0.937880778127,0.100641084879
