,motion_thresh,age_l,age_u,n,med_rsq,CI_95
0,2.0,9.0,12.0,60.0,0.910792091951,0.0623702340869
