,motion_thresh,age_l,age_u,n,med_rsq,CI_95
0,22.0,8.0,11.0,200.0,0.969703896876,0.0288669302491
