,motion_thresh,age_l,age_u,n,med_rsq,CI_95
0,48.0,6.0,9.0,140.0,0.944830502109,0.070485814465
