,motion_thresh,age_l,age_u,n,med_rsq,CI_95
0,2.0,7.0,10.0,180.0,0.880714689536,0.117707415098
