,motion_thresh,age_l,age_u,n,med_rsq,CI_95
0,36.0,15.0,18.0,210.0,0.967694158913,0.0359701020299
