,motion_thresh,age_l,age_u,n,med_rsq,CI_95
0,14.0,13.0,16.0,180.0,0.97563328542,0.0151644873835
