,motion_thresh,age_l,age_u,n,med_rsq,CI_95
0,20.0,6.0,9.0,90.0,0.94152345761,0.0485082399645
