,motion_thresh,age_l,age_u,n,med_rsq,CI_95
0,50.0,6.0,9.0,170.0,0.952627291355,0.0461252788581
