,motion_thresh,age_l,age_u,n,med_rsq,CI_95
0,4.0,14.0,17.0,100.0,0.952514949235,0.0389136720845
