,motion_thresh,age_l,age_u,n,med_rsq,CI_95
0,44.0,14.0,17.0,50.0,0.942401875041,0.0587815339593
