,motion_thresh,age_l,age_u,n,med_rsq,CI_95
0,30.0,13.0,16.0,290.0,0.975886707347,0.0251463762819
