,motion_thresh,age_l,age_u,n,med_rsq,CI_95
0,12.0,12.0,15.0,90.0,0.966536311529,0.0378083202526
