,motion_thresh,age_l,age_u,n,med_rsq,CI_95
0,6.0,13.0,16.0,30.0,0.8966623404,0.114743428918
