,motion_thresh,age_l,age_u,n,med_rsq,CI_95
0,22.0,10.0,13.0,210.0,0.976781948464,0.0342995823653
