,motion_thresh,age_l,age_u,n,med_rsq,CI_95
0,30.0,15.0,18.0,250.0,0.968572361442,0.0447017229918
