,motion_thresh,age_l,age_u,n,med_rsq,CI_95
0,6.0,12.0,15.0,10.0,0.723591856182,0.275708546614
