,motion_thresh,age_l,age_u,n,med_rsq,CI_95
0,42.0,9.0,12.0,120.0,0.974226933263,0.0303691371839
