,motion_thresh,age_l,age_u,n,med_rsq,CI_95
0,12.0,13.0,16.0,140.0,0.962842940521,0.0434002953204
