,motion_thresh,age_l,age_u,n,med_rsq,CI_95
0,26.0,9.0,12.0,20.0,0.858173228545,0.177299979359
