,motion_thresh,age_l,age_u,n,med_rsq,CI_95
0,8.0,11.0,14.0,110.0,0.969747791597,0.0260291257055
