,motion_thresh,age_l,age_u,n,med_rsq,CI_95
0,44.0,14.0,17.0,110.0,0.971201642769,0.0512714135029
