,motion_thresh,age_l,age_u,n,med_rsq,CI_95
0,28.0,13.0,16.0,60.0,0.95014154391,0.0659821435032
