,motion_thresh,age_l,age_u,n,med_rsq,CI_95
0,46.0,15.0,18.0,240.0,0.968779764148,0.0252294900318
