,motion_thresh,age_l,age_u,n,med_rsq,CI_95
0,20.0,8.0,11.0,170.0,0.961475087694,0.0624951344405
