,motion_thresh,age_l,age_u,n,med_rsq,CI_95
0,2.0,8.0,11.0,290.0,0.913241416119,0.0505759829781
