,motion_thresh,age_l,age_u,n,med_rsq,CI_95
0,36.0,9.0,12.0,290.0,0.977291387794,0.0190417087363
