,motion_thresh,age_l,age_u,n,med_rsq,CI_95
0,30.0,7.0,10.0,230.0,0.966009519688,0.0441721135802
