,motion_thresh,age_l,age_u,n,med_rsq,CI_95
0,22.0,14.0,17.0,70.0,0.957382400635,0.0653498460924
