,motion_thresh,age_l,age_u,n,med_rsq,CI_95
0,4.0,6.0,9.0,70.0,0.905577156327,0.0700290317689
