,motion_thresh,age_l,age_u,n,med_rsq,CI_95
0,30.0,11.0,14.0,170.0,0.979531372331,0.0189127279311
