,motion_thresh,age_l,age_u,n,med_rsq,CI_95
0,24.0,8.0,11.0,140.0,0.967583266818,0.0479762547497
