,motion_thresh,age_l,age_u,n,med_rsq,CI_95
0,40.0,12.0,15.0,100.0,0.968052910641,0.0395497342907
