,motion_thresh,age_l,age_u,n,med_rsq,CI_95
0,48.0,9.0,12.0,140.0,0.978492058333,0.0199867991884
