,motion_thresh,age_l,age_u,n,med_rsq,CI_95
0,38.0,11.0,14.0,10.0,0.718623704553,0.510558015861
