,motion_thresh,age_l,age_u,n,med_rsq,CI_95
0,4.0,7.0,10.0,130.0,0.919639165419,0.0721248837418
