,motion_thresh,age_l,age_u,n,med_rsq,CI_95
0,26.0,10.0,13.0,50.0,0.937770579548,0.0704673387279
