,motion_thresh,age_l,age_u,n,med_rsq,CI_95
0,10.0,13.0,16.0,50.0,0.940161275505,0.0718365880443
