,motion_thresh,age_l,age_u,n,med_rsq,CI_95,med_icc,CI_95_icc
0,30.0,7.0,10.0,180.0,0.969228560432,0.0391858471414,0.984821147123,0.0184478999574
