,motion_thresh,age_l,age_u,n,med_rsq,CI_95
0,40.0,9.0,12.0,240.0,0.975925058175,0.0254919308648
