,motion_thresh,age_l,age_u,n,med_rsq,CI_95
0,38.0,7.0,10.0,40.0,0.925270291704,0.128409117323
