,motion_thresh,age_l,age_u,n,med_rsq,CI_95
0,46.0,9.0,12.0,70.0,0.956215974585,0.0577836022594
