,motion_thresh,age_l,age_u,n,med_rsq,CI_95,med_icc,CI_95_icc
0,30.0,11.0,14.0,30.0,0.911484403603,0.0868117509477,0.956722216561,0.0395707796649
