,motion_thresh,age_l,age_u,n,med_rsq,CI_95
0,8.0,11.0,14.0,10.0,0.725334590765,0.300047162751
