,motion_thresh,age_l,age_u,n,med_rsq,CI_95
0,4.0,6.0,9.0,290.0,0.899742270177,0.0609255309191
