,motion_thresh,age_l,age_u,n,med_rsq,CI_95
0,44.0,8.0,11.0,190.0,0.974444132828,0.0366977624911
