,motion_thresh,age_l,age_u,n,med_rsq,CI_95
0,12.0,12.0,15.0,10.0,0.729548990234,0.271209447906
