,motion_thresh,age_l,age_u,n,med_rsq,CI_95
0,28.0,8.0,11.0,110.0,0.970672046086,0.0349125602757
