,motion_thresh,age_l,age_u,n,med_rsq,CI_95
0,20.0,8.0,11.0,120.0,0.961674943656,0.0652192313338
