,motion_thresh,age_l,age_u,n,med_rsq,CI_95
0,32.0,11.0,14.0,150.0,0.979458586406,0.0254466486326
