,motion_thresh,age_l,age_u,n,med_rsq,CI_95
0,40.0,11.0,14.0,170.0,0.979698791503,0.0261487234733
