,motion_thresh,age_l,age_u,n,med_rsq,CI_95
0,34.0,8.0,11.0,160.0,0.973740718305,0.0314704060199
