,motion_thresh,age_l,age_u,n,med_rsq,CI_95,med_icc,CI_95_icc
0,10.0,15.0,18.0,150.0,0.959199311435,0.0488719285463,0.979448246893,0.0250986002997
