,motion_thresh,age_l,age_u,n,med_rsq,CI_95
0,42.0,10.0,13.0,300.0,0.970575343084,0.0469842777361
