,motion_thresh,age_l,age_u,n,med_rsq,CI_95
0,4.0,8.0,11.0,260.0,0.933052293928,0.0685109566035
