,motion_thresh,age_l,age_u,n,med_rsq,CI_95
0,24.0,14.0,17.0,90.0,0.96439723894,0.0534883710405
