,motion_thresh,age_l,age_u,n,med_rsq,CI_95
0,38.0,11.0,14.0,130.0,0.976303011326,0.0239654547722
