,motion_thresh,age_l,age_u,n,med_rsq,CI_95
0,22.0,6.0,9.0,300.0,0.940784718984,0.0547148311514
