,motion_thresh,age_l,age_u,n,med_rsq,CI_95
0,8.0,14.0,17.0,240.0,0.960924938364,0.0485856963775
