,motion_thresh,age_l,age_u,n,med_rsq,CI_95
0,16.0,13.0,16.0,60.0,0.949715960639,0.0685325167733
