,motion_thresh,age_l,age_u,n,med_rsq,CI_95
0,12.0,8.0,11.0,280.0,0.959194003063,0.0607110572097
