,motion_thresh,age_l,age_u,n,med_rsq,CI_95
0,14.0,14.0,17.0,140.0,0.965889274439,0.0536237925588
