,motion_thresh,age_l,age_u,n,med_rsq,CI_95
0,12.0,11.0,14.0,170.0,0.975286987423,0.0162989158344
