,motion_thresh,age_l,age_u,n,med_rsq,CI_95
0,34.0,13.0,16.0,140.0,0.976478236841,0.0196776985633
