,motion_thresh,age_l,age_u,n,med_rsq,CI_95
0,8.0,13.0,16.0,10.0,0.721493033755,0.295368928932
