,motion_thresh,age_l,age_u,n,med_rsq,CI_95
0,38.0,14.0,17.0,80.0,0.96383091638,0.0449435518513
