,motion_thresh,age_l,age_u,n,med_rsq,CI_95,med_icc,CI_95_icc
0,30.0,8.0,11.0,90.0,0.969396561512,0.0466331426774,0.984639071865,0.0227931137011
