,motion_thresh,age_l,age_u,n,med_rsq,CI_95
0,8.0,7.0,10.0,150.0,0.941913711063,0.0541025807846
