,motion_thresh,age_l,age_u,n,med_rsq,CI_95
0,12.0,10.0,13.0,300.0,0.971932870889,0.0256675413849
