,motion_thresh,age_l,age_u,n,med_rsq,CI_95
0,20.0,14.0,17.0,160.0,0.969064529635,0.0460906930349
