,motion_thresh,age_l,age_u,n,med_rsq,CI_95
0,4.0,6.0,9.0,30.0,0.892439644086,0.052535495022
