,motion_thresh,age_l,age_u,n,med_rsq,CI_95
0,8.0,6.0,9.0,260.0,0.918586930097,0.0464614735979
