,motion_thresh,age_l,age_u,n,med_rsq,CI_95
0,4.0,12.0,15.0,250.0,0.940651192178,0.0787027209476
