,motion_thresh,age_l,age_u,n,med_rsq,CI_95
0,10.0,9.0,12.0,70.0,0.954953703665,0.0580932594866
