,motion_thresh,age_l,age_u,n,med_rsq,CI_95
0,2.0,7.0,10.0,180.0,0.881711776433,0.155228638713
