,motion_thresh,age_l,age_u,n,med_rsq,CI_95
0,22.0,13.0,16.0,180.0,0.975080981838,0.0173732026347
