,motion_thresh,age_l,age_u,n,med_rsq,CI_95
0,26.0,8.0,11.0,20.0,0.844573159816,0.247148074584
