,motion_thresh,age_l,age_u,n,med_rsq,CI_95,med_icc,CI_95_icc
0,15.0,7.0,10.0,30.0,0.907276460134,0.0914137298827,0.954421624834,0.0490155193701
