,motion_thresh,age_l,age_u,n,med_rsq,CI_95,med_icc,CI_95_icc
0,40.0,11.0,14.0,30.0,0.916262032881,0.129401986412,0.95794938608,0.0574581510421
