,motion_thresh,age_l,age_u,n,med_rsq,CI_95
0,48.0,8.0,11.0,80.0,0.961729931036,0.0526540034829
