,motion_thresh,age_l,age_u,n,med_rsq,CI_95
0,18.0,15.0,18.0,100.0,0.954691709214,0.0726513235429
