,motion_thresh,age_l,age_u,n,med_rsq,CI_95,med_icc,CI_95_icc
0,45.0,11.0,14.0,30.0,0.908078188085,0.17544431629,0.95437176744,0.0863150312253
