,motion_thresh,age_l,age_u,n,med_rsq,CI_95
0,18.0,9.0,12.0,240.0,0.969767847298,0.0329079554949
