,motion_thresh,age_l,age_u,n,med_rsq,CI_95
0,6.0,15.0,18.0,210.0,0.945115019939,0.0489076567499
