,motion_thresh,age_l,age_u,n,med_rsq,CI_95
0,2.0,9.0,12.0,30.0,0.891209141614,0.127878899904
