,motion_thresh,age_l,age_u,n,med_rsq,CI_95
0,44.0,9.0,12.0,210.0,0.977705620275,0.0218175826665
