,motion_thresh,age_l,age_u,n,med_rsq,CI_95
0,14.0,9.0,12.0,110.0,0.950389956149,0.0815696262626
