,motion_thresh,age_l,age_u,n,med_rsq,CI_95
0,10.0,15.0,18.0,200.0,0.953732692446,0.0742223842188
