,motion_thresh,age_l,age_u,n,med_rsq,CI_95
0,42.0,15.0,18.0,40.0,0.924894611037,0.112618618637
