,motion_thresh,age_l,age_u,n,med_rsq,CI_95
0,16.0,7.0,10.0,80.0,0.946251824599,0.0639925522461
