,motion_thresh,age_l,age_u,n,med_rsq,CI_95
0,2.0,8.0,11.0,220.0,0.90889298805,0.0585027736662
