,motion_thresh,age_l,age_u,n,med_rsq,CI_95
0,28.0,6.0,9.0,190.0,0.943754409647,0.0642940849468
