,motion_thresh,age_l,age_u,n,med_rsq,CI_95
0,48.0,6.0,9.0,100.0,0.943599479202,0.0762791727169
