,motion_thresh,age_l,age_u,n,med_rsq,CI_95
0,46.0,9.0,12.0,240.0,0.978393434115,0.0218895652756
