,motion_thresh,age_l,age_u,n,med_rsq,CI_95
0,20.0,9.0,12.0,170.0,0.97268666666,0.0308570629881
