,motion_thresh,age_l,age_u,n,med_rsq,CI_95
0,50.0,12.0,15.0,90.0,0.966794887644,0.0437473584774
