,motion_thresh,age_l,age_u,n,med_rsq,CI_95
0,4.0,15.0,18.0,30.0,0.903897534232,0.080198428196
