,motion_thresh,age_l,age_u,n,med_rsq,CI_95
0,38.0,13.0,16.0,180.0,0.970877833099,0.0508241783007
