,motion_thresh,age_l,age_u,n,med_rsq,CI_95
0,10.0,10.0,13.0,290.0,0.969725688963,0.0291483918991
