,motion_thresh,age_l,age_u,n,med_rsq,CI_95
0,20.0,14.0,17.0,270.0,0.97048139994,0.0480503681634
