,motion_thresh,age_l,age_u,n,med_rsq,CI_95
0,30.0,13.0,16.0,200.0,0.977192840549,0.0300874073448
