,motion_thresh,age_l,age_u,n,med_rsq,CI_95
0,46.0,13.0,16.0,130.0,0.976045930388,0.022831225514
