,motion_thresh,age_l,age_u,n,med_rsq,CI_95
0,38.0,8.0,11.0,150.0,0.973082900603,0.0326735470406
