,motion_thresh,age_l,age_u,n,med_rsq,CI_95
0,50.0,14.0,17.0,80.0,0.962664027641,0.0466226925531
