,motion_thresh,age_l,age_u,n,med_rsq,CI_95,med_icc,CI_95_icc
0,20.0,7.0,10.0,210.0,0.966705663501,0.0317922396597,0.983420206386,0.0162126637957
