,motion_thresh,age_l,age_u,n,med_rsq,CI_95
0,32.0,7.0,10.0,210.0,0.966882306901,0.0337644543397
