,motion_thresh,age_l,age_u,n,med_rsq,CI_95,med_icc,CI_95_icc
0,30.0,10.0,13.0,60.0,0.955347755919,0.0602151171904,0.977526591473,0.0294964170608
