,motion_thresh,age_l,age_u,n,med_rsq,CI_95
0,12.0,8.0,11.0,60.0,0.946143574686,0.0730494618084
