,motion_thresh,age_l,age_u,n,med_rsq,CI_95
0,32.0,8.0,11.0,140.0,0.973288491955,0.0261052212623
