,motion_thresh,age_l,age_u,n,med_rsq,CI_95
0,24.0,7.0,10.0,160.0,0.923160426963,0.138663755461
