,motion_thresh,age_l,age_u,n,med_rsq,CI_95
0,40.0,9.0,12.0,280.0,0.977710573701,0.0289308833103
