,motion_thresh,age_l,age_u,n,med_rsq,CI_95
0,10.0,15.0,18.0,130.0,0.954526665746,0.0520720472022
