,motion_thresh,age_l,age_u,n,med_rsq,CI_95
0,2.0,12.0,15.0,250.0,0.946302598427,0.0410668129766
