,motion_thresh,age_l,age_u,n,med_rsq,CI_95
0,22.0,12.0,15.0,120.0,0.974658939713,0.0220852353824
