,motion_thresh,age_l,age_u,n,med_rsq,CI_95,med_icc,CI_95_icc
0,20.0,8.0,11.0,90.0,0.968078885034,0.0373054080691,0.983997915391,0.0187772347468
