,motion_thresh,age_l,age_u,n,med_rsq,CI_95
0,4.0,13.0,16.0,70.0,0.950798382413,0.0411717740538
