,motion_thresh,age_l,age_u,n,med_rsq,CI_95
0,4.0,8.0,11.0,280.0,0.929474605536,0.0435929724355
