,motion_thresh,age_l,age_u,n,med_rsq,CI_95
0,46.0,7.0,10.0,120.0,0.964662312325,0.0420306183776
