,motion_thresh,age_l,age_u,n,med_rsq,CI_95
0,34.0,10.0,13.0,120.0,0.973616653664,0.0419456051624
