,motion_thresh,age_l,age_u,n,med_rsq,CI_95
0,22.0,15.0,18.0,210.0,0.964058914852,0.0397028790904
