,motion_thresh,age_l,age_u,n,med_rsq,CI_95
0,14.0,7.0,10.0,250.0,0.956072326397,0.0685323371625
