,motion_thresh,age_l,age_u,n,med_rsq,CI_95
0,4.0,13.0,16.0,280.0,0.963029544885,0.0210241645419
