,motion_thresh,age_l,age_u,n,med_rsq,CI_95,med_icc,CI_95_icc
0,35.0,12.0,15.0,60.0,0.956850728788,0.0608756613708,0.978679132604,0.0291286519067
