,motion_thresh,age_l,age_u,n,med_rsq,CI_95
0,28.0,6.0,9.0,80.0,0.943197362117,0.0518750176361
