,motion_thresh,age_l,age_u,n,med_rsq,CI_95
0,38.0,6.0,9.0,170.0,0.95087696129,0.051627476049
