,motion_thresh,age_l,age_u,n,med_rsq,CI_95
0,34.0,11.0,14.0,40.0,0.924428499786,0.0870438248484
