,motion_thresh,age_l,age_u,n,med_rsq,CI_95
0,12.0,8.0,11.0,210.0,0.958151160667,0.0573271951095
