,motion_thresh,age_l,age_u,n,med_rsq,CI_95
0,26.0,14.0,17.0,280.0,0.973023406399,0.0340047838313
