,motion_thresh,age_l,age_u,n,med_rsq,CI_95
0,48.0,10.0,13.0,200.0,0.980042512427,0.0314752221184
