,motion_thresh,age_l,age_u,n,med_rsq,CI_95
0,50.0,10.0,13.0,290.0,0.977900186928,0.0319614563466
