,motion_thresh,age_l,age_u,n,med_rsq,CI_95
0,6.0,14.0,17.0,40.0,0.921456778688,0.111015650786
