,motion_thresh,age_l,age_u,n,med_rsq,CI_95
0,26.0,15.0,18.0,50.0,0.939345251696,0.12299755749
