,motion_thresh,age_l,age_u,n,med_rsq,CI_95
0,50.0,13.0,16.0,260.0,0.977963717579,0.0243831862415
