,motion_thresh,age_l,age_u,n,med_rsq,CI_95
0,28.0,6.0,9.0,30.0,0.893429492322,0.166997192089
