,motion_thresh,age_l,age_u,n,med_rsq,CI_95
0,10.0,10.0,13.0,30.0,0.90209604371,0.102478558268
