,motion_thresh,age_l,age_u,n,med_rsq,CI_95
0,18.0,13.0,16.0,280.0,0.972399531125,0.0354598181883
