,motion_thresh,age_l,age_u,n,med_rsq,CI_95
0,44.0,13.0,16.0,160.0,0.979535717772,0.0166336089418
