,motion_thresh,age_l,age_u,n,med_rsq,CI_95
0,2.0,7.0,10.0,190.0,0.882829313432,0.146317339741
