,motion_thresh,age_l,age_u,n,med_rsq,CI_95
0,4.0,8.0,11.0,190.0,0.933064520958,0.083660444878
