,motion_thresh,age_l,age_u,n,med_rsq,CI_95
0,30.0,7.0,10.0,300.0,0.965022545502,0.0412195863225
