,motion_thresh,age_l,age_u,n,med_rsq,CI_95,med_icc,CI_95_icc
0,20.0,6.0,9.0,270.0,0.94657158165,0.0692763433735,0.973653614743,0.0346900237144
