,motion_thresh,age_l,age_u,n,med_rsq,CI_95
0,44.0,9.0,12.0,50.0,0.936791173508,0.109639640466
