,motion_thresh,age_l,age_u,n,med_rsq,CI_95
0,24.0,6.0,9.0,170.0,0.944467621337,0.0637421393124
