,motion_thresh,age_l,age_u,n,med_rsq,CI_95
0,40.0,15.0,18.0,150.0,0.968288992269,0.0582987389184
