,motion_thresh,age_l,age_u,n,med_rsq,CI_95
0,46.0,9.0,12.0,80.0,0.961791768841,0.0712143168758
