,motion_thresh,age_l,age_u,n,med_rsq,CI_95,med_icc,CI_95_icc
0,20.0,9.0,12.0,150.0,0.975420295154,0.0362309745396,0.987641859183,0.0190294332318
