,motion_thresh,age_l,age_u,n,med_rsq,CI_95
0,38.0,14.0,17.0,60.0,0.950503092686,0.0657364891949
