,motion_thresh,age_l,age_u,n,med_rsq,CI_95
0,48.0,12.0,15.0,260.0,0.980109107183,0.0276899360365
