,motion_thresh,age_l,age_u,n,med_rsq,CI_95
0,14.0,11.0,14.0,200.0,0.976340063474,0.0187682964574
