,motion_thresh,age_l,age_u,n,med_rsq,CI_95
0,32.0,12.0,15.0,200.0,0.977892405915,0.0446155560123
