,motion_thresh,age_l,age_u,n,med_rsq,CI_95
0,28.0,15.0,18.0,150.0,0.967331650919,0.0399043782747
