,motion_thresh,age_l,age_u,n,med_rsq,CI_95
0,12.0,7.0,10.0,10.0,0.710419396797,0.300823136337
