,motion_thresh,age_l,age_u,n,med_rsq,CI_95
0,30.0,7.0,10.0,190.0,0.964887590597,0.0653891455708
