,motion_thresh,age_l,age_u,n,med_rsq,CI_95
0,36.0,8.0,11.0,90.0,0.964626536242,0.046964748045
