,motion_thresh,age_l,age_u,n,med_rsq,CI_95
0,48.0,15.0,18.0,260.0,0.967210287844,0.0399887540115
