,motion_thresh,age_l,age_u,n,med_rsq,CI_95
0,46.0,13.0,16.0,210.0,0.977928985436,0.0232079065355
