,motion_thresh,age_l,age_u,n,med_rsq,CI_95
0,12.0,7.0,10.0,70.0,0.952325557547,0.0578287772223
