,motion_thresh,age_l,age_u,n,med_rsq,CI_95
0,2.0,13.0,16.0,100.0,0.929714460605,0.0366639589488
