,motion_thresh,age_l,age_u,n,med_rsq,CI_95
0,40.0,11.0,14.0,30.0,0.891851276706,0.180632642751
