,motion_thresh,age_l,age_u,n,med_rsq,CI_95
0,28.0,14.0,17.0,30.0,0.894521192037,0.17786016165
