,motion_thresh,age_l,age_u,n,med_rsq,CI_95
0,42.0,11.0,14.0,230.0,0.980455233844,0.0246001183493
