,motion_thresh,age_l,age_u,n,med_rsq,CI_95,med_icc,CI_95_icc
0,5.0,14.0,17.0,120.0,0.964461228454,0.0397122891093,0.982258234482,0.0183833376207
