,motion_thresh,age_l,age_u,n,med_rsq,CI_95
0,46.0,12.0,15.0,100.0,0.971203106236,0.0340153869631
