,motion_thresh,age_l,age_u,n,med_rsq,CI_95
0,22.0,9.0,12.0,210.0,0.970767605343,0.0564598719344
