,motion_thresh,age_l,age_u,n,med_rsq,CI_95
0,42.0,8.0,11.0,20.0,0.848470517836,0.226342982242
