,motion_thresh,age_l,age_u,n,med_rsq,CI_95
0,38.0,10.0,13.0,250.0,0.978951668555,0.0308380052377
