,motion_thresh,age_l,age_u,n,med_rsq,CI_95
0,16.0,9.0,12.0,60.0,0.94953195805,0.0523457065558
