,motion_thresh,age_l,age_u,n,med_rsq,CI_95
0,4.0,12.0,15.0,140.0,0.938663446113,0.0742327265702
