,motion_thresh,age_l,age_u,n,med_rsq,CI_95,med_icc,CI_95_icc
0,50.0,6.0,9.0,120.0,0.958654390227,0.048139064922,0.979401504108,0.0226686799841
