,motion_thresh,age_l,age_u,n,med_rsq,CI_95
0,48.0,12.0,15.0,230.0,0.981146344586,0.0194398626547
