,motion_thresh,age_l,age_u,n,med_rsq,CI_95
0,8.0,10.0,13.0,90.0,0.96485510889,0.0253215045887
