,motion_thresh,age_l,age_u,n,med_rsq,CI_95
0,14.0,14.0,17.0,300.0,0.965125506184,0.0396618474385
