,motion_thresh,age_l,age_u,n,med_rsq,CI_95
0,18.0,7.0,10.0,180.0,0.955966059008,0.0582081225222
