,motion_thresh,age_l,age_u,n,med_rsq,CI_95
0,10.0,11.0,14.0,140.0,0.972548347312,0.0150656916439
