,motion_thresh,age_l,age_u,n,med_rsq,CI_95
0,4.0,9.0,12.0,10.0,0.705926485341,0.321038843859
