,motion_thresh,age_l,age_u,n,med_rsq,CI_95
0,2.0,12.0,15.0,120.0,0.948374516601,0.0271921758335
