,motion_thresh,age_l,age_u,n,med_rsq,CI_95
0,12.0,13.0,16.0,230.0,0.959094630273,0.0511923826417
