,motion_thresh,age_l,age_u,n,med_rsq,CI_95
0,28.0,11.0,14.0,220.0,0.97923436637,0.0186332602311
