,motion_thresh,age_l,age_u,n,med_rsq,CI_95
0,20.0,6.0,9.0,220.0,0.940918245271,0.0575145420138
