,motion_thresh,age_l,age_u,n,med_rsq,CI_95,med_icc,CI_95_icc
0,20.0,15.0,18.0,300.0,0.967599160321,0.0715718410053,0.983935099664,0.0330972011509
