,motion_thresh,age_l,age_u,n,med_rsq,CI_95
0,24.0,6.0,9.0,290.0,0.946125116078,0.0909929904443
