,motion_thresh,age_l,age_u,n,med_rsq,CI_95
0,36.0,15.0,18.0,290.0,0.969039734883,0.0382730361157
