,motion_thresh,age_l,age_u,n,med_rsq,CI_95,med_icc,CI_95_icc
0,30.0,12.0,15.0,90.0,0.970556837929,0.0558362898519,0.98517275123,0.0272152422445
