,motion_thresh,age_l,age_u,n,med_rsq,CI_95
0,22.0,10.0,13.0,160.0,0.975037007977,0.0412582324595
