,motion_thresh,age_l,age_u,n,med_rsq,CI_95
0,10.0,14.0,17.0,20.0,0.856668471076,0.186917611019
