,motion_thresh,age_l,age_u,n,med_rsq,CI_95
0,40.0,12.0,15.0,140.0,0.978615440331,0.0218922892422
