,motion_thresh,age_l,age_u,n,med_rsq,CI_95
0,6.0,10.0,13.0,210.0,0.957641025736,0.0243785436541
