,motion_thresh,age_l,age_u,n,med_rsq,CI_95
0,36.0,12.0,15.0,90.0,0.967534110268,0.0516471921276
