,motion_thresh,age_l,age_u,n,med_rsq,CI_95
0,40.0,8.0,11.0,250.0,0.972688241034,0.0471796035657
