,motion_thresh,age_l,age_u,n,med_rsq,CI_95
0,46.0,9.0,12.0,20.0,0.854052926502,0.196110282731
