,motion_thresh,age_l,age_u,n,med_rsq,CI_95,med_icc,CI_95_icc
0,20.0,9.0,12.0,180.0,0.977195010352,0.0306538051895,0.988504522852,0.0158968118434
