,motion_thresh,age_l,age_u,n,med_rsq,CI_95
0,28.0,6.0,9.0,300.0,0.946641054788,0.0444789085699
