,motion_thresh,age_l,age_u,n,med_rsq,CI_95
0,18.0,9.0,12.0,190.0,0.970484952154,0.0431549289598
