,motion_thresh,age_l,age_u,n,med_rsq,CI_95
0,24.0,6.0,9.0,260.0,0.946423410408,0.0556105833558
