,motion_thresh,age_l,age_u,n,med_rsq,CI_95
0,10.0,10.0,13.0,220.0,0.970456241705,0.0238040377977
