,motion_thresh,age_l,age_u,n,med_rsq,CI_95
0,46.0,13.0,16.0,30.0,0.897577123838,0.13859145788
