,motion_thresh,age_l,age_u,n,med_rsq,CI_95
0,12.0,7.0,10.0,110.0,0.952081314788,0.0528355333108
