,motion_thresh,age_l,age_u,n,med_rsq,CI_95
0,14.0,11.0,14.0,190.0,0.975749057259,0.0186441209181
