,motion_thresh,age_l,age_u,n,med_rsq,CI_95
0,16.0,14.0,17.0,290.0,0.96900853429,0.0354327487386
