,motion_thresh,age_l,age_u,n,med_rsq,CI_95,med_icc,CI_95_icc
0,40.0,9.0,12.0,120.0,0.976285023511,0.0507415515822,0.988280057873,0.0240237276093
