,motion_thresh,age_l,age_u,n,med_rsq,CI_95
0,6.0,12.0,15.0,220.0,0.969988952899,0.0368555789953
