,motion_thresh,age_l,age_u,n,med_rsq,CI_95
0,4.0,8.0,11.0,270.0,0.931109824793,0.0557903870773
