,motion_thresh,age_l,age_u,n,med_rsq,CI_95
0,14.0,8.0,11.0,200.0,0.962822860635,0.0331828453114
