,motion_thresh,age_l,age_u,n,med_rsq,CI_95
0,48.0,12.0,15.0,70.0,0.95634268306,0.065389851058
