,motion_thresh,age_l,age_u,n,med_rsq,CI_95
0,18.0,10.0,13.0,120.0,0.972273215973,0.0280722506561
