,motion_thresh,age_l,age_u,n,med_rsq,CI_95,med_icc,CI_95_icc
0,10.0,6.0,9.0,30.0,0.912758369215,0.176899321303,0.956569298891,0.0807957991221
