,motion_thresh,age_l,age_u,n,med_rsq,CI_95,med_icc,CI_95_icc
0,10.0,11.0,14.0,270.0,0.977967665848,0.0164459867881,0.988971629247,0.0080917463867
