,motion_thresh,age_l,age_u,n,med_rsq,CI_95
0,22.0,11.0,14.0,170.0,0.979646014004,0.0224780050803
