,motion_thresh,age_l,age_u,n,med_rsq,CI_95
0,4.0,9.0,12.0,290.0,0.941773230152,0.0472703779334
