,motion_thresh,age_l,age_u,n,med_rsq,CI_95
0,4.0,9.0,12.0,20.0,0.845392923025,0.159360967533
