,motion_thresh,age_l,age_u,n,med_rsq,CI_95
0,6.0,14.0,17.0,230.0,0.962919173731,0.0299138486097
