,motion_thresh,age_l,age_u,n,med_rsq,CI_95
0,20.0,11.0,14.0,140.0,0.97742186302,0.0259397707466
