,motion_thresh,age_l,age_u,n,med_rsq,CI_95,med_icc,CI_95_icc
0,5.0,7.0,10.0,270.0,0.931485880661,0.040852584974,0.96566504938,0.0199273868564
