,motion_thresh,age_l,age_u,n,med_rsq,CI_95
0,20.0,6.0,9.0,40.0,0.919830186427,0.0935443259532
