,motion_thresh,age_l,age_u,n,med_rsq,CI_95
0,4.0,12.0,15.0,100.0,0.943023785636,0.073705972806
