,motion_thresh,age_l,age_u,n,med_rsq,CI_95
0,44.0,7.0,10.0,260.0,0.964518931499,0.0395400065274
