,motion_thresh,age_l,age_u,n,med_rsq,CI_95
0,22.0,12.0,15.0,20.0,0.84984337146,0.175162655519
