,motion_thresh,age_l,age_u,n,med_rsq,CI_95
0,6.0,11.0,14.0,20.0,0.855776820966,0.136034300874
