,motion_thresh,age_l,age_u,n,med_rsq,CI_95
0,6.0,10.0,13.0,80.0,0.958809039126,0.0403792501554
