,motion_thresh,age_l,age_u,n,med_rsq,CI_95
0,50.0,12.0,15.0,290.0,0.981162583549,0.0207435927619
