,motion_thresh,age_l,age_u,n,med_rsq,CI_95
0,10.0,10.0,13.0,10.0,0.732682648918,0.32415157132
