,motion_thresh,age_l,age_u,n,med_rsq,CI_95
0,30.0,9.0,12.0,170.0,0.975857817674,0.021330459561
