,motion_thresh,age_l,age_u,n,med_rsq,CI_95
0,28.0,8.0,11.0,230.0,0.969940176209,0.0367319480097
