,motion_thresh,age_l,age_u,n,med_rsq,CI_95
0,22.0,9.0,12.0,250.0,0.968240500155,0.0496911465264
