,motion_thresh,age_l,age_u,n,med_rsq,CI_95
0,6.0,14.0,17.0,260.0,0.964609669865,0.027756217563
