,motion_thresh,age_l,age_u,n,med_rsq,CI_95
0,20.0,6.0,9.0,280.0,0.940712271354,0.082686221556
