,motion_thresh,age_l,age_u,n,med_rsq,CI_95
0,48.0,15.0,18.0,100.0,0.969118193219,0.0320054043184
