,motion_thresh,age_l,age_u,n,med_rsq,CI_95
0,46.0,13.0,16.0,20.0,0.849151492475,0.192982570407
