,motion_thresh,age_l,age_u,n,med_rsq,CI_95
0,42.0,10.0,13.0,30.0,0.901161052753,0.131398544111
