,motion_thresh,age_l,age_u,n,med_rsq,CI_95
0,6.0,8.0,11.0,80.0,0.945779574347,0.0173483826453
