,motion_thresh,age_l,age_u,n,med_rsq,CI_95
0,18.0,14.0,17.0,260.0,0.967452022385,0.0559390096426
