,motion_thresh,age_l,age_u,n,med_rsq,CI_95
0,42.0,12.0,15.0,40.0,0.926116663848,0.106714059749
