,motion_thresh,age_l,age_u,n,med_rsq,CI_95
0,2.0,8.0,11.0,20.0,0.84731614838,0.185952386826
