,motion_thresh,age_l,age_u,n,med_rsq,CI_95
0,32.0,11.0,14.0,40.0,0.924603544831,0.0891254415618
