,motion_thresh,age_l,age_u,n,med_rsq,CI_95
0,26.0,10.0,13.0,220.0,0.976647239043,0.0372878621347
