,motion_thresh,age_l,age_u,n,med_rsq,CI_95
0,10.0,8.0,11.0,90.0,0.958583201215,0.0296832964637
