,motion_thresh,age_l,age_u,n,med_rsq,CI_95
0,30.0,11.0,14.0,270.0,0.979582485599,0.0207002730949
