,motion_thresh,age_l,age_u,n,med_rsq,CI_95
0,16.0,9.0,12.0,100.0,0.964667984496,0.0545547333191
