,motion_thresh,age_l,age_u,n,med_rsq,CI_95
0,4.0,10.0,13.0,280.0,0.948430676489,0.0240851144769
