,motion_thresh,age_l,age_u,n,med_rsq,CI_95,med_icc,CI_95_icc
0,40.0,9.0,12.0,60.0,0.954626412891,0.081689900613,0.977126921514,0.0392077425171
