,motion_thresh,age_l,age_u,n,med_rsq,CI_95,med_icc,CI_95_icc
0,25.0,15.0,18.0,60.0,0.951326226039,0.0882426155676,0.976220704826,0.0407129927131
