,motion_thresh,age_l,age_u,n,med_rsq,CI_95
0,6.0,10.0,13.0,170.0,0.959168838305,0.0379635037786
