,motion_thresh,age_l,age_u,n,med_rsq,CI_95
0,36.0,10.0,13.0,130.0,0.976234564465,0.0366898728244
