,motion_thresh,age_l,age_u,n,med_rsq,CI_95
0,16.0,7.0,10.0,50.0,0.93518192055,0.0714772124859
