,motion_thresh,age_l,age_u,n,med_rsq,CI_95
0,24.0,8.0,11.0,40.0,0.921380676391,0.0890272951629
