,motion_thresh,age_l,age_u,n,med_rsq,CI_95
0,22.0,7.0,10.0,160.0,0.962391381242,0.0694294868597
