,motion_thresh,age_l,age_u,n,med_rsq,CI_95
0,32.0,11.0,14.0,280.0,0.979337981665,0.0351355016924
