,motion_thresh,age_l,age_u,n,med_rsq,CI_95
0,24.0,10.0,13.0,20.0,0.853539006424,0.266655356888
