,motion_thresh,age_l,age_u,n,med_rsq,CI_95
0,50.0,14.0,17.0,230.0,0.975107508781,0.0250700097583
