,motion_thresh,age_l,age_u,n,med_rsq,CI_95
0,20.0,11.0,14.0,10.0,0.726870716584,0.287203068812
