,motion_thresh,age_l,age_u,n,med_rsq,CI_95
0,6.0,11.0,14.0,210.0,0.970883409427,0.00925253278883
