,motion_thresh,age_l,age_u,n,med_rsq,CI_95
0,48.0,12.0,15.0,100.0,0.970017890257,0.0365253143856
