,motion_thresh,age_l,age_u,n,med_rsq,CI_95
0,38.0,7.0,10.0,150.0,0.963815037868,0.0336553624844
