,motion_thresh,age_l,age_u,n,med_rsq,CI_95
0,48.0,14.0,17.0,120.0,0.975239587845,0.0363206879602
