,motion_thresh,age_l,age_u,n,med_rsq,CI_95,med_icc,CI_95_icc
0,25.0,9.0,12.0,150.0,0.978268657628,0.0227761804744,0.989371173153,0.0111530194227
