,motion_thresh,age_l,age_u,n,med_rsq,CI_95
0,46.0,10.0,13.0,270.0,0.972278817919,0.0481442348271
