,motion_thresh,age_l,age_u,n,med_rsq,CI_95
0,44.0,10.0,13.0,180.0,0.978907600383,0.0280474002211
