,motion_thresh,age_l,age_u,n,med_rsq,CI_95,med_icc,CI_95_icc
0,35.0,8.0,11.0,150.0,0.977098372004,0.0232027628613,0.988556961648,0.0114901718016
