,motion_thresh,age_l,age_u,n,med_rsq,CI_95
0,20.0,9.0,12.0,90.0,0.966592580281,0.0516126845319
