,motion_thresh,age_l,age_u,n,med_rsq,CI_95,med_icc,CI_95_icc
0,25.0,14.0,17.0,90.0,0.968785979254,0.0473492013756,0.984582434188,0.0235411879275
