,motion_thresh,age_l,age_u,n,med_rsq,CI_95
0,40.0,10.0,13.0,170.0,0.979558261928,0.0235654831715
