,motion_thresh,age_l,age_u,n,med_rsq,CI_95
0,36.0,11.0,14.0,290.0,0.980974479502,0.018562669075
