,motion_thresh,age_l,age_u,n,med_rsq,CI_95
0,42.0,15.0,18.0,160.0,0.96830036326,0.0524772360557
