,motion_thresh,age_l,age_u,n,med_rsq,CI_95
0,8.0,9.0,12.0,100.0,0.956333864858,0.0465609561839
