,motion_thresh,age_l,age_u,n,med_rsq,CI_95
0,44.0,11.0,14.0,280.0,0.980545323745,0.0275237045241
