,motion_thresh,age_l,age_u,n,med_rsq,CI_95
0,44.0,12.0,15.0,130.0,0.977703105237,0.0302475681561
