,motion_thresh,age_l,age_u,n,med_rsq,CI_95
0,24.0,9.0,12.0,140.0,0.973556280552,0.0321635014415
