,motion_thresh,age_l,age_u,n,med_rsq,CI_95
0,30.0,10.0,13.0,50.0,0.941394629161,0.0789472188792
