,motion_thresh,age_l,age_u,n,med_rsq,CI_95,med_icc,CI_95_icc
0,10.0,10.0,13.0,120.0,0.973628950717,0.0141677066212,0.986995202328,0.0069623721517
