,motion_thresh,age_l,age_u,n,med_rsq,CI_95
0,44.0,9.0,12.0,60.0,0.945527274517,0.109150700268
