,motion_thresh,age_l,age_u,n,med_rsq,CI_95
0,46.0,12.0,15.0,290.0,0.980622491388,0.0273336849997
