,motion_thresh,age_l,age_u,n,med_rsq,CI_95,med_icc,CI_95_icc
0,45.0,8.0,11.0,150.0,0.978378762338,0.0336290174221,0.989217782937,0.0164414141126
