,motion_thresh,age_l,age_u,n,med_rsq,CI_95
0,26.0,12.0,15.0,280.0,0.978440373022,0.0240958666172
