,motion_thresh,age_l,age_u,n,med_rsq,CI_95
0,40.0,7.0,10.0,250.0,0.963523135247,0.0378557569548
