,motion_thresh,age_l,age_u,n,med_rsq,CI_95
0,22.0,15.0,18.0,80.0,0.960817521563,0.0519933419949
