,motion_thresh,age_l,age_u,n,med_rsq,CI_95
0,24.0,6.0,9.0,280.0,0.945316653347,0.0542783240785
