,motion_thresh,age_l,age_u,n,med_rsq,CI_95
0,2.0,10.0,13.0,230.0,0.934782048135,0.046122397956
