,motion_thresh,age_l,age_u,n,med_rsq,CI_95
0,18.0,12.0,15.0,10.0,0.730580257827,0.347070548089
