,motion_thresh,age_l,age_u,n,med_rsq,CI_95
0,48.0,9.0,12.0,30.0,0.897276199914,0.110975719819
