,motion_thresh,age_l,age_u,n,med_rsq,CI_95
0,12.0,8.0,11.0,50.0,0.937803234822,0.0991933880283
