,motion_thresh,age_l,age_u,n,med_rsq,CI_95
0,38.0,8.0,11.0,290.0,0.973492942652,0.0248974176749
