,motion_thresh,age_l,age_u,n,med_rsq,CI_95
0,22.0,15.0,18.0,130.0,0.964017701162,0.045408738735
