,motion_thresh,age_l,age_u,n,med_rsq,CI_95,med_icc,CI_95_icc
0,25.0,10.0,13.0,120.0,0.97838185647,0.0231705482939,0.989328960381,0.0116609915655
