,motion_thresh,age_l,age_u,n,med_rsq,CI_95
0,26.0,12.0,15.0,250.0,0.977828902697,0.0248418912929
