,motion_thresh,age_l,age_u,n,med_rsq,CI_95
0,10.0,15.0,18.0,170.0,0.956163328196,0.0698449062848
