,motion_thresh,age_l,age_u,n,med_rsq,CI_95
0,2.0,11.0,14.0,290.0,0.945384301682,0.0228981509549
