,motion_thresh,age_l,age_u,n,med_rsq,CI_95
0,28.0,13.0,16.0,210.0,0.977905417279,0.0283464197324
