,motion_thresh,age_l,age_u,n,med_rsq,CI_95
0,22.0,8.0,11.0,270.0,0.969336407011,0.0305695328411
