,motion_thresh,age_l,age_u,n,med_rsq,CI_95
0,20.0,7.0,10.0,140.0,0.963691242796,0.033111896111
