,motion_thresh,age_l,age_u,n,med_rsq,CI_95
0,10.0,13.0,16.0,260.0,0.969551158175,0.0319110801381
