,motion_thresh,age_l,age_u,n,med_rsq,CI_95,med_icc,CI_95_icc
0,10.0,14.0,17.0,180.0,0.954192682815,0.069491469054,0.977543712475,0.0331175412567
