,motion_thresh,age_l,age_u,n,med_rsq,CI_95
0,36.0,14.0,17.0,220.0,0.974866442481,0.0351519505499
