,motion_thresh,age_l,age_u,n,med_rsq,CI_95
0,46.0,14.0,17.0,40.0,0.924815201531,0.111064647601
