,motion_thresh,age_l,age_u,n,med_rsq,CI_95
0,4.0,15.0,18.0,260.0,0.936569490527,0.0289619655812
