,motion_thresh,age_l,age_u,n,med_rsq,CI_95
0,24.0,9.0,12.0,210.0,0.975462747467,0.0443129049084
