,motion_thresh,age_l,age_u,n,med_rsq,CI_95
0,28.0,7.0,10.0,200.0,0.946212866446,0.0982598419497
