,motion_thresh,age_l,age_u,n,med_rsq,CI_95,med_icc,CI_95_icc
0,45.0,6.0,9.0,240.0,0.953366014105,0.054309959947,0.97713798583,0.0247039358962
