,motion_thresh,age_l,age_u,n,med_rsq,CI_95,med_icc,CI_95_icc
0,15.0,11.0,14.0,150.0,0.979764738048,0.0147028455296,0.990009439389,0.00717360147619
