,motion_thresh,age_l,age_u,n,med_rsq,CI_95
0,2.0,15.0,18.0,60.0,0.926599641211,0.0409601069596
