,motion_thresh,age_l,age_u,n,med_rsq,CI_95
0,6.0,13.0,16.0,220.0,0.968096589184,0.0318734631193
