,motion_thresh,age_l,age_u,n,med_rsq,CI_95,med_icc,CI_95_icc
0,35.0,15.0,18.0,60.0,0.952367499082,0.0551225353302,0.976014494363,0.0282471864234
