,motion_thresh,age_l,age_u,n,med_rsq,CI_95,med_icc,CI_95_icc
0,25.0,8.0,11.0,30.0,0.907254053713,0.124236769106,0.954338746105,0.0602654658866
