,motion_thresh,age_l,age_u,n,med_rsq,CI_95
0,42.0,15.0,18.0,170.0,0.965328152356,0.0485966870773
