,motion_thresh,age_l,age_u,n,med_rsq,CI_95
0,2.0,8.0,11.0,180.0,0.910452161096,0.0348254240866
