,motion_thresh,age_l,age_u,n,med_rsq,CI_95
0,30.0,15.0,18.0,60.0,0.944913144539,0.083275403082
