,motion_thresh,age_l,age_u,n,med_rsq,CI_95
0,48.0,6.0,9.0,250.0,0.946690988435,0.0903865593895
