,motion_thresh,age_l,age_u,n,med_rsq,CI_95
0,46.0,10.0,13.0,140.0,0.978313054567,0.030928852772
