,motion_thresh,age_l,age_u,n,med_rsq,CI_95,med_icc,CI_95_icc
0,20.0,12.0,15.0,90.0,0.973035851518,0.029040931077,0.986479512785,0.01380759853
