,motion_thresh,age_l,age_u,n,med_rsq,CI_95
0,30.0,15.0,18.0,100.0,0.969498592252,0.0312617651791
