,motion_thresh,age_l,age_u,n,med_rsq,CI_95
0,22.0,9.0,12.0,150.0,0.968933712733,0.0474674815336
