,motion_thresh,age_l,age_u,n,med_rsq,CI_95
0,50.0,7.0,10.0,270.0,0.968369773289,0.032591607514
