,motion_thresh,age_l,age_u,n,med_rsq,CI_95
0,2.0,6.0,9.0,150.0,0.869277580864,0.0762421614329
