,motion_thresh,age_l,age_u,n,med_rsq,CI_95
0,42.0,14.0,17.0,70.0,0.95617908079,0.0516985321547
