,motion_thresh,age_l,age_u,n,med_rsq,CI_95
0,4.0,7.0,10.0,250.0,0.921623458139,0.0312242978316
