,motion_thresh,age_l,age_u,n,med_rsq,CI_95
0,22.0,7.0,10.0,280.0,0.959659485499,0.0435120789767
