,motion_thresh,age_l,age_u,n,med_rsq,CI_95
0,8.0,14.0,17.0,200.0,0.959438491462,0.0679516125274
