,motion_thresh,age_l,age_u,n,med_rsq,CI_95
0,4.0,8.0,11.0,140.0,0.934196560993,0.0938349836859
