,motion_thresh,age_l,age_u,n,med_rsq,CI_95
0,2.0,8.0,11.0,210.0,0.912528274181,0.0221400855814
