,motion_thresh,age_l,age_u,n,med_rsq,CI_95
0,30.0,15.0,18.0,300.0,0.967206128993,0.0424380007476
