,motion_thresh,age_l,age_u,n,med_rsq,CI_95
0,20.0,11.0,14.0,60.0,0.951379525795,0.0770068388966
