,motion_thresh,age_l,age_u,n,med_rsq,CI_95
0,6.0,15.0,18.0,80.0,0.95039202963,0.047453152969
