,motion_thresh,age_l,age_u,n,med_rsq,CI_95,med_icc,CI_95_icc
0,20.0,10.0,13.0,150.0,0.976029960737,0.0267866045607,0.987900764465,0.0139188522614
