,motion_thresh,age_l,age_u,n,med_rsq,CI_95
0,36.0,7.0,10.0,270.0,0.962159684142,0.0477562594654
