,motion_thresh,age_l,age_u,n,med_rsq,CI_95
0,18.0,13.0,16.0,180.0,0.974163499689,0.0241042955657
