,motion_thresh,age_l,age_u,n,med_rsq,CI_95
0,8.0,8.0,11.0,230.0,0.95446667778,0.0552975192327
