,motion_thresh,age_l,age_u,n,med_rsq,CI_95
0,26.0,6.0,9.0,230.0,0.945265256845,0.0745029343151
