,motion_thresh,age_l,age_u,n,med_rsq,CI_95
0,46.0,14.0,17.0,200.0,0.9749424542,0.0290092067558
