,motion_thresh,age_l,age_u,n,med_rsq,CI_95
0,2.0,6.0,9.0,280.0,0.85645889353,0.0605599834289
