,motion_thresh,age_l,age_u,n,med_rsq,CI_95
0,12.0,9.0,12.0,80.0,0.961010402735,0.0759391228712
