,motion_thresh,age_l,age_u,n,med_rsq,CI_95
0,4.0,15.0,18.0,90.0,0.940062577767,0.0592949761744
