,motion_thresh,age_l,age_u,n,med_rsq,CI_95,med_icc,CI_95_icc
0,40.0,13.0,16.0,150.0,0.978664954647,0.0249691324358,0.989342526541,0.0122219400883
