,motion_thresh,age_l,age_u,n,med_rsq,CI_95
0,4.0,14.0,17.0,10.0,0.725148365558,0.329095581497
