,motion_thresh,age_l,age_u,n,med_rsq,CI_95,med_icc,CI_95_icc
0,25.0,14.0,17.0,150.0,0.977043691341,0.0283842596858,0.98863908234,0.0140593645494
