,motion_thresh,age_l,age_u,n,med_rsq,CI_95
0,10.0,10.0,13.0,160.0,0.969321546506,0.0258365636481
