,motion_thresh,age_l,age_u,n,med_rsq,CI_95
0,12.0,11.0,14.0,190.0,0.975772215237,0.0145527900537
