,motion_thresh,age_l,age_u,n,med_rsq,CI_95
0,6.0,10.0,13.0,40.0,0.925145464778,0.0542833937912
