,motion_thresh,age_l,age_u,n,med_rsq,CI_95
0,22.0,12.0,15.0,200.0,0.976939138759,0.0296912282188
