,motion_thresh,age_l,age_u,n,med_rsq,CI_95
0,18.0,10.0,13.0,240.0,0.973663194864,0.0348752723888
