,motion_thresh,age_l,age_u,n,med_rsq,CI_95
0,40.0,6.0,9.0,160.0,0.950544180265,0.0586254745198
