,motion_thresh,age_l,age_u,n,med_rsq,CI_95
0,14.0,9.0,12.0,140.0,0.951155211766,0.083653669027
