,motion_thresh,age_l,age_u,n,med_rsq,CI_95
0,32.0,12.0,15.0,250.0,0.977289825179,0.028937990912
