,motion_thresh,age_l,age_u,n,med_rsq,CI_95
0,42.0,8.0,11.0,240.0,0.973908191721,0.0284521077441
