,motion_thresh,age_l,age_u,n,med_rsq,CI_95,med_icc,CI_95_icc
0,50.0,9.0,12.0,120.0,0.977738921012,0.0348412174891,0.988798618583,0.0167015159338
