,motion_thresh,age_l,age_u,n,med_rsq,CI_95
0,28.0,9.0,12.0,240.0,0.973695948648,0.0350935281778
