,motion_thresh,age_l,age_u,n,med_rsq,CI_95
0,44.0,11.0,14.0,220.0,0.980507789518,0.0185841119674
