,motion_thresh,age_l,age_u,n,med_rsq,CI_95
0,32.0,8.0,11.0,40.0,0.923360736583,0.089804477922
