,motion_thresh,age_l,age_u,n,med_rsq,CI_95
0,44.0,14.0,17.0,120.0,0.975850825027,0.03147263449
