,motion_thresh,age_l,age_u,n,med_rsq,CI_95
0,50.0,12.0,15.0,130.0,0.976923938253,0.03738158868
