,motion_thresh,age_l,age_u,n,med_rsq,CI_95
0,30.0,6.0,9.0,140.0,0.943831479936,0.064365961642
