,motion_thresh,age_l,age_u,n,med_rsq,CI_95,med_icc,CI_95_icc
0,15.0,12.0,15.0,150.0,0.976952969449,0.0388578467756,0.988404306849,0.0197156818936
