,motion_thresh,age_l,age_u,n,med_rsq,CI_95
0,8.0,10.0,13.0,20.0,0.85345595988,0.181046650903
