,motion_thresh,age_l,age_u,n,med_rsq,CI_95
0,42.0,10.0,13.0,220.0,0.973348993291,0.0502521029147
