,motion_thresh,age_l,age_u,n,med_rsq,CI_95
0,22.0,11.0,14.0,200.0,0.978709248974,0.0184672579252
