,motion_thresh,age_l,age_u,n,med_rsq,CI_95
0,6.0,15.0,18.0,270.0,0.950779969046,0.0475851648441
