,motion_thresh,age_l,age_u,n,med_rsq,CI_95
0,16.0,8.0,11.0,140.0,0.964933046607,0.0362232745474
