,motion_thresh,age_l,age_u,n,med_rsq,CI_95
0,28.0,7.0,10.0,300.0,0.940454354042,0.0902079343649
