,motion_thresh,age_l,age_u,n,med_rsq,CI_95
0,2.0,6.0,9.0,250.0,0.865926395668,0.0548209833391
