,motion_thresh,age_l,age_u,n,med_rsq,CI_95
0,36.0,10.0,13.0,270.0,0.979751627826,0.0338172466939
