,motion_thresh,age_l,age_u,n,med_rsq,CI_95
0,24.0,10.0,13.0,90.0,0.966264735306,0.0487735168074
