,motion_thresh,age_l,age_u,n,med_rsq,CI_95
0,4.0,13.0,16.0,290.0,0.9622701322,0.0134870904052
