,motion_thresh,age_l,age_u,n,med_rsq,CI_95
0,32.0,6.0,9.0,200.0,0.945159357404,0.0468090653222
