,motion_thresh,age_l,age_u,n,med_rsq,CI_95
0,14.0,11.0,14.0,210.0,0.976325888999,0.0162847970909
