,motion_thresh,age_l,age_u,n,med_rsq,CI_95
0,46.0,11.0,14.0,110.0,0.973763496153,0.0400741665704
