,motion_thresh,age_l,age_u,n,med_rsq,CI_95
0,38.0,12.0,15.0,210.0,0.980133250276,0.0225844643147
