,motion_thresh,age_l,age_u,n,med_rsq,CI_95
0,2.0,10.0,13.0,30.0,0.898848440036,0.0935936789213
