,motion_thresh,age_l,age_u,n,med_rsq,CI_95
0,28.0,12.0,15.0,240.0,0.977497460139,0.0261284502656
