,motion_thresh,age_l,age_u,n,med_rsq,CI_95,med_icc,CI_95_icc
0,25.0,6.0,9.0,270.0,0.955206373899,0.0699899989869,0.977348730944,0.0357093218374
