,motion_thresh,age_l,age_u,n,med_rsq,CI_95
0,34.0,7.0,10.0,60.0,0.948680664013,0.0718294956058
