,motion_thresh,age_l,age_u,n,med_rsq,CI_95
0,10.0,8.0,11.0,220.0,0.956808073408,0.0336759797622
