,motion_thresh,age_l,age_u,n,med_rsq,CI_95
0,46.0,14.0,17.0,90.0,0.966271436406,0.0607680109222
