,motion_thresh,age_l,age_u,n,med_rsq,CI_95,med_icc,CI_95_icc
0,5.0,13.0,16.0,120.0,0.970067347784,0.0325073048122,0.984715856463,0.0168055096106
