,motion_thresh,age_l,age_u,n,med_rsq,CI_95,med_icc,CI_95_icc
0,50.0,11.0,14.0,90.0,0.969596669832,0.0468196292588,0.985055341979,0.0241854310946
