,motion_thresh,age_l,age_u,n,med_rsq,CI_95,med_icc,CI_95_icc
0,5.0,7.0,10.0,300.0,0.933199548797,0.0607610758604,0.966544144945,0.0284636280508
