,motion_thresh,age_l,age_u,n,med_rsq,CI_95
0,2.0,11.0,14.0,80.0,0.946179817694,0.0165210070721
