,motion_thresh,age_l,age_u,n,med_rsq,CI_95
0,20.0,11.0,14.0,150.0,0.978224704443,0.0202596863662
