,motion_thresh,age_l,age_u,n,med_rsq,CI_95
0,14.0,9.0,12.0,30.0,0.899967579827,0.108634756166
