,motion_thresh,age_l,age_u,n,med_rsq,CI_95
0,44.0,6.0,9.0,250.0,0.950068523794,0.058878202946
