,motion_thresh,age_l,age_u,n,med_rsq,CI_95
0,22.0,6.0,9.0,200.0,0.938770964803,0.063121539929
