,motion_thresh,age_l,age_u,n,med_rsq,CI_95
0,22.0,7.0,10.0,270.0,0.961473346366,0.0584100964452
