,motion_thresh,age_l,age_u,n,med_rsq,CI_95
0,14.0,9.0,12.0,10.0,0.705598589234,0.377170521081
