,motion_thresh,age_l,age_u,n,med_rsq,CI_95
0,8.0,13.0,16.0,210.0,0.970516183781,0.0221663019423
