,motion_thresh,age_l,age_u,n,med_rsq,CI_95
0,38.0,8.0,11.0,260.0,0.973291090322,0.0262377523757
