,motion_thresh,age_l,age_u,n,med_rsq,CI_95
0,32.0,14.0,17.0,120.0,0.974830878909,0.027255458436
