,motion_thresh,age_l,age_u,n,med_rsq,CI_95
0,34.0,14.0,17.0,240.0,0.973307218623,0.0396080619532
