,motion_thresh,age_l,age_u,n,med_rsq,CI_95
0,6.0,13.0,16.0,200.0,0.96872667294,0.0219934574408
