,motion_thresh,age_l,age_u,n,med_rsq,CI_95
0,36.0,11.0,14.0,220.0,0.980098029925,0.017799396076
