,motion_thresh,age_l,age_u,n,med_rsq,CI_95
0,34.0,12.0,15.0,240.0,0.979853041492,0.0263361321012
