,motion_thresh,age_l,age_u,n,med_rsq,CI_95
0,44.0,12.0,15.0,10.0,0.711948790464,0.37636200342
