,motion_thresh,age_l,age_u,n,med_rsq,CI_95
0,32.0,6.0,9.0,130.0,0.945232380775,0.0520021185509
