,motion_thresh,age_l,age_u,n,med_rsq,CI_95,med_icc,CI_95_icc
0,40.0,13.0,16.0,240.0,0.980116192382,0.0255753297169,0.990047534494,0.0121045414815
