,motion_thresh,age_l,age_u,n,med_rsq,CI_95
0,42.0,12.0,15.0,170.0,0.978558843749,0.0263012459629
