,motion_thresh,age_l,age_u,n,med_rsq,CI_95
0,50.0,11.0,14.0,110.0,0.971771488983,0.0365974408132
