,motion_thresh,age_l,age_u,n,med_rsq,CI_95
0,2.0,13.0,16.0,210.0,0.939902588601,0.0711961662665
