,motion_thresh,age_l,age_u,n,med_rsq,CI_95
0,32.0,9.0,12.0,290.0,0.976468297252,0.0224275884412
