,motion_thresh,age_l,age_u,n,med_rsq,CI_95
0,48.0,12.0,15.0,160.0,0.980381801766,0.0276466814157
