,motion_thresh,age_l,age_u,n,med_rsq,CI_95
0,26.0,8.0,11.0,140.0,0.970595339157,0.0348867714792
