,motion_thresh,age_l,age_u,n,med_rsq,CI_95
0,18.0,14.0,17.0,160.0,0.968448826989,0.0421398136256
