,motion_thresh,age_l,age_u,n,med_rsq,CI_95
0,12.0,12.0,15.0,290.0,0.973639967589,0.0236919177796
