,motion_thresh,age_l,age_u,n,med_rsq,CI_95
0,30.0,15.0,18.0,170.0,0.966943821545,0.0350619201599
