,motion_thresh,age_l,age_u,n,med_rsq,CI_95
0,46.0,10.0,13.0,50.0,0.938956669093,0.0757536774913
