,motion_thresh,age_l,age_u,n,med_rsq,CI_95,med_icc,CI_95_icc
0,45.0,14.0,17.0,30.0,0.914612055185,0.103971733129,0.956918922872,0.0504536281748
