,motion_thresh,age_l,age_u,n,med_rsq,CI_95,med_icc,CI_95_icc
0,20.0,11.0,14.0,210.0,0.980469440724,0.0250866379482,0.990117397485,0.0126146743381
