,motion_thresh,age_l,age_u,n,med_rsq,CI_95
0,50.0,14.0,17.0,300.0,0.974117537822,0.0334533140811
