,motion_thresh,age_l,age_u,n,med_rsq,CI_95
0,34.0,10.0,13.0,220.0,0.976053634971,0.0404078307593
