,motion_thresh,age_l,age_u,n,med_rsq,CI_95,med_icc,CI_95_icc
0,20.0,8.0,11.0,210.0,0.962948942875,0.0748032748897,0.982105956776,0.0348719105168
