,motion_thresh,age_l,age_u,n,med_rsq,CI_95,med_icc,CI_95_icc
0,20.0,13.0,16.0,180.0,0.978401071242,0.0204202305302,0.989135565858,0.0101195905814
