,motion_thresh,age_l,age_u,n,med_rsq,CI_95
0,20.0,8.0,11.0,10.0,0.720106814104,0.38694162513
