,motion_thresh,age_l,age_u,n,med_rsq,CI_95,med_icc,CI_95_icc
0,20.0,11.0,14.0,300.0,0.981672438448,0.0245590493217,0.99079781392,0.0125794888343
