,motion_thresh,age_l,age_u,n,med_rsq,CI_95
0,44.0,10.0,13.0,200.0,0.979129205034,0.0307031415615
