,motion_thresh,age_l,age_u,n,med_rsq,CI_95,med_icc,CI_95_icc
0,35.0,14.0,17.0,30.0,0.913836041852,0.0993313669259,0.956561313208,0.04281817034
