,motion_thresh,age_l,age_u,n,med_rsq,CI_95
0,48.0,14.0,17.0,180.0,0.974552493325,0.0310354758753
