,motion_thresh,age_l,age_u,n,med_rsq,CI_95
0,30.0,14.0,17.0,140.0,0.973360473078,0.0278783855457
