,motion_thresh,age_l,age_u,n,med_rsq,CI_95
0,4.0,10.0,13.0,260.0,0.954594373061,0.0417052306145
