,motion_thresh,age_l,age_u,n,med_rsq,CI_95
0,12.0,6.0,9.0,250.0,0.934698883818,0.0787278283431
