,motion_thresh,age_l,age_u,n,med_rsq,CI_95
0,2.0,11.0,14.0,240.0,0.943987284916,0.0306295887593
