,motion_thresh,age_l,age_u,n,med_rsq,CI_95,med_icc,CI_95_icc
0,15.0,13.0,16.0,60.0,0.957033722684,0.0535126968204,0.978453484704,0.0270265147962
