,motion_thresh,age_l,age_u,n,med_rsq,CI_95
0,28.0,11.0,14.0,50.0,0.938292320107,0.0599460138495
