,motion_thresh,age_l,age_u,n,med_rsq,CI_95
0,32.0,7.0,10.0,130.0,0.964373583857,0.0547762006502
