,motion_thresh,age_l,age_u,n,med_rsq,CI_95,med_icc,CI_95_icc
0,10.0,8.0,11.0,150.0,0.96462520246,0.0275185912,0.982182516919,0.0134064402093
