,motion_thresh,age_l,age_u,n,med_rsq,CI_95
0,32.0,6.0,9.0,150.0,0.944510245638,0.0555052716815
