,motion_thresh,age_l,age_u,n,med_rsq,CI_95,med_icc,CI_95_icc
0,20.0,8.0,11.0,120.0,0.964789812998,0.0536144584441,0.982552257085,0.0249849488607
