,motion_thresh,age_l,age_u,n,med_rsq,CI_95
0,26.0,15.0,18.0,210.0,0.964976458074,0.0509184332906
