,motion_thresh,age_l,age_u,n,med_rsq,CI_95
0,50.0,14.0,17.0,260.0,0.974934865013,0.0196987115972
