,motion_thresh,age_l,age_u,n,med_rsq,CI_95
0,6.0,13.0,16.0,10.0,0.725187429918,0.236672208066
