,motion_thresh,age_l,age_u,n,med_rsq,CI_95
0,4.0,13.0,16.0,270.0,0.964086639499,0.0196643664718
