,motion_thresh,age_l,age_u,n,med_rsq,CI_95,med_icc,CI_95_icc
0,30.0,10.0,13.0,300.0,0.981078433336,0.0179584362013,0.990568088894,0.00910284247737
