,motion_thresh,age_l,age_u,n,med_rsq,CI_95
0,38.0,10.0,13.0,30.0,0.901347614227,0.18647474783
