,motion_thresh,age_l,age_u,n,med_rsq,CI_95
0,30.0,12.0,15.0,270.0,0.978889472122,0.0229888888605
