,motion_thresh,age_l,age_u,n,med_rsq,CI_95
0,28.0,6.0,9.0,250.0,0.945734447086,0.0452335123082
