,motion_thresh,age_l,age_u,n,med_rsq,CI_95
0,20.0,7.0,10.0,10.0,0.712468767867,0.373628873731
