,motion_thresh,age_l,age_u,n,med_rsq,CI_95
0,32.0,9.0,12.0,130.0,0.975885346787,0.0305689334268
