,motion_thresh,age_l,age_u,n,med_rsq,CI_95
0,2.0,12.0,15.0,190.0,0.948779599974,0.00797538107095
