,motion_thresh,age_l,age_u,n,med_rsq,CI_95,med_icc,CI_95_icc
0,35.0,7.0,10.0,270.0,0.967569637,0.038001438106,0.984103637949,0.017858547017
