,motion_thresh,age_l,age_u,n,med_rsq,CI_95
0,8.0,6.0,9.0,60.0,0.917942733094,0.0636551094745
