,motion_thresh,age_l,age_u,n,med_rsq,CI_95
0,12.0,13.0,16.0,240.0,0.961612682108,0.0475496734563
