,motion_thresh,age_l,age_u,n,med_rsq,CI_95
0,28.0,14.0,17.0,180.0,0.972970183006,0.0276783214672
