,motion_thresh,age_l,age_u,n,med_rsq,CI_95
0,24.0,9.0,12.0,10.0,0.709551466797,0.403229891411
