,motion_thresh,age_l,age_u,n,med_rsq,CI_95
0,28.0,13.0,16.0,140.0,0.977336282749,0.0203755098149
