,motion_thresh,age_l,age_u,n,med_rsq,CI_95
0,38.0,6.0,9.0,100.0,0.952007782864,0.0535607631642
