,motion_thresh,age_l,age_u,n,med_rsq,CI_95,med_icc,CI_95_icc
0,30.0,13.0,16.0,180.0,0.980003091967,0.0213500683936,0.989969923088,0.0105073560916
