,motion_thresh,age_l,age_u,n,med_rsq,CI_95
0,46.0,13.0,16.0,190.0,0.977534632256,0.0213032945456
