,motion_thresh,age_l,age_u,n,med_rsq,CI_95
0,22.0,7.0,10.0,150.0,0.959047159405,0.0499556186441
