,motion_thresh,age_l,age_u,n,med_rsq,CI_95
0,34.0,11.0,14.0,50.0,0.93903462716,0.0992484933099
