,motion_thresh,age_l,age_u,n,med_rsq,CI_95
0,40.0,12.0,15.0,170.0,0.978682772006,0.0318333216005
