,motion_thresh,age_l,age_u,n,med_rsq,CI_95
0,4.0,11.0,14.0,10.0,0.720378943119,0.278412647859
