,motion_thresh,age_l,age_u,n,med_rsq,CI_95,med_icc,CI_95_icc
0,35.0,15.0,18.0,270.0,0.971833196896,0.0445394001445,0.985734014404,0.0229225000849
