,motion_thresh,age_l,age_u,n,med_rsq,CI_95
0,10.0,13.0,16.0,130.0,0.969030166662,0.028217346277
