,motion_thresh,age_l,age_u,n,med_rsq,CI_95
0,36.0,12.0,15.0,110.0,0.972036312399,0.0385966538458
