,motion_thresh,age_l,age_u,n,med_rsq,CI_95
0,2.0,7.0,10.0,280.0,0.891821844685,0.135015900408
