,motion_thresh,age_l,age_u,n,med_rsq,CI_95
0,18.0,13.0,16.0,240.0,0.973046452142,0.0372002017164
