,motion_thresh,age_l,age_u,n,med_rsq,CI_95
0,38.0,14.0,17.0,220.0,0.970291791145,0.0472119757339
