,motion_thresh,age_l,age_u,n,med_rsq,CI_95
0,4.0,7.0,10.0,150.0,0.919531566523,0.113380498661
