,motion_thresh,age_l,age_u,n,med_rsq,CI_95
0,38.0,6.0,9.0,20.0,0.841897740283,0.218808920984
