,motion_thresh,age_l,age_u,n,med_rsq,CI_95
0,34.0,8.0,11.0,40.0,0.92427492366,0.143895078959
