,motion_thresh,age_l,age_u,n,med_rsq,CI_95
0,20.0,15.0,18.0,140.0,0.959178649201,0.060341707603
