,motion_thresh,age_l,age_u,n,med_rsq,CI_95
0,22.0,9.0,12.0,90.0,0.965910476167,0.0504966074596
