,motion_thresh,age_l,age_u,n,med_rsq,CI_95
0,22.0,13.0,16.0,260.0,0.976659080132,0.0213678932521
