,motion_thresh,age_l,age_u,n,med_rsq,CI_95
0,28.0,11.0,14.0,170.0,0.98004377839,0.0312214676752
