,motion_thresh,age_l,age_u,n,med_rsq,CI_95
0,14.0,11.0,14.0,280.0,0.976418766985,0.0167130572735
