,motion_thresh,age_l,age_u,n,med_rsq,CI_95
0,36.0,15.0,18.0,120.0,0.969013892941,0.0485630573278
