,motion_thresh,age_l,age_u,n,med_rsq,CI_95
0,40.0,10.0,13.0,50.0,0.940975127186,0.078069573107
