,motion_thresh,age_l,age_u,n,med_rsq,CI_95
0,8.0,6.0,9.0,40.0,0.919958880739,0.0470141102827
