,motion_thresh,age_l,age_u,n,med_rsq,CI_95
0,4.0,12.0,15.0,300.0,0.943749027057,0.0910568124514
