,motion_thresh,age_l,age_u,n,med_rsq,CI_95
0,4.0,8.0,11.0,190.0,0.931443661489,0.0485686861285
