,motion_thresh,age_l,age_u,n,med_rsq,CI_95
0,30.0,15.0,18.0,220.0,0.967619229618,0.0360759405729
