,motion_thresh,age_l,age_u,n,med_rsq,CI_95
0,34.0,9.0,12.0,100.0,0.966844991668,0.052749866782
