,motion_thresh,age_l,age_u,n,med_rsq,CI_95
0,38.0,8.0,11.0,100.0,0.968905175051,0.0445159150867
