,motion_thresh,age_l,age_u,n,med_rsq,CI_95
0,38.0,9.0,12.0,110.0,0.973070770035,0.0401202686084
