,motion_thresh,age_l,age_u,n,med_rsq,CI_95
0,4.0,6.0,9.0,40.0,0.908317449643,0.0230768968437
