,motion_thresh,age_l,age_u,n,med_rsq,CI_95
0,50.0,9.0,12.0,200.0,0.978873245139,0.0366363620393
