,motion_thresh,age_l,age_u,n,med_rsq,CI_95
0,40.0,12.0,15.0,190.0,0.979889189417,0.0276073995075
