,motion_thresh,age_l,age_u,n,med_rsq,CI_95
0,40.0,13.0,16.0,80.0,0.962025310051,0.0478939629774
