,motion_thresh,age_l,age_u,n,med_rsq,CI_95
0,14.0,6.0,9.0,250.0,0.930654013458,0.0910788370778
