,motion_thresh,age_l,age_u,n,med_rsq,CI_95
0,18.0,11.0,14.0,190.0,0.97678770729,0.0215178874612
