,motion_thresh,age_l,age_u,n,med_rsq,CI_95
0,48.0,9.0,12.0,240.0,0.977690844131,0.0326081274686
