,motion_thresh,age_l,age_u,n,med_rsq,CI_95
0,4.0,10.0,13.0,110.0,0.949123389052,0.0394353913342
