,motion_thresh,age_l,age_u,n,med_rsq,CI_95
0,2.0,13.0,16.0,140.0,0.939656142781,0.0568065573442
