,motion_thresh,age_l,age_u,n,med_rsq,CI_95
0,12.0,9.0,12.0,120.0,0.967404618838,0.0280371317273
