,motion_thresh,age_l,age_u,n,med_rsq,CI_95
0,50.0,8.0,11.0,250.0,0.9720005219,0.0363497504259
