,motion_thresh,age_l,age_u,n,med_rsq,CI_95
0,22.0,12.0,15.0,40.0,0.926708289521,0.0941692846409
