,motion_thresh,age_l,age_u,n,med_rsq,CI_95
0,28.0,15.0,18.0,190.0,0.967764127979,0.0348934312101
