,motion_thresh,age_l,age_u,n,med_rsq,CI_95
0,40.0,6.0,9.0,70.0,0.951667185785,0.065736009363
