,motion_thresh,age_l,age_u,n,med_rsq,CI_95
0,48.0,11.0,14.0,40.0,0.927016487069,0.102367567454
