,motion_thresh,age_l,age_u,n,med_rsq,CI_95
0,24.0,13.0,16.0,20.0,0.852578296037,0.174188787783
