,motion_thresh,age_l,age_u,n,med_rsq,CI_95
0,18.0,11.0,14.0,70.0,0.959027981047,0.0373892841758
