,motion_thresh,age_l,age_u,n,med_rsq,CI_95
0,20.0,6.0,9.0,150.0,0.939621287026,0.0783164989965
