,motion_thresh,age_l,age_u,n,med_rsq,CI_95
0,10.0,15.0,18.0,20.0,0.84922600685,0.241710964834
