,motion_thresh,age_l,age_u,n,med_rsq,CI_95
0,40.0,14.0,17.0,60.0,0.946621999202,0.0827311615008
