,motion_thresh,age_l,age_u,n,med_rsq,CI_95
0,2.0,7.0,10.0,60.0,0.878359765958,0.144348762432
