,motion_thresh,age_l,age_u,n,med_rsq,CI_95
0,30.0,15.0,18.0,230.0,0.96781107294,0.0573144568285
