,motion_thresh,age_l,age_u,n,med_rsq,CI_95
0,24.0,12.0,15.0,80.0,0.963371185685,0.0489748586788
