,motion_thresh,age_l,age_u,n,med_rsq,CI_95
0,50.0,11.0,14.0,140.0,0.978658190023,0.0366971013796
