,motion_thresh,age_l,age_u,n,med_rsq,CI_95
0,36.0,11.0,14.0,250.0,0.98057382019,0.0269393892594
