,motion_thresh,age_l,age_u,n,med_rsq,CI_95
0,30.0,12.0,15.0,210.0,0.978099883333,0.0222720808268
