,motion_thresh,age_l,age_u,n,med_rsq,CI_95
0,40.0,12.0,15.0,290.0,0.980387340742,0.0307673258534
