,motion_thresh,age_l,age_u,n,med_rsq,CI_95,med_icc,CI_95_icc
0,15.0,12.0,15.0,120.0,0.979178210849,0.0204938820975,0.989447281006,0.0101504385717
