,motion_thresh,age_l,age_u,n,med_rsq,CI_95
0,8.0,11.0,14.0,220.0,0.97084491577,0.0281979606595
