,motion_thresh,age_l,age_u,n,med_rsq,CI_95,med_icc,CI_95_icc
0,30.0,10.0,13.0,30.0,0.910503803515,0.161098162987,0.955581925423,0.0792544746969
