,motion_thresh,age_l,age_u,n,med_rsq,CI_95
0,6.0,6.0,9.0,80.0,0.900819551363,0.029215917381
