,motion_thresh,age_l,age_u,n,med_rsq,CI_95
0,42.0,15.0,18.0,210.0,0.968480006983,0.042568068224
