,motion_thresh,age_l,age_u,n,med_rsq,CI_95
0,26.0,10.0,13.0,20.0,0.859583746685,0.166218908907
