,motion_thresh,age_l,age_u,n,med_rsq,CI_95
0,16.0,6.0,9.0,200.0,0.939612650282,0.0703032541005
