,motion_thresh,age_l,age_u,n,med_rsq,CI_95
0,42.0,15.0,18.0,80.0,0.960216887247,0.0571854516354
