,motion_thresh,age_l,age_u,n,med_rsq,CI_95
0,12.0,8.0,11.0,150.0,0.957303409547,0.0499855358336
