,motion_thresh,age_l,age_u,n,med_rsq,CI_95,med_icc,CI_95_icc
0,45.0,14.0,17.0,150.0,0.978670492589,0.0318610562367,0.989322140652,0.0153163008454
