,motion_thresh,age_l,age_u,n,med_rsq,CI_95
0,32.0,12.0,15.0,230.0,0.976411336774,0.0298733560684
