,motion_thresh,age_l,age_u,n,med_rsq,CI_95
0,44.0,11.0,14.0,240.0,0.981796836099,0.0184593872912
