,motion_thresh,age_l,age_u,n,med_rsq,CI_95
0,12.0,6.0,9.0,210.0,0.930550626463,0.0603755331909
