,motion_thresh,age_l,age_u,n,med_rsq,CI_95
0,22.0,11.0,14.0,220.0,0.978766248923,0.0218532204525
