,motion_thresh,age_l,age_u,n,med_rsq,CI_95
0,50.0,11.0,14.0,280.0,0.981160536462,0.0240618134877
