,motion_thresh,age_l,age_u,n,med_rsq,CI_95
0,30.0,14.0,17.0,70.0,0.956783564498,0.08010359666
