,motion_thresh,age_l,age_u,n,med_rsq,CI_95
0,44.0,6.0,9.0,290.0,0.949846381443,0.0597910494543
