,motion_thresh,age_l,age_u,n,med_rsq,CI_95
0,20.0,12.0,15.0,50.0,0.939746073048,0.0625330396674
