,motion_thresh,age_l,age_u,n,med_rsq,CI_95
0,32.0,9.0,12.0,230.0,0.975388043575,0.0407793244021
