,motion_thresh,age_l,age_u,n,med_rsq,CI_95
0,42.0,12.0,15.0,140.0,0.979396957108,0.0315753218467
