,motion_thresh,age_l,age_u,n,med_rsq,CI_95
0,6.0,8.0,11.0,290.0,0.938385526259,0.0712837325194
