,motion_thresh,age_l,age_u,n,med_rsq,CI_95
0,30.0,11.0,14.0,210.0,0.980668017815,0.019919435001
