,motion_thresh,age_l,age_u,n,med_rsq,CI_95
0,24.0,13.0,16.0,250.0,0.977259398112,0.025111938814
