,motion_thresh,age_l,age_u,n,med_rsq,CI_95
0,36.0,15.0,18.0,20.0,0.847833630345,0.229580187602
