,motion_thresh,age_l,age_u,n,med_rsq,CI_95
0,38.0,6.0,9.0,280.0,0.949723764593,0.106176633279
