,motion_thresh,age_l,age_u,n,med_rsq,CI_95
0,2.0,11.0,14.0,40.0,0.925113582809,0.0590326166366
