,motion_thresh,age_l,age_u,n,med_rsq,CI_95
0,20.0,8.0,11.0,110.0,0.958602954966,0.0705014200841
