,motion_thresh,age_l,age_u,n,med_rsq,CI_95,med_icc,CI_95_icc
0,40.0,7.0,10.0,180.0,0.970643307964,0.0407377399163,0.985542203851,0.0209408249292
