,motion_thresh,age_l,age_u,n,med_rsq,CI_95
0,6.0,7.0,10.0,70.0,0.927263381244,0.0819779262206
