,motion_thresh,age_l,age_u,n,med_rsq,CI_95
0,38.0,8.0,11.0,90.0,0.964733465695,0.0419485643964
