,motion_thresh,age_l,age_u,n,med_rsq,CI_95
0,28.0,11.0,14.0,190.0,0.979698614613,0.0247658302287
