,motion_thresh,age_l,age_u,n,med_rsq,CI_95
0,46.0,8.0,11.0,110.0,0.970823329584,0.040202865161
