,motion_thresh,age_l,age_u,n,med_rsq,CI_95
0,34.0,13.0,16.0,40.0,0.917667430342,0.107158711646
