,motion_thresh,age_l,age_u,n,med_rsq,CI_95
0,14.0,6.0,9.0,100.0,0.932968187572,0.0661003937553
