,motion_thresh,age_l,age_u,n,med_rsq,CI_95
0,16.0,6.0,9.0,280.0,0.941030366107,0.0495984699739
