,motion_thresh,age_l,age_u,n,med_rsq,CI_95
0,40.0,13.0,16.0,20.0,0.846870345801,0.248535776041
