,motion_thresh,age_l,age_u,n,med_rsq,CI_95,med_icc,CI_95_icc
0,5.0,12.0,15.0,60.0,0.958755110149,0.0504794927682,0.979197899802,0.0250309506114
