,motion_thresh,age_l,age_u,n,med_rsq,CI_95
0,18.0,6.0,9.0,270.0,0.938744762503,0.0850671929797
