,motion_thresh,age_l,age_u,n,med_rsq,CI_95
0,42.0,11.0,14.0,110.0,0.970602400276,0.0374491512901
