,motion_thresh,age_l,age_u,n,med_rsq,CI_95
0,40.0,14.0,17.0,80.0,0.957033522744,0.0729525890035
