,motion_thresh,age_l,age_u,n,med_rsq,CI_95
0,8.0,8.0,11.0,300.0,0.956185734294,0.0388269866244
