,motion_thresh,age_l,age_u,n,med_rsq,CI_95
0,6.0,12.0,15.0,150.0,0.967931505952,0.0140374387208
