,motion_thresh,age_l,age_u,n,med_rsq,CI_95
0,4.0,6.0,9.0,110.0,0.900299977653,0.0775593090497
