,motion_thresh,age_l,age_u,n,med_rsq,CI_95
0,6.0,8.0,11.0,70.0,0.941579222302,0.0617574535547
