,motion_thresh,age_l,age_u,n,med_rsq,CI_95
0,34.0,6.0,9.0,50.0,0.936950876894,0.100967534447
