,motion_thresh,age_l,age_u,n,med_rsq,CI_95
0,42.0,7.0,10.0,40.0,0.923802345702,0.121810305035
