,motion_thresh,age_l,age_u,n,med_rsq,CI_95,med_icc,CI_95_icc
0,10.0,8.0,11.0,270.0,0.962580532866,0.0369882299774,0.981418383529,0.0174159004733
