,motion_thresh,age_l,age_u,n,med_rsq,CI_95
0,50.0,8.0,11.0,270.0,0.972480574165,0.0505452939953
