,motion_thresh,age_l,age_u,n,med_rsq,CI_95
0,12.0,6.0,9.0,40.0,0.920088987859,0.0711389053054
