,motion_thresh,age_l,age_u,n,med_rsq,CI_95
0,24.0,15.0,18.0,190.0,0.962214958982,0.0631158411305
