,motion_thresh,age_l,age_u,n,med_rsq,CI_95
0,42.0,8.0,11.0,300.0,0.974452555072,0.0224741572112
