,motion_thresh,age_l,age_u,n,med_rsq,CI_95
0,8.0,7.0,10.0,300.0,0.944114410369,0.0461621531762
