,motion_thresh,age_l,age_u,n,med_rsq,CI_95
0,30.0,6.0,9.0,130.0,0.946933879127,0.0650247113299
