,motion_thresh,age_l,age_u,n,med_rsq,CI_95
0,32.0,7.0,10.0,220.0,0.965322674942,0.0385831357757
