,motion_thresh,age_l,age_u,n,med_rsq,CI_95
0,8.0,6.0,9.0,100.0,0.919152504746,0.0446594771688
