,motion_thresh,age_l,age_u,n,med_rsq,CI_95
0,10.0,15.0,18.0,90.0,0.954453530325,0.0483041502499
