,motion_thresh,age_l,age_u,n,med_rsq,CI_95
0,12.0,9.0,12.0,70.0,0.95493123855,0.0513539705496
