,motion_thresh,age_l,age_u,n,med_rsq,CI_95
0,28.0,6.0,9.0,260.0,0.945041431256,0.0515968115179
