,motion_thresh,age_l,age_u,n,med_rsq,CI_95
0,2.0,12.0,15.0,10.0,0.72194734605,0.175492211228
