,motion_thresh,age_l,age_u,n,med_rsq,CI_95
0,22.0,12.0,15.0,30.0,0.906178859131,0.133189422546
