,motion_thresh,age_l,age_u,n,med_rsq,CI_95,med_icc,CI_95_icc
0,10.0,8.0,11.0,240.0,0.96464382733,0.0331336814832,0.982452241248,0.0163769127432
