,motion_thresh,age_l,age_u,n,med_rsq,CI_95
0,36.0,9.0,12.0,50.0,0.941194484184,0.114381452628
