,motion_thresh,age_l,age_u,n,med_rsq,CI_95
0,14.0,7.0,10.0,220.0,0.956751628092,0.0520446198648
