,motion_thresh,age_l,age_u,n,med_rsq,CI_95
0,14.0,12.0,15.0,100.0,0.971046864007,0.0327998390057
