,motion_thresh,age_l,age_u,n,med_rsq,CI_95
0,42.0,8.0,11.0,30.0,0.894991101416,0.13505428813
