,motion_thresh,age_l,age_u,n,med_rsq,CI_95
0,40.0,9.0,12.0,110.0,0.971464788942,0.0384585033157
