,motion_thresh,age_l,age_u,n,med_rsq,CI_95
0,36.0,15.0,18.0,90.0,0.965865151268,0.0632300902122
