,motion_thresh,age_l,age_u,n,med_rsq,CI_95
0,6.0,13.0,16.0,210.0,0.968484972097,0.0277701862031
