,motion_thresh,age_l,age_u,n,med_rsq,CI_95
0,48.0,13.0,16.0,120.0,0.973885551415,0.0279304144949
