,motion_thresh,age_l,age_u,n,med_rsq,CI_95,med_icc,CI_95_icc
0,15.0,7.0,10.0,180.0,0.95136951213,0.0950006399258,0.976266597366,0.0442376445033
