,motion_thresh,age_l,age_u,n,med_rsq,CI_95
0,40.0,8.0,11.0,50.0,0.937803861929,0.0801873964804
