,motion_thresh,age_l,age_u,n,med_rsq,CI_95
0,44.0,10.0,13.0,220.0,0.980693343991,0.0271489029491
