,motion_thresh,age_l,age_u,n,med_rsq,CI_95,med_icc,CI_95_icc
0,30.0,13.0,16.0,240.0,0.979122639117,0.0235806866927,0.989609477169,0.0114072578827
