,motion_thresh,age_l,age_u,n,med_rsq,CI_95
0,26.0,6.0,9.0,80.0,0.947686036807,0.0507339527382
