,motion_thresh,age_l,age_u,n,med_rsq,CI_95
0,2.0,10.0,13.0,30.0,0.900625271904,0.0925466710583
