,motion_thresh,age_l,age_u,n,med_rsq,CI_95
0,2.0,6.0,9.0,240.0,0.866393149356,0.0409947477359
