,motion_thresh,age_l,age_u,n,med_rsq,CI_95,med_icc,CI_95_icc
0,5.0,14.0,17.0,90.0,0.963368167016,0.0329823628495,0.981791315988,0.0160930390135
