,motion_thresh,age_l,age_u,n,med_rsq,CI_95
0,8.0,7.0,10.0,170.0,0.943124705963,0.0460367018818
