,motion_thresh,age_l,age_u,n,med_rsq,CI_95,med_icc,CI_95_icc
0,30.0,12.0,15.0,60.0,0.95460412852,0.0676384643176,0.977229755936,0.0336124212116
