,motion_thresh,age_l,age_u,n,med_rsq,CI_95
0,36.0,7.0,10.0,150.0,0.962272787293,0.0344064184123
