,motion_thresh,age_l,age_u,n,med_rsq,CI_95,med_icc,CI_95_icc
0,50.0,15.0,18.0,150.0,0.971881763291,0.0300771817439,0.985759028434,0.0152055425728
