,motion_thresh,age_l,age_u,n,med_rsq,CI_95
0,32.0,8.0,11.0,180.0,0.974159983726,0.0339216932237
