,motion_thresh,age_l,age_u,n,med_rsq,CI_95
0,36.0,7.0,10.0,60.0,0.947735641821,0.0673937480651
