,motion_thresh,age_l,age_u,n,med_rsq,CI_95
0,30.0,14.0,17.0,220.0,0.972654859144,0.0308111494202
