,motion_thresh,age_l,age_u,n,med_rsq,CI_95
0,16.0,11.0,14.0,110.0,0.974078656349,0.0247434680968
