,motion_thresh,age_l,age_u,n,med_rsq,CI_95
0,28.0,9.0,12.0,60.0,0.947760826001,0.0673511184681
