,motion_thresh,age_l,age_u,n,med_rsq,CI_95
0,38.0,6.0,9.0,30.0,0.890969667758,0.118927259147
