,motion_thresh,age_l,age_u,n,med_rsq,CI_95
0,48.0,8.0,11.0,230.0,0.974623493107,0.0309042372098
