,motion_thresh,age_l,age_u,n,med_rsq,CI_95
0,14.0,14.0,17.0,160.0,0.966547188635,0.0501474501847
