,motion_thresh,age_l,age_u,n,med_rsq,CI_95
0,20.0,14.0,17.0,130.0,0.968772665216,0.0419155636094
