,motion_thresh,age_l,age_u,n,med_rsq,CI_95
0,4.0,12.0,15.0,90.0,0.936314034765,0.0624262187267
