,motion_thresh,age_l,age_u,n,med_rsq,CI_95
0,32.0,9.0,12.0,20.0,0.852315556326,0.131470991933
