,motion_thresh,age_l,age_u,n,med_rsq,CI_95
0,28.0,13.0,16.0,260.0,0.975913789786,0.0263354922886
