,motion_thresh,age_l,age_u,n,med_rsq,CI_95
0,2.0,6.0,9.0,230.0,0.862695443063,0.0662241747188
