,motion_thresh,age_l,age_u,n,med_rsq,CI_95
0,30.0,10.0,13.0,30.0,0.899632169209,0.13654600833
