,motion_thresh,age_l,age_u,n,med_rsq,CI_95
0,44.0,6.0,9.0,80.0,0.948896187559,0.0506466774101
