,motion_thresh,age_l,age_u,n,med_rsq,CI_95
0,4.0,12.0,15.0,120.0,0.936980452774,0.0596985117822
