,motion_thresh,age_l,age_u,n,med_rsq,CI_95
0,44.0,11.0,14.0,100.0,0.967553316998,0.0413775400909
