,motion_thresh,age_l,age_u,n,med_rsq,CI_95
0,40.0,11.0,14.0,130.0,0.975570744286,0.0405253448909
