,motion_thresh,age_l,age_u,n,med_rsq,CI_95
0,34.0,6.0,9.0,240.0,0.950812865432,0.085096450954
