,motion_thresh,age_l,age_u,n,med_rsq,CI_95
0,14.0,9.0,12.0,20.0,0.851807577035,0.209111735089
