,motion_thresh,age_l,age_u,n,med_rsq,CI_95
0,38.0,14.0,17.0,280.0,0.974344584023,0.0351079215002
