,motion_thresh,age_l,age_u,n,med_rsq,CI_95
0,34.0,13.0,16.0,60.0,0.949873015791,0.0769489286839
