,motion_thresh,age_l,age_u,n,med_rsq,CI_95,med_icc,CI_95_icc
0,35.0,13.0,16.0,90.0,0.969868280159,0.0418861780264,0.984751147868,0.0205054347301
