,motion_thresh,age_l,age_u,n,med_rsq,CI_95,med_icc,CI_95_icc
0,5.0,15.0,18.0,210.0,0.95774316198,0.0309651125497,0.978760109215,0.0151735618591
