,motion_thresh,age_l,age_u,n,med_rsq,CI_95
0,8.0,9.0,12.0,210.0,0.955682427293,0.0423554277849
