,motion_thresh,age_l,age_u,n,med_rsq,CI_95
0,6.0,7.0,10.0,170.0,0.929155074807,0.0758036909198
