,motion_thresh,age_l,age_u,n,med_rsq,CI_95
0,12.0,14.0,17.0,280.0,0.96806754733,0.0465002785137
