,motion_thresh,age_l,age_u,n,med_rsq,CI_95
0,14.0,13.0,16.0,100.0,0.969177032772,0.037465579258
