,motion_thresh,age_l,age_u,n,med_rsq,CI_95
0,10.0,13.0,16.0,170.0,0.969843580732,0.0383333258835
