,motion_thresh,age_l,age_u,n,med_rsq,CI_95
0,46.0,11.0,14.0,210.0,0.980661025871,0.026394745925
