,motion_thresh,age_l,age_u,n,med_rsq,CI_95,med_icc,CI_95_icc
0,5.0,6.0,9.0,300.0,0.920000990035,0.0664934351452,0.960205435806,0.0337653249826
