,motion_thresh,age_l,age_u,n,med_rsq,CI_95
0,30.0,9.0,12.0,40.0,0.922436855544,0.145932175737
