,motion_thresh,age_l,age_u,n,med_rsq,CI_95
0,16.0,11.0,14.0,210.0,0.977404092942,0.0238601377517
