,motion_thresh,age_l,age_u,n,med_rsq,CI_95
0,26.0,8.0,11.0,100.0,0.968340701299,0.0383277310095
