,motion_thresh,age_l,age_u,n,med_rsq,CI_95,med_icc,CI_95_icc
0,5.0,6.0,9.0,90.0,0.919900941183,0.0761362206743,0.959893258489,0.0394496304723
