,motion_thresh,age_l,age_u,n,med_rsq,CI_95
0,10.0,14.0,17.0,290.0,0.947449600796,0.0972685552541
