,motion_thresh,age_l,age_u,n,med_rsq,CI_95,med_icc,CI_95_icc
0,25.0,9.0,12.0,210.0,0.977893622486,0.0202406767352,0.988895158284,0.0101942838098
