,motion_thresh,age_l,age_u,n,med_rsq,CI_95
0,4.0,9.0,12.0,20.0,0.844329254888,0.183678608432
