,motion_thresh,age_l,age_u,n,med_rsq,CI_95
0,40.0,7.0,10.0,50.0,0.936167885389,0.0972916764044
