,motion_thresh,age_l,age_u,n,med_rsq,CI_95
0,32.0,8.0,11.0,280.0,0.972204961016,0.0302712989239
