,motion_thresh,age_l,age_u,n,med_rsq,CI_95
0,24.0,6.0,9.0,40.0,0.924998218751,0.0959013889299
