,motion_thresh,age_l,age_u,n,med_rsq,CI_95
0,22.0,13.0,16.0,110.0,0.972791549616,0.037091849741
