,motion_thresh,age_l,age_u,n,med_rsq,CI_95
0,14.0,13.0,16.0,130.0,0.976104299747,0.0195093599196
