,motion_thresh,age_l,age_u,n,med_rsq,CI_95
0,48.0,7.0,10.0,150.0,0.966283632993,0.0524123730809
