,motion_thresh,age_l,age_u,n,med_rsq,CI_95
0,18.0,9.0,12.0,290.0,0.969940375114,0.0347114644537
