,motion_thresh,age_l,age_u,n,med_rsq,CI_95
0,22.0,8.0,11.0,20.0,0.849050117961,0.195550097836
