,motion_thresh,age_l,age_u,n,med_rsq,CI_95
0,12.0,12.0,15.0,130.0,0.973857897701,0.0231171948118
