,motion_thresh,age_l,age_u,n,med_rsq,CI_95
0,30.0,8.0,11.0,20.0,0.850576238402,0.179436403611
