,motion_thresh,age_l,age_u,n,med_rsq,CI_95
0,4.0,7.0,10.0,260.0,0.916357854725,0.084296307546
