,motion_thresh,age_l,age_u,n,med_rsq,CI_95
0,10.0,10.0,13.0,140.0,0.969191683319,0.0243151177517
