,motion_thresh,age_l,age_u,n,med_rsq,CI_95
0,30.0,13.0,16.0,20.0,0.851978262127,0.137725381763
