,motion_thresh,age_l,age_u,n,med_rsq,CI_95
0,20.0,12.0,15.0,70.0,0.956877922675,0.043357836818
