,motion_thresh,age_l,age_u,n,med_rsq,CI_95
0,48.0,8.0,11.0,110.0,0.971713740019,0.038506860725
