,motion_thresh,age_l,age_u,n,med_rsq,CI_95
0,20.0,6.0,9.0,290.0,0.937894552799,0.0699571859959
