,motion_thresh,age_l,age_u,n,med_rsq,CI_95
0,50.0,12.0,15.0,110.0,0.972851074644,0.0386808602504
