,motion_thresh,age_l,age_u,n,med_rsq,CI_95,med_icc,CI_95_icc
0,45.0,11.0,14.0,90.0,0.970420046142,0.0362031191254,0.985317578938,0.0183548737745
