,motion_thresh,age_l,age_u,n,med_rsq,CI_95
0,24.0,7.0,10.0,10.0,0.722443225028,0.366931112825
