,motion_thresh,age_l,age_u,n,med_rsq,CI_95
0,18.0,12.0,15.0,60.0,0.95311446464,0.0573609089103
