,motion_thresh,age_l,age_u,n,med_rsq,CI_95
0,12.0,11.0,14.0,100.0,0.97089705979,0.034169197119
