,motion_thresh,age_l,age_u,n,med_rsq,CI_95
0,2.0,8.0,11.0,60.0,0.907193290309,0.0461103644577
