,motion_thresh,age_l,age_u,n,med_rsq,CI_95
0,8.0,11.0,14.0,90.0,0.966850017669,0.0439529355142
