,motion_thresh,age_l,age_u,n,med_rsq,CI_95
0,16.0,8.0,11.0,250.0,0.965548981773,0.022353200527
