,motion_thresh,age_l,age_u,n,med_rsq,CI_95
0,18.0,12.0,15.0,30.0,0.901033314779,0.116963774504
