,motion_thresh,age_l,age_u,n,med_rsq,CI_95
0,30.0,12.0,15.0,110.0,0.971775167284,0.0354725215632
