,motion_thresh,age_l,age_u,n,med_rsq,CI_95
0,14.0,10.0,13.0,290.0,0.973402212249,0.0206881524575
