,motion_thresh,age_l,age_u,n,med_rsq,CI_95
0,2.0,6.0,9.0,260.0,0.87251892537,0.0367014527477
