,motion_thresh,age_l,age_u,n,med_rsq,CI_95
0,4.0,6.0,9.0,30.0,0.902931136447,0.0593229539192
