,motion_thresh,age_l,age_u,n,med_rsq,CI_95
0,14.0,9.0,12.0,130.0,0.950841740488,0.0755848519414
