,motion_thresh,age_l,age_u,n,med_rsq,CI_95
0,38.0,9.0,12.0,200.0,0.976488050042,0.0243900031361
