,motion_thresh,age_l,age_u,n,med_rsq,CI_95
0,12.0,15.0,18.0,120.0,0.959201028914,0.0389311165141
