,motion_thresh,age_l,age_u,n,med_rsq,CI_95
0,20.0,15.0,18.0,50.0,0.936449491848,0.0883244290745
