,motion_thresh,age_l,age_u,n,med_rsq,CI_95
0,30.0,13.0,16.0,120.0,0.974029280172,0.0297168175753
