,motion_thresh,age_l,age_u,n,med_rsq,CI_95
0,42.0,6.0,9.0,220.0,0.948894348748,0.0591293750772
