,motion_thresh,age_l,age_u,n,med_rsq,CI_95,med_icc,CI_95_icc
0,5.0,6.0,9.0,150.0,0.918614003938,0.067982307478,0.958964432252,0.0352044233186
