,motion_thresh,age_l,age_u,n,med_rsq,CI_95
0,32.0,14.0,17.0,240.0,0.973426103411,0.0340404294264
