,motion_thresh,age_l,age_u,n,med_rsq,CI_95,med_icc,CI_95_icc
0,50.0,13.0,16.0,120.0,0.977437421476,0.0435368967559,0.988680154976,0.0207101148517
