,motion_thresh,age_l,age_u,n,med_rsq,CI_95
0,4.0,8.0,11.0,290.0,0.933311085872,0.0391539423953
