,motion_thresh,age_l,age_u,n,med_rsq,CI_95
0,36.0,11.0,14.0,10.0,0.721935273143,0.332369897007
