,motion_thresh,age_l,age_u,n,med_rsq,CI_95,med_icc,CI_95_icc
0,10.0,11.0,14.0,120.0,0.977905655084,0.0179149234079,0.988902673544,0.00901673795401
