,motion_thresh,age_l,age_u,n,med_rsq,CI_95
0,16.0,9.0,12.0,90.0,0.966002676674,0.0734226011158
