,motion_thresh,age_l,age_u,n,med_rsq,CI_95
0,44.0,10.0,13.0,10.0,0.718064318694,0.444870179513
