,motion_thresh,age_l,age_u,n,med_rsq,CI_95,med_icc,CI_95_icc
0,10.0,6.0,9.0,150.0,0.933687827377,0.0719281823332,0.966563869706,0.0380429439428
