,motion_thresh,age_l,age_u,n,med_rsq,CI_95
0,12.0,7.0,10.0,270.0,0.951534840116,0.0537995333332
