,motion_thresh,age_l,age_u,n,med_rsq,CI_95
0,12.0,8.0,11.0,170.0,0.95796045673,0.0594184090713
