,motion_thresh,age_l,age_u,n,med_rsq,CI_95
0,16.0,6.0,9.0,70.0,0.941184908705,0.0538767887865
