,motion_thresh,age_l,age_u,n,med_rsq,CI_95
0,34.0,11.0,14.0,90.0,0.965101928444,0.0354365125067
