,motion_thresh,age_l,age_u,n,med_rsq,CI_95,med_icc,CI_95_icc
0,40.0,15.0,18.0,240.0,0.972701877154,0.0346893704432,0.986346498953,0.0180064195734
