,motion_thresh,age_l,age_u,n,med_rsq,CI_95,med_icc,CI_95_icc
0,45.0,7.0,10.0,120.0,0.970363125719,0.0339141612385,0.985596767905,0.0171289190658
