,motion_thresh,age_l,age_u,n,med_rsq,CI_95
0,30.0,9.0,12.0,260.0,0.976145118429,0.0253310826769
