,motion_thresh,age_l,age_u,n,med_rsq,CI_95
0,32.0,6.0,9.0,40.0,0.919365648289,0.112525266874
