,motion_thresh,age_l,age_u,n,med_rsq,CI_95
0,22.0,6.0,9.0,50.0,0.938085980229,0.0622519233283
