,motion_thresh,age_l,age_u,n,med_rsq,CI_95
0,44.0,10.0,13.0,250.0,0.980350624818,0.0367890545326
