,motion_thresh,age_l,age_u,n,med_rsq,CI_95
0,42.0,9.0,12.0,100.0,0.970020749697,0.0458252660851
