,motion_thresh,age_l,age_u,n,med_rsq,CI_95
0,20.0,11.0,14.0,90.0,0.966675699414,0.0424308935407
