,motion_thresh,age_l,age_u,n,med_rsq,CI_95,med_icc,CI_95_icc
0,35.0,13.0,16.0,210.0,0.980053155834,0.0271339397758,0.989984023888,0.0138031354707
