,motion_thresh,age_l,age_u,n,med_rsq,CI_95
0,38.0,12.0,15.0,190.0,0.980460347515,0.0222790491294
