,motion_thresh,age_l,age_u,n,med_rsq,CI_95
0,16.0,6.0,9.0,120.0,0.940821788357,0.0554991704384
