,motion_thresh,age_l,age_u,n,med_rsq,CI_95
0,50.0,6.0,9.0,180.0,0.953348820608,0.0678663551105
