,motion_thresh,age_l,age_u,n,med_rsq,CI_95
0,36.0,8.0,11.0,120.0,0.974150145718,0.035174288121
