,motion_thresh,age_l,age_u,n,med_rsq,CI_95
0,50.0,6.0,9.0,60.0,0.944241888252,0.114509920691
