,motion_thresh,age_l,age_u,n,med_rsq,CI_95
0,14.0,12.0,15.0,140.0,0.976708119887,0.0247860117162
