,motion_thresh,age_l,age_u,n,med_rsq,CI_95
0,22.0,14.0,17.0,240.0,0.967446575506,0.0447107298736
