,motion_thresh,age_l,age_u,n,med_rsq,CI_95
0,34.0,13.0,16.0,250.0,0.977431937354,0.0277008143488
