,motion_thresh,age_l,age_u,n,med_rsq,CI_95,med_icc,CI_95_icc
0,10.0,12.0,15.0,60.0,0.955861179939,0.0423515525184,0.978351716634,0.0207928778111
