,motion_thresh,age_l,age_u,n,med_rsq,CI_95
0,32.0,11.0,14.0,190.0,0.979942221833,0.0200842912717
