,motion_thresh,age_l,age_u,n,med_rsq,CI_95
0,4.0,12.0,15.0,200.0,0.935023594924,0.0585995998633
