,motion_thresh,age_l,age_u,n,med_rsq,CI_95
0,6.0,15.0,18.0,80.0,0.949851343333,0.0310195298381
