,motion_thresh,age_l,age_u,n,med_rsq,CI_95
0,18.0,10.0,13.0,90.0,0.966804258722,0.055186672135
