,motion_thresh,age_l,age_u,n,med_rsq,CI_95
0,22.0,9.0,12.0,120.0,0.968558906502,0.0463973174738
