,motion_thresh,age_l,age_u,n,med_rsq,CI_95,med_icc,CI_95_icc
0,45.0,9.0,12.0,300.0,0.981034319081,0.0226978309476,0.990635275353,0.0106137789396
