,motion_thresh,age_l,age_u,n,med_rsq,CI_95
0,14.0,13.0,16.0,280.0,0.975602937261,0.0227216334253
