,motion_thresh,age_l,age_u,n,med_rsq,CI_95
0,36.0,13.0,16.0,120.0,0.974980260621,0.038346573189
