,motion_thresh,age_l,age_u,n,med_rsq,CI_95
0,46.0,13.0,16.0,200.0,0.978282243226,0.0228746806554
