,motion_thresh,age_l,age_u,n,med_rsq,CI_95
0,50.0,14.0,17.0,60.0,0.948988039883,0.104669040859
