,motion_thresh,age_l,age_u,n,med_rsq,CI_95
0,4.0,7.0,10.0,200.0,0.910253785741,0.0799729084242
