,motion_thresh,age_l,age_u,n,med_rsq,CI_95,med_icc,CI_95_icc
0,50.0,14.0,17.0,150.0,0.977582358785,0.0265457572168,0.988926267657,0.0129915577217
