,motion_thresh,age_l,age_u,n,med_rsq,CI_95
0,22.0,9.0,12.0,50.0,0.939615472225,0.0686473764713
