,motion_thresh,age_l,age_u,n,med_rsq,CI_95
0,38.0,15.0,18.0,280.0,0.968329136653,0.047628263244
