,motion_thresh,age_l,age_u,n,med_rsq,CI_95
0,34.0,6.0,9.0,180.0,0.951743029708,0.054703747654
