,motion_thresh,age_l,age_u,n,med_rsq,CI_95
0,8.0,8.0,11.0,130.0,0.955107834291,0.0469315504783
