,motion_thresh,age_l,age_u,n,med_rsq,CI_95
0,6.0,9.0,12.0,180.0,0.954573442146,0.0251181534679
