,motion_thresh,age_l,age_u,n,med_rsq,CI_95
0,34.0,13.0,16.0,280.0,0.976614738981,0.0192932319441
