,motion_thresh,age_l,age_u,n,med_rsq,CI_95
0,32.0,12.0,15.0,90.0,0.968405475756,0.0410217555796
