,motion_thresh,age_l,age_u,n,med_rsq,CI_95,med_icc,CI_95_icc
0,40.0,11.0,14.0,240.0,0.98266121488,0.0189101153857,0.991386149984,0.00949416027911
