,motion_thresh,age_l,age_u,n,med_rsq,CI_95
0,8.0,8.0,11.0,30.0,0.897960703005,0.0998751185816
