,motion_thresh,age_l,age_u,n,med_rsq,CI_95
0,42.0,7.0,10.0,210.0,0.966245288423,0.0416654868395
