,motion_thresh,age_l,age_u,n,med_rsq,CI_95
0,40.0,14.0,17.0,300.0,0.97097025649,0.047423162602
