,motion_thresh,age_l,age_u,n,med_rsq,CI_95
0,36.0,12.0,15.0,260.0,0.979350924921,0.0234555967724
