,motion_thresh,age_l,age_u,n,med_rsq,CI_95
0,10.0,6.0,9.0,260.0,0.925067818029,0.0685408663743
