,motion_thresh,age_l,age_u,n,med_rsq,CI_95
0,24.0,9.0,12.0,230.0,0.974619144039,0.0289532640844
