,motion_thresh,age_l,age_u,n,med_rsq,CI_95
0,6.0,8.0,11.0,30.0,0.878491612392,0.0881212121308
