,motion_thresh,age_l,age_u,n,med_rsq,CI_95
0,2.0,14.0,17.0,150.0,0.948738129727,0.0193181097392
