,motion_thresh,age_l,age_u,n,med_rsq,CI_95
0,42.0,13.0,16.0,160.0,0.978302192463,0.0227626937589
