,motion_thresh,age_l,age_u,n,med_rsq,CI_95
0,24.0,15.0,18.0,60.0,0.947516413494,0.101821547368
