,motion_thresh,age_l,age_u,n,med_rsq,CI_95
0,42.0,15.0,18.0,140.0,0.968054435926,0.0474947884658
