,motion_thresh,age_l,age_u,n,med_rsq,CI_95
0,50.0,9.0,12.0,240.0,0.980178684163,0.0152893887053
