,motion_thresh,age_l,age_u,n,med_rsq,CI_95
0,42.0,6.0,9.0,170.0,0.94868586939,0.0629885383517
