,motion_thresh,age_l,age_u,n,med_rsq,CI_95
0,48.0,9.0,12.0,170.0,0.97853322349,0.0308407727081
