,motion_thresh,age_l,age_u,n,med_rsq,CI_95
0,40.0,7.0,10.0,70.0,0.955084144141,0.0694084890637
