,motion_thresh,age_l,age_u,n,med_rsq,CI_95
0,46.0,15.0,18.0,170.0,0.966138163128,0.0422291660625
