,motion_thresh,age_l,age_u,n,med_rsq,CI_95
0,30.0,9.0,12.0,160.0,0.974493526931,0.0281781700112
