,motion_thresh,age_l,age_u,n,med_rsq,CI_95,med_icc,CI_95_icc
0,50.0,12.0,15.0,180.0,0.983529791702,0.0234359782434,0.991708750464,0.0119158998646
