,motion_thresh,age_l,age_u,n,med_rsq,CI_95
0,18.0,8.0,11.0,170.0,0.966321688434,0.0478327403574
