,motion_thresh,age_l,age_u,n,med_rsq,CI_95
0,48.0,9.0,12.0,220.0,0.978616959449,0.0327205962053
