,motion_thresh,age_l,age_u,n,med_rsq,CI_95
0,24.0,7.0,10.0,70.0,0.955444302438,0.0609792014862
