,motion_thresh,age_l,age_u,n,med_rsq,CI_95
0,38.0,15.0,18.0,130.0,0.96959396799,0.0370990389298
