,motion_thresh,age_l,age_u,n,med_rsq,CI_95,med_icc,CI_95_icc
0,20.0,15.0,18.0,240.0,0.967154424543,0.0623026734523,0.983525777419,0.0302635679137
