,motion_thresh,age_l,age_u,n,med_rsq,CI_95
0,2.0,10.0,13.0,200.0,0.936639637083,0.0456781924753
