,motion_thresh,age_l,age_u,n,med_rsq,CI_95
0,2.0,9.0,12.0,170.0,0.915781057029,0.0716145839273
