,motion_thresh,age_l,age_u,n,med_rsq,CI_95
0,30.0,13.0,16.0,170.0,0.97649165352,0.0289164263615
