,motion_thresh,age_l,age_u,n,med_rsq,CI_95
0,46.0,13.0,16.0,40.0,0.923662818077,0.0721383441865
