,motion_thresh,age_l,age_u,n,med_rsq,CI_95
0,36.0,8.0,11.0,20.0,0.84664958775,0.232797176351
