,motion_thresh,age_l,age_u,n,med_rsq,CI_95
0,2.0,15.0,18.0,250.0,0.924668749592,0.0792260965274
