,motion_thresh,age_l,age_u,n,med_rsq,CI_95
0,4.0,14.0,17.0,190.0,0.955629037889,0.0176463253759
