,motion_thresh,age_l,age_u,n,med_rsq,CI_95
0,44.0,9.0,12.0,300.0,0.977603936746,0.0223145038546
