,motion_thresh,age_l,age_u,n,med_rsq,CI_95
0,34.0,13.0,16.0,20.0,0.850297909419,0.183453281044
