,motion_thresh,age_l,age_u,n,med_rsq,CI_95
0,44.0,8.0,11.0,220.0,0.974276649205,0.0293770221098
