,motion_thresh,age_l,age_u,n,med_rsq,CI_95,med_icc,CI_95_icc
0,15.0,12.0,15.0,300.0,0.975533498532,0.0286918666394,0.987712286701,0.0149915763983
