,motion_thresh,age_l,age_u,n,med_rsq,CI_95
0,12.0,13.0,16.0,170.0,0.962997314962,0.0549067707933
