,motion_thresh,age_l,age_u,n,med_rsq,CI_95
0,20.0,6.0,9.0,240.0,0.941100990611,0.067972225113
