,motion_thresh,age_l,age_u,n,med_rsq,CI_95
0,22.0,9.0,12.0,270.0,0.967793859142,0.0495417872815
