,motion_thresh,age_l,age_u,n,med_rsq,CI_95
0,2.0,6.0,9.0,90.0,0.871056974704,0.0313670846971
