,motion_thresh,age_l,age_u,n,med_rsq,CI_95
0,22.0,10.0,13.0,280.0,0.976345030916,0.0312738902981
