,motion_thresh,age_l,age_u,n,med_rsq,CI_95
0,2.0,8.0,11.0,10.0,0.705902288845,0.367373695452
