,motion_thresh,age_l,age_u,n,med_rsq,CI_95
0,16.0,11.0,14.0,220.0,0.976895511212,0.0188364402041
