,motion_thresh,age_l,age_u,n,med_rsq,CI_95
0,6.0,9.0,12.0,90.0,0.954453296401,0.0176382130908
