,motion_thresh,age_l,age_u,n,med_rsq,CI_95
0,6.0,9.0,12.0,140.0,0.949837430904,0.0496057099834
