,motion_thresh,age_l,age_u,n,med_rsq,CI_95
0,16.0,6.0,9.0,110.0,0.939651979429,0.0571994114756
