,motion_thresh,age_l,age_u,n,med_rsq,CI_95
0,42.0,10.0,13.0,40.0,0.92594549377,0.126062618786
