,motion_thresh,age_l,age_u,n,med_rsq,CI_95
0,6.0,13.0,16.0,140.0,0.967366733785,0.0262262468002
