,motion_thresh,age_l,age_u,n,med_rsq,CI_95
0,12.0,11.0,14.0,20.0,0.86170589169,0.14196424457
