,motion_thresh,age_l,age_u,n,med_rsq,CI_95
0,10.0,7.0,10.0,170.0,0.947449874539,0.0555820095989
