,motion_thresh,age_l,age_u,n,med_rsq,CI_95
0,6.0,11.0,14.0,250.0,0.969352675748,0.0194650457135
