,motion_thresh,age_l,age_u,n,med_rsq,CI_95,med_icc,CI_95_icc
0,10.0,15.0,18.0,60.0,0.954063338413,0.0503587158545,0.977094118729,0.0247054744443
