,motion_thresh,age_l,age_u,n,med_rsq,CI_95
0,22.0,7.0,10.0,130.0,0.959586326415,0.0637904237637
