,motion_thresh,age_l,age_u,n,med_rsq,CI_95
0,4.0,9.0,12.0,250.0,0.943522748187,0.0522290171272
