,motion_thresh,age_l,age_u,n,med_rsq,CI_95
0,20.0,14.0,17.0,140.0,0.968134976403,0.0394928888325
