,motion_thresh,age_l,age_u,n,med_rsq,CI_95,med_icc,CI_95_icc
0,20.0,6.0,9.0,120.0,0.947785754687,0.051348701696,0.973410996671,0.0272720249766
