,motion_thresh,age_l,age_u,n,med_rsq,CI_95
0,44.0,15.0,18.0,10.0,0.723743918811,0.390036791426
