,motion_thresh,age_l,age_u,n,med_rsq,CI_95
0,28.0,7.0,10.0,120.0,0.948248048397,0.10285092332
