,motion_thresh,age_l,age_u,n,med_rsq,CI_95
0,18.0,7.0,10.0,10.0,0.711132703117,0.476893879926
