,motion_thresh,age_l,age_u,n,med_rsq,CI_95
0,42.0,12.0,15.0,50.0,0.938602202864,0.101424945297
