,motion_thresh,age_l,age_u,n,med_rsq,CI_95
0,42.0,14.0,17.0,140.0,0.976064969356,0.0312041858162
