,motion_thresh,age_l,age_u,n,med_rsq,CI_95
0,6.0,9.0,12.0,50.0,0.923146494102,0.0586728040926
