,motion_thresh,age_l,age_u,n,med_rsq,CI_95
0,8.0,15.0,18.0,240.0,0.947431037916,0.0800245259995
