,motion_thresh,age_l,age_u,n,med_rsq,CI_95
0,14.0,9.0,12.0,40.0,0.922654406795,0.144470349389
