,motion_thresh,age_l,age_u,n,med_rsq,CI_95
0,6.0,11.0,14.0,190.0,0.972287375711,0.0107070315103
