,motion_thresh,age_l,age_u,n,med_rsq,CI_95
0,42.0,12.0,15.0,20.0,0.85422004891,0.173195874274
