,motion_thresh,age_l,age_u,n,med_rsq,CI_95
0,30.0,12.0,15.0,260.0,0.978450124781,0.0311381807033
