,motion_thresh,age_l,age_u,n,med_rsq,CI_95
0,26.0,8.0,11.0,200.0,0.971487677091,0.0377883739614
