,motion_thresh,age_l,age_u,n,med_rsq,CI_95,med_icc,CI_95_icc
0,45.0,10.0,13.0,60.0,0.956186560594,0.0787343342946,0.977944018554,0.0380936693377
