,motion_thresh,age_l,age_u,n,med_rsq,CI_95
0,6.0,10.0,13.0,290.0,0.959395854471,0.0430065327027
