,motion_thresh,age_l,age_u,n,med_rsq,CI_95
0,26.0,14.0,17.0,210.0,0.974089638696,0.0231979410052
