,motion_thresh,age_l,age_u,n,med_rsq,CI_95,med_icc,CI_95_icc
0,25.0,8.0,11.0,150.0,0.969535657102,0.0496435853707,0.984949125374,0.0227745786701
