,motion_thresh,age_l,age_u,n,med_rsq,CI_95
0,22.0,15.0,18.0,70.0,0.957151641535,0.0886056569689
