,motion_thresh,age_l,age_u,n,med_rsq,CI_95
0,12.0,11.0,14.0,140.0,0.975759322906,0.0190504095778
