,motion_thresh,age_l,age_u,n,med_rsq,CI_95
0,42.0,13.0,16.0,210.0,0.978617997273,0.0225139498239
