,motion_thresh,age_l,age_u,n,med_rsq,CI_95
0,48.0,11.0,14.0,90.0,0.96756070376,0.0457692537506
