,motion_thresh,age_l,age_u,n,med_rsq,CI_95
0,30.0,9.0,12.0,200.0,0.976103538231,0.0269060949564
