,motion_thresh,age_l,age_u,n,med_rsq,CI_95
0,26.0,9.0,12.0,220.0,0.975897002484,0.0321491919107
