,motion_thresh,age_l,age_u,n,med_rsq,CI_95,med_icc,CI_95_icc
0,15.0,9.0,12.0,240.0,0.972274956105,0.029096279526,0.985633270082,0.0155026775723
