,motion_thresh,age_l,age_u,n,med_rsq,CI_95
0,34.0,6.0,9.0,170.0,0.949811119235,0.0534392948674
