,motion_thresh,age_l,age_u,n,med_rsq,CI_95
0,2.0,14.0,17.0,280.0,0.946436710754,0.0479756414328
