,motion_thresh,age_l,age_u,n,med_rsq,CI_95
0,48.0,10.0,13.0,130.0,0.974320910625,0.0363798887644
