,motion_thresh,age_l,age_u,n,med_rsq,CI_95
0,32.0,13.0,16.0,110.0,0.969822762866,0.0397323999972
