,motion_thresh,age_l,age_u,n,med_rsq,CI_95
0,22.0,8.0,11.0,220.0,0.968463864521,0.0326916928031
