,motion_thresh,age_l,age_u,n,med_rsq,CI_95
0,8.0,12.0,15.0,270.0,0.971792718094,0.0361067906036
