,motion_thresh,age_l,age_u,n,med_rsq,CI_95,med_icc,CI_95_icc
0,10.0,13.0,16.0,270.0,0.973945997072,0.0286288849456,0.986905125931,0.0143405563281
