,motion_thresh,age_l,age_u,n,med_rsq,CI_95
0,2.0,9.0,12.0,270.0,0.914776865189,0.0602938371449
