,motion_thresh,age_l,age_u,n,med_rsq,CI_95
0,12.0,7.0,10.0,280.0,0.949761445421,0.0404155577344
