,motion_thresh,age_l,age_u,n,med_rsq,CI_95
0,48.0,11.0,14.0,130.0,0.976860386445,0.0321468729843
