,motion_thresh,age_l,age_u,n,med_rsq,CI_95
0,6.0,13.0,16.0,250.0,0.96877305795,0.025192796934
