,motion_thresh,age_l,age_u,n,med_rsq,CI_95
0,40.0,6.0,9.0,60.0,0.950432222972,0.0522645880467
