,motion_thresh,age_l,age_u,n,med_rsq,CI_95
0,50.0,6.0,9.0,300.0,0.951167921998,0.0558716595677
