,motion_thresh,age_l,age_u,n,med_rsq,CI_95
0,24.0,13.0,16.0,120.0,0.974598199379,0.0343955615036
