,motion_thresh,age_l,age_u,n,med_rsq,CI_95
0,2.0,15.0,18.0,280.0,0.929796291405,0.0412417965773
