,motion_thresh,age_l,age_u,n,med_rsq,CI_95
0,48.0,6.0,9.0,270.0,0.941327888606,0.126911727337
