,motion_thresh,age_l,age_u,n,med_rsq,CI_95
0,38.0,6.0,9.0,240.0,0.950007624889,0.0698842510201
