,motion_thresh,age_l,age_u,n,med_rsq,CI_95
0,48.0,12.0,15.0,220.0,0.980753635068,0.0271106814107
