,motion_thresh,age_l,age_u,n,med_rsq,CI_95
0,16.0,13.0,16.0,230.0,0.972541903443,0.0299228228418
