,motion_thresh,age_l,age_u,n,med_rsq,CI_95
0,34.0,8.0,11.0,180.0,0.973208900149,0.0263454973304
