,motion_thresh,age_l,age_u,n,med_rsq,CI_95
0,24.0,8.0,11.0,180.0,0.969072316971,0.0427333869811
