,motion_thresh,age_l,age_u,n,med_rsq,CI_95
0,24.0,12.0,15.0,280.0,0.977445865272,0.0247894469202
