,motion_thresh,age_l,age_u,n,med_rsq,CI_95
0,48.0,15.0,18.0,30.0,0.90547533279,0.10456031396
