,motion_thresh,age_l,age_u,n,med_rsq,CI_95
0,12.0,7.0,10.0,20.0,0.852896092459,0.174364129089
