,motion_thresh,age_l,age_u,n,med_rsq,CI_95,med_icc,CI_95_icc
0,10.0,10.0,13.0,180.0,0.974482685034,0.0249968465884,0.987318591175,0.012633562345
