,motion_thresh,age_l,age_u,n,med_rsq,CI_95
0,10.0,7.0,10.0,10.0,0.712264237551,0.426627924637
