,motion_thresh,age_l,age_u,n,med_rsq,CI_95,med_icc,CI_95_icc
0,45.0,13.0,16.0,270.0,0.980526731778,0.026336310401,0.990280789787,0.0131255490255
