,motion_thresh,age_l,age_u,n,med_rsq,CI_95
0,36.0,6.0,9.0,290.0,0.950301060557,0.0577293590954
