,motion_thresh,age_l,age_u,n,med_rsq,CI_95
0,42.0,10.0,13.0,110.0,0.972501946264,0.0424294428409
