,motion_thresh,age_l,age_u,n,med_rsq,CI_95
0,32.0,15.0,18.0,70.0,0.959766110304,0.0624769195831
