,motion_thresh,age_l,age_u,n,med_rsq,CI_95
0,44.0,15.0,18.0,80.0,0.960321156651,0.0636804097604
