,motion_thresh,age_l,age_u,n,med_rsq,CI_95
0,26.0,12.0,15.0,300.0,0.978171755558,0.0268746211847
