,motion_thresh,age_l,age_u,n,med_rsq,CI_95
0,2.0,10.0,13.0,190.0,0.937953788604,0.0383304370359
