,motion_thresh,age_l,age_u,n,med_rsq,CI_95
0,26.0,12.0,15.0,190.0,0.977709437965,0.023155165311
