,motion_thresh,age_l,age_u,n,med_rsq,CI_95
0,2.0,10.0,13.0,20.0,0.860715711478,0.0871624507819
