,motion_thresh,age_l,age_u,n,med_rsq,CI_95
0,36.0,9.0,12.0,210.0,0.976108952742,0.0203740535575
