,motion_thresh,age_l,age_u,n,med_rsq,CI_95
0,30.0,14.0,17.0,80.0,0.961765898243,0.0560972673711
