,motion_thresh,age_l,age_u,n,med_rsq,CI_95
0,18.0,7.0,10.0,20.0,0.839179217116,0.164204115537
