,motion_thresh,age_l,age_u,n,med_rsq,CI_95
0,2.0,13.0,16.0,300.0,0.933533239047,0.0620663014343
