,motion_thresh,age_l,age_u,n,med_rsq,CI_95
0,2.0,10.0,13.0,100.0,0.938307319993,0.043903307628
