,motion_thresh,age_l,age_u,n,med_rsq,CI_95,med_icc,CI_95_icc
0,40.0,12.0,15.0,300.0,0.982492273702,0.0201813948656,0.991309268695,0.0100440396469
