,motion_thresh,age_l,age_u,n,med_rsq,CI_95
0,20.0,14.0,17.0,170.0,0.968976608812,0.0498320476161
