,motion_thresh,age_l,age_u,n,med_rsq,CI_95,med_icc,CI_95_icc
0,5.0,15.0,18.0,60.0,0.956428919013,0.038865172344,0.978167702906,0.0197481260248
