,motion_thresh,age_l,age_u,n,med_rsq,CI_95,med_icc,CI_95_icc
0,35.0,9.0,12.0,270.0,0.979165809822,0.026254525679,0.989629464094,0.0132172794666
