,motion_thresh,age_l,age_u,n,med_rsq,CI_95
0,6.0,11.0,14.0,290.0,0.970037713546,0.0182820746266
