,motion_thresh,age_l,age_u,n,med_rsq,CI_95
0,22.0,15.0,18.0,90.0,0.965246466594,0.0425592067743
