,motion_thresh,age_l,age_u,n,med_rsq,CI_95
0,14.0,10.0,13.0,280.0,0.973441508544,0.0223812858463
