,motion_thresh,age_l,age_u,n,med_rsq,CI_95
0,40.0,14.0,17.0,220.0,0.971211059772,0.0611351359856
