,motion_thresh,age_l,age_u,n,med_rsq,CI_95
0,46.0,6.0,9.0,100.0,0.948678113746,0.0559461918744
