,motion_thresh,age_l,age_u,n,med_rsq,CI_95
0,6.0,6.0,9.0,290.0,0.898979913498,0.0730148939623
