,motion_thresh,age_l,age_u,n,med_rsq,CI_95
0,42.0,9.0,12.0,140.0,0.977805376181,0.0298898177445
