,motion_thresh,age_l,age_u,n,med_rsq,CI_95
0,50.0,11.0,14.0,60.0,0.94631417854,0.0792200922375
