,motion_thresh,age_l,age_u,n,med_rsq,CI_95
0,32.0,9.0,12.0,150.0,0.975368130766,0.0273552951077
