,motion_thresh,age_l,age_u,n,med_rsq,CI_95
0,4.0,14.0,17.0,140.0,0.952346963727,0.0390058487117
