,motion_thresh,age_l,age_u,n,med_rsq,CI_95
0,24.0,15.0,18.0,140.0,0.963905759514,0.0636024223588
