,motion_thresh,age_l,age_u,n,med_rsq,CI_95,med_icc,CI_95_icc
0,50.0,6.0,9.0,180.0,0.95839559816,0.0408645335447,0.979211571282,0.01906504191
