,motion_thresh,age_l,age_u,n,med_rsq,CI_95
0,12.0,7.0,10.0,140.0,0.949587851353,0.0524440715291
