,motion_thresh,age_l,age_u,n,med_rsq,CI_95
0,50.0,12.0,15.0,280.0,0.980457340748,0.0299577787552
