,motion_thresh,age_l,age_u,n,med_rsq,CI_95
0,6.0,8.0,11.0,140.0,0.94470115998,0.0449448704657
