,motion_thresh,age_l,age_u,n,med_rsq,CI_95
0,20.0,14.0,17.0,30.0,0.899113875587,0.111535765435
