,motion_thresh,age_l,age_u,n,med_rsq,CI_95
0,30.0,13.0,16.0,10.0,0.722152513925,0.324607864199
