,motion_thresh,age_l,age_u,n,med_rsq,CI_95
0,42.0,12.0,15.0,240.0,0.97978909693,0.0222401379928
