,motion_thresh,age_l,age_u,n,med_rsq,CI_95
0,28.0,6.0,9.0,140.0,0.945021343467,0.0431461512381
