,motion_thresh,age_l,age_u,n,med_rsq,CI_95
0,48.0,12.0,15.0,150.0,0.9806425589,0.0273978339803
