,motion_thresh,age_l,age_u,n,med_rsq,CI_95
0,6.0,12.0,15.0,140.0,0.964740037539,0.0323138520633
