,motion_thresh,age_l,age_u,n,med_rsq,CI_95
0,12.0,9.0,12.0,180.0,0.967300096026,0.0261882076584
