,motion_thresh,age_l,age_u,n,med_rsq,CI_95
0,32.0,7.0,10.0,120.0,0.966533763153,0.0406159769135
