,motion_thresh,age_l,age_u,n,med_rsq,CI_95
0,50.0,15.0,18.0,220.0,0.968887107317,0.0400276428607
