,motion_thresh,age_l,age_u,n,med_rsq,CI_95
0,36.0,11.0,14.0,70.0,0.956983178071,0.0597256428821
