,motion_thresh,age_l,age_u,n,med_rsq,CI_95,med_icc,CI_95_icc
0,25.0,10.0,13.0,270.0,0.976273773416,0.0403001261314,0.988076851054,0.0210398482229
