,motion_thresh,age_l,age_u,n,med_rsq,CI_95,med_icc,CI_95_icc
0,40.0,15.0,18.0,90.0,0.970998753176,0.0625757802723,0.985381282572,0.0296493354826
