,motion_thresh,age_l,age_u,n,med_rsq,CI_95
0,16.0,10.0,13.0,90.0,0.966920656646,0.0546233226607
