,motion_thresh,age_l,age_u,n,med_rsq,CI_95
0,46.0,6.0,9.0,250.0,0.949519550731,0.0611552960845
