,motion_thresh,age_l,age_u,n,med_rsq,CI_95
0,14.0,13.0,16.0,300.0,0.97479947973,0.0275121281782
