,motion_thresh,age_l,age_u,n,med_rsq,CI_95
0,6.0,7.0,10.0,200.0,0.927200497174,0.0805199556519
