,motion_thresh,age_l,age_u,n,med_rsq,CI_95
0,46.0,7.0,10.0,210.0,0.965709917386,0.0492572016766
