,motion_thresh,age_l,age_u,n,med_rsq,CI_95
0,50.0,8.0,11.0,200.0,0.971438272169,0.0433132781757
