,motion_thresh,age_l,age_u,n,med_rsq,CI_95
0,18.0,6.0,9.0,150.0,0.942306313071,0.0917044083984
