,motion_thresh,age_l,age_u,n,med_rsq,CI_95
0,12.0,11.0,14.0,270.0,0.97450642538,0.0209776475843
