,motion_thresh,age_l,age_u,n,med_rsq,CI_95
0,50.0,11.0,14.0,90.0,0.965391224399,0.0361603155345
