,motion_thresh,age_l,age_u,n,med_rsq,CI_95
0,8.0,10.0,13.0,180.0,0.966327270029,0.0296975316343
