,motion_thresh,age_l,age_u,n,med_rsq,CI_95
0,48.0,14.0,17.0,260.0,0.975966170367,0.0252621684952
