,motion_thresh,age_l,age_u,n,med_rsq,CI_95
0,22.0,9.0,12.0,40.0,0.919973514478,0.152220330027
