,motion_thresh,age_l,age_u,n,med_rsq,CI_95,med_icc,CI_95_icc
0,35.0,12.0,15.0,180.0,0.982225235706,0.0163985941864,0.991150665792,0.00847104160059
