,motion_thresh,age_l,age_u,n,med_rsq,CI_95
0,32.0,6.0,9.0,240.0,0.947583584707,0.050059412578
