,motion_thresh,age_l,age_u,n,med_rsq,CI_95
0,36.0,10.0,13.0,70.0,0.95718230143,0.0723789096729
