,motion_thresh,age_l,age_u,n,med_rsq,CI_95
0,16.0,8.0,11.0,40.0,0.922533112784,0.103164861274
