,motion_thresh,age_l,age_u,n,med_rsq,CI_95
0,38.0,9.0,12.0,290.0,0.975608387747,0.0311610235834
