,motion_thresh,age_l,age_u,n,med_rsq,CI_95
0,46.0,6.0,9.0,70.0,0.952279136301,0.0638270170111
