,motion_thresh,age_l,age_u,n,med_rsq,CI_95
0,22.0,14.0,17.0,10.0,0.705879660049,0.51185123951
