,motion_thresh,age_l,age_u,n,med_rsq,CI_95
0,2.0,12.0,15.0,140.0,0.943974741285,0.0250495087747
