,motion_thresh,age_l,age_u,n,med_rsq,CI_95
0,6.0,12.0,15.0,280.0,0.968307834659,0.0354194487236
