,motion_thresh,age_l,age_u,n,med_rsq,CI_95
0,32.0,10.0,13.0,50.0,0.940063057829,0.0914856245126
