,motion_thresh,age_l,age_u,n,med_rsq,CI_95
0,20.0,14.0,17.0,200.0,0.96913702804,0.0319015669962
