,motion_thresh,age_l,age_u,n,med_rsq,CI_95
0,10.0,15.0,18.0,240.0,0.956957844596,0.0596080113102
