,motion_thresh,age_l,age_u,n,med_rsq,CI_95
0,48.0,9.0,12.0,60.0,0.950137139199,0.0868482181053
