,motion_thresh,age_l,age_u,n,med_rsq,CI_95
0,10.0,8.0,11.0,240.0,0.958475407613,0.0444772620549
