,motion_thresh,age_l,age_u,n,med_rsq,CI_95
0,26.0,10.0,13.0,10.0,0.718705451117,0.394191962081
