,motion_thresh,age_l,age_u,n,med_rsq,CI_95
0,12.0,15.0,18.0,40.0,0.920170899429,0.0916774183915
