,motion_thresh,age_l,age_u,n,med_rsq,CI_95,med_icc,CI_95_icc
0,10.0,8.0,11.0,90.0,0.963618854997,0.0335947379354,0.981808498018,0.0170873439838
