,motion_thresh,age_l,age_u,n,med_rsq,CI_95
0,28.0,10.0,13.0,120.0,0.972484962077,0.0325899748569
