,motion_thresh,age_l,age_u,n,med_rsq,CI_95
0,22.0,6.0,9.0,170.0,0.941364416123,0.0575422939368
