,motion_thresh,age_l,age_u,n,med_rsq,CI_95,med_icc,CI_95_icc
0,10.0,14.0,17.0,30.0,0.913024652249,0.0930580496463,0.956172457281,0.0456265018724
