,motion_thresh,age_l,age_u,n,med_rsq,CI_95
0,50.0,11.0,14.0,70.0,0.955708116075,0.0605993065119
