,motion_thresh,age_l,age_u,n,med_rsq,CI_95
0,16.0,12.0,15.0,10.0,0.715821596504,0.340527379553
