,motion_thresh,age_l,age_u,n,med_rsq,CI_95
0,42.0,8.0,11.0,110.0,0.970003427632,0.0412210524991
