,motion_thresh,age_l,age_u,n,med_rsq,CI_95
0,6.0,6.0,9.0,270.0,0.895499978281,0.0707622683188
