,motion_thresh,age_l,age_u,n,med_rsq,CI_95
0,10.0,14.0,17.0,170.0,0.949280027526,0.076241085365
