,motion_thresh,age_l,age_u,n,med_rsq,CI_95
0,12.0,7.0,10.0,260.0,0.950142784413,0.054990646901
