,motion_thresh,age_l,age_u,n,med_rsq,CI_95
0,20.0,6.0,9.0,180.0,0.940874712248,0.0602224337562
