,motion_thresh,age_l,age_u,n,med_rsq,CI_95
0,6.0,12.0,15.0,70.0,0.958910082683,0.0506763835461
