,motion_thresh,age_l,age_u,n,med_rsq,CI_95
0,10.0,11.0,14.0,150.0,0.974115324546,0.0194681440856
