,motion_thresh,age_l,age_u,n,med_rsq,CI_95,med_icc,CI_95_icc
0,50.0,8.0,11.0,30.0,0.910156891769,0.120493641981,0.955721606148,0.0599901035492
