,motion_thresh,age_l,age_u,n,med_rsq,CI_95
0,4.0,13.0,16.0,270.0,0.963712242318,0.0215737860367
