,motion_thresh,age_l,age_u,n,med_rsq,CI_95
0,16.0,9.0,12.0,130.0,0.961587492505,0.0544593736507
