,motion_thresh,age_l,age_u,n,med_rsq,CI_95
0,28.0,7.0,10.0,140.0,0.936849642373,0.0969236453006
