,motion_thresh,age_l,age_u,n,med_rsq,CI_95
0,30.0,9.0,12.0,140.0,0.975418062368,0.0232783548056
