,motion_thresh,age_l,age_u,n,med_rsq,CI_95,med_icc,CI_95_icc
0,35.0,13.0,16.0,120.0,0.976950415965,0.0256181595402,0.988446786007,0.0131626231681
