,motion_thresh,age_l,age_u,n,med_rsq,CI_95
0,28.0,8.0,11.0,240.0,0.96975406328,0.0397531569199
