,motion_thresh,age_l,age_u,n,med_rsq,CI_95
0,20.0,13.0,16.0,300.0,0.976093586086,0.0194593342311
