,motion_thresh,age_l,age_u,n,med_rsq,CI_95
0,34.0,14.0,17.0,120.0,0.974605177117,0.0323300257708
