,motion_thresh,age_l,age_u,n,med_rsq,CI_95
0,6.0,10.0,13.0,60.0,0.950398079012,0.0576342311064
