,motion_thresh,age_l,age_u,n,med_rsq,CI_95
0,42.0,6.0,9.0,60.0,0.945043107835,0.0885703852161
