,motion_thresh,age_l,age_u,n,med_rsq,CI_95
0,6.0,14.0,17.0,40.0,0.922901037167,0.114433024531
