,motion_thresh,age_l,age_u,n,med_rsq,CI_95,med_icc,CI_95_icc
0,5.0,10.0,13.0,90.0,0.96212421778,0.0429498657774,0.980749755895,0.0221111642997
