,motion_thresh,age_l,age_u,n,med_rsq,CI_95
0,24.0,10.0,13.0,230.0,0.97467207294,0.0368524030909
