,motion_thresh,age_l,age_u,n,med_rsq,CI_95
0,12.0,11.0,14.0,40.0,0.928002172903,0.0840883490524
