,motion_thresh,age_l,age_u,n,med_rsq,CI_95
0,36.0,8.0,11.0,70.0,0.954839669708,0.0799179519591
