,motion_thresh,age_l,age_u,n,med_rsq,CI_95
0,26.0,10.0,13.0,80.0,0.960736067165,0.0568349800967
