,motion_thresh,age_l,age_u,n,med_rsq,CI_95
0,10.0,7.0,10.0,130.0,0.948279338008,0.044548698941
