,motion_thresh,age_l,age_u,n,med_rsq,CI_95
0,42.0,12.0,15.0,70.0,0.956890539967,0.0387905085878
