,motion_thresh,age_l,age_u,n,med_rsq,CI_95,med_icc,CI_95_icc
0,35.0,7.0,10.0,210.0,0.966809706448,0.0437046009925,0.983696208081,0.0198325408202
