,motion_thresh,age_l,age_u,n,med_rsq,CI_95
0,34.0,12.0,15.0,230.0,0.978684499826,0.024501286326
