,motion_thresh,age_l,age_u,n,med_rsq,CI_95
0,24.0,10.0,13.0,100.0,0.970513999159,0.0308329333501
