,motion_thresh,age_l,age_u,n,med_rsq,CI_95
0,28.0,8.0,11.0,120.0,0.9710961574,0.0318266975102
