,motion_thresh,age_l,age_u,n,med_rsq,CI_95
0,38.0,8.0,11.0,280.0,0.97411195668,0.0209854627834
