,motion_thresh,age_l,age_u,n,med_rsq,CI_95,med_icc,CI_95_icc
0,35.0,14.0,17.0,270.0,0.97838899327,0.0324688042975,0.989163206496,0.0155381857837
