,motion_thresh,age_l,age_u,n,med_rsq,CI_95
0,28.0,8.0,11.0,270.0,0.970142477752,0.0375797728416
