,motion_thresh,age_l,age_u,n,med_rsq,CI_95,med_icc,CI_95_icc
0,5.0,15.0,18.0,150.0,0.955933750443,0.0424785280882,0.977813029631,0.0211677179485
