,motion_thresh,age_l,age_u,n,med_rsq,CI_95,med_icc,CI_95_icc
0,50.0,10.0,13.0,60.0,0.955916502418,0.0920005185396,0.977705244954,0.0416148390903
