,motion_thresh,age_l,age_u,n,med_rsq,CI_95
0,30.0,6.0,9.0,110.0,0.947795645679,0.0557973282967
