,motion_thresh,age_l,age_u,n,med_rsq,CI_95
0,34.0,14.0,17.0,230.0,0.974593752349,0.0233781093641
