,motion_thresh,age_l,age_u,n,med_rsq,CI_95
0,32.0,9.0,12.0,200.0,0.976176769121,0.0314563380978
