,motion_thresh,age_l,age_u,n,med_rsq,CI_95
0,32.0,7.0,10.0,80.0,0.961830554236,0.0605594794964
