,motion_thresh,age_l,age_u,n,med_rsq,CI_95,med_icc,CI_95_icc
0,15.0,8.0,11.0,120.0,0.967009392845,0.0426773753042,0.983038723833,0.0227905615119
