,motion_thresh,age_l,age_u,n,med_rsq,CI_95
0,44.0,7.0,10.0,50.0,0.934111695907,0.104903219348
