,motion_thresh,age_l,age_u,n,med_rsq,CI_95
0,20.0,15.0,18.0,280.0,0.960038007223,0.0787449185041
