,motion_thresh,age_l,age_u,n,med_rsq,CI_95
0,36.0,12.0,15.0,280.0,0.97951667133,0.0265070151786
