,motion_thresh,age_l,age_u,n,med_rsq,CI_95
0,14.0,6.0,9.0,260.0,0.932219569451,0.105514491992
