,motion_thresh,age_l,age_u,n,med_rsq,CI_95
0,30.0,13.0,16.0,140.0,0.976194338441,0.0224614945608
