,motion_thresh,age_l,age_u,n,med_rsq,CI_95
0,44.0,12.0,15.0,110.0,0.97281146317,0.0501583006526
