,motion_thresh,age_l,age_u,n,med_rsq,CI_95
0,12.0,12.0,15.0,100.0,0.971967908834,0.0259780566192
