,motion_thresh,age_l,age_u,n,med_rsq,CI_95
0,26.0,7.0,10.0,130.0,0.925614959811,0.147725595093
