,motion_thresh,age_l,age_u,n,med_rsq,CI_95
0,4.0,11.0,14.0,210.0,0.960313732609,0.0125158801633
