,motion_thresh,age_l,age_u,n,med_rsq,CI_95
0,4.0,12.0,15.0,40.0,0.928808926105,0.0880577444313
