,motion_thresh,age_l,age_u,n,med_rsq,CI_95
0,24.0,10.0,13.0,140.0,0.97194591508,0.0463508659638
