,motion_thresh,age_l,age_u,n,med_rsq,CI_95
0,14.0,10.0,13.0,120.0,0.973649471401,0.0187956809754
