,motion_thresh,age_l,age_u,n,med_rsq,CI_95
0,14.0,6.0,9.0,140.0,0.932597953242,0.127740270727
