,motion_thresh,age_l,age_u,n,med_rsq,CI_95
0,8.0,15.0,18.0,270.0,0.947386687774,0.0677637488303
