,motion_thresh,age_l,age_u,n,med_rsq,CI_95
0,28.0,8.0,11.0,150.0,0.97045070076,0.0306895205004
