,motion_thresh,age_l,age_u,n,med_rsq,CI_95,med_icc,CI_95_icc
0,20.0,6.0,9.0,60.0,0.947347170069,0.0621108427887,0.973418329266,0.0321688988973
