,motion_thresh,age_l,age_u,n,med_rsq,CI_95
0,8.0,12.0,15.0,70.0,0.956615648282,0.0430460197893
