,motion_thresh,age_l,age_u,n,med_rsq,CI_95,med_icc,CI_95_icc
0,50.0,14.0,17.0,90.0,0.969197057084,0.0621442592861,0.984469803378,0.0307148463218
