,motion_thresh,age_l,age_u,n,med_rsq,CI_95
0,48.0,11.0,14.0,30.0,0.903964732474,0.125844220228
