,motion_thresh,age_l,age_u,n,med_rsq,CI_95
0,12.0,9.0,12.0,230.0,0.966546905801,0.0290046347697
