,motion_thresh,age_l,age_u,n,med_rsq,CI_95
0,2.0,8.0,11.0,50.0,0.905137498641,0.0486543111463
