,motion_thresh,age_l,age_u,n,med_rsq,CI_95
0,40.0,11.0,14.0,300.0,0.980571916109,0.0251843518047
