,motion_thresh,age_l,age_u,n,med_rsq,CI_95
0,4.0,13.0,16.0,250.0,0.965129544061,0.0122341123923
