,motion_thresh,age_l,age_u,n,med_rsq,CI_95
0,32.0,12.0,15.0,80.0,0.963194439401,0.0418287751881
