,motion_thresh,age_l,age_u,n,med_rsq,CI_95
0,40.0,10.0,13.0,180.0,0.979416895773,0.025475657395
