,motion_thresh,age_l,age_u,n,med_rsq,CI_95
0,24.0,13.0,16.0,300.0,0.976742380594,0.0232157147852
