,motion_thresh,age_l,age_u,n,med_rsq,CI_95
0,6.0,9.0,12.0,190.0,0.951446646231,0.0313126017155
