,motion_thresh,age_l,age_u,n,med_rsq,CI_95
0,22.0,13.0,16.0,120.0,0.975030430388,0.0315358236993
