,motion_thresh,age_l,age_u,n,med_rsq,CI_95
0,26.0,14.0,17.0,150.0,0.973000069438,0.0356747995964
