,motion_thresh,age_l,age_u,n,med_rsq,CI_95
0,10.0,15.0,18.0,10.0,0.708361628543,0.353351267929
