,motion_thresh,age_l,age_u,n,med_rsq,CI_95
0,4.0,10.0,13.0,180.0,0.953037070985,0.042449600465
