,motion_thresh,age_l,age_u,n,med_rsq,CI_95
0,32.0,8.0,11.0,240.0,0.973385509621,0.0283803790262
