,motion_thresh,age_l,age_u,n,med_rsq,CI_95
0,14.0,7.0,10.0,150.0,0.957584614636,0.0441162838725
