,motion_thresh,age_l,age_u,n,med_rsq,CI_95
0,12.0,12.0,15.0,200.0,0.974788810666,0.0175637477641
