,motion_thresh,age_l,age_u,n,med_rsq,CI_95
0,2.0,12.0,15.0,160.0,0.946897712944,0.0321703451432
