,motion_thresh,age_l,age_u,n,med_rsq,CI_95
0,8.0,9.0,12.0,170.0,0.958462086572,0.0508222765252
