,motion_thresh,age_l,age_u,n,med_rsq,CI_95
0,2.0,9.0,12.0,50.0,0.916177184164,0.0525408402475
