,motion_thresh,age_l,age_u,n,med_rsq,CI_95
0,46.0,12.0,15.0,110.0,0.972351508126,0.0350737297031
