,motion_thresh,age_l,age_u,n,med_rsq,CI_95
0,24.0,11.0,14.0,70.0,0.957826780683,0.0669284684182
