,motion_thresh,age_l,age_u,n,med_rsq,CI_95
0,44.0,12.0,15.0,200.0,0.980163352621,0.0168087090802
