,motion_thresh,age_l,age_u,n,med_rsq,CI_95
0,30.0,6.0,9.0,160.0,0.946465428754,0.0627898947572
