,motion_thresh,age_l,age_u,n,med_rsq,CI_95
0,6.0,8.0,11.0,190.0,0.940210951469,0.0918237266926
