,motion_thresh,age_l,age_u,n,med_rsq,CI_95
0,8.0,11.0,14.0,180.0,0.96946549487,0.026186493846
