,motion_thresh,age_l,age_u,n,med_rsq,CI_95
0,6.0,12.0,15.0,60.0,0.943483693615,0.0506397880028
