,motion_thresh,age_l,age_u,n,med_rsq,CI_95
0,4.0,10.0,13.0,190.0,0.94937052968,0.018067012959
