,motion_thresh,age_l,age_u,n,med_rsq,CI_95,med_icc,CI_95_icc
0,15.0,15.0,18.0,300.0,0.965030066668,0.0625020823023,0.982482804666,0.0298601674006
