,motion_thresh,age_l,age_u,n,med_rsq,CI_95
0,22.0,11.0,14.0,300.0,0.979295726644,0.02160276372
