,motion_thresh,age_l,age_u,n,med_rsq,CI_95
0,4.0,14.0,17.0,270.0,0.953005797797,0.0387185041244
