,motion_thresh,age_l,age_u,n,med_rsq,CI_95
0,50.0,7.0,10.0,280.0,0.967378168919,0.0451676889538
