,motion_thresh,age_l,age_u,n,med_rsq,CI_95,med_icc,CI_95_icc
0,45.0,9.0,12.0,210.0,0.980219600298,0.0273298922584,0.989999133363,0.0129699978861
