,motion_thresh,age_l,age_u,n,med_rsq,CI_95
0,48.0,9.0,12.0,190.0,0.978807167467,0.027891959338
