,motion_thresh,age_l,age_u,n,med_rsq,CI_95
0,24.0,10.0,13.0,80.0,0.960741267451,0.0452740525411
