,motion_thresh,age_l,age_u,n,med_rsq,CI_95
0,32.0,13.0,16.0,30.0,0.899017237869,0.137879294175
