,motion_thresh,age_l,age_u,n,med_rsq,CI_95
0,32.0,11.0,14.0,80.0,0.961466214276,0.0526943600833
