,motion_thresh,age_l,age_u,n,med_rsq,CI_95,med_icc,CI_95_icc
0,20.0,10.0,13.0,300.0,0.976773678076,0.0280775005539,0.988149384183,0.0144279781258
