,motion_thresh,age_l,age_u,n,med_rsq,CI_95
0,10.0,14.0,17.0,220.0,0.947401920818,0.0709177847425
