,motion_thresh,age_l,age_u,n,med_rsq,CI_95,med_icc,CI_95_icc
0,10.0,15.0,18.0,120.0,0.961105272521,0.0377586440835,0.980439662833,0.0199288903287
