,motion_thresh,age_l,age_u,n,med_rsq,CI_95
0,44.0,13.0,16.0,190.0,0.977860544279,0.0200589643949
