,motion_thresh,age_l,age_u,n,med_rsq,CI_95
0,38.0,8.0,11.0,40.0,0.924331422841,0.101006590877
