,motion_thresh,age_l,age_u,n,med_rsq,CI_95
0,18.0,10.0,13.0,140.0,0.973029529541,0.0271900685095
