,motion_thresh,age_l,age_u,n,med_rsq,CI_95
0,18.0,12.0,15.0,160.0,0.974731336122,0.0337474372377
