,motion_thresh,age_l,age_u,n,med_rsq,CI_95
0,50.0,15.0,18.0,280.0,0.968441340829,0.0377549826015
