,motion_thresh,age_l,age_u,n,med_rsq,CI_95
0,8.0,7.0,10.0,110.0,0.942134072203,0.0442496049848
