,motion_thresh,age_l,age_u,n,med_rsq,CI_95
0,44.0,13.0,16.0,240.0,0.977563927137,0.0250349131676
