,motion_thresh,age_l,age_u,n,med_rsq,CI_95
0,6.0,13.0,16.0,180.0,0.972098951055,0.0104726884059
