,motion_thresh,age_l,age_u,n,med_rsq,CI_95
0,40.0,7.0,10.0,20.0,0.847837995117,0.304925716462
