,motion_thresh,age_l,age_u,n,med_rsq,CI_95
0,40.0,6.0,9.0,200.0,0.950825531664,0.0469147122512
