,motion_thresh,age_l,age_u,n,med_rsq,CI_95
0,6.0,7.0,10.0,210.0,0.926159886166,0.0653019814925
