,motion_thresh,age_l,age_u,n,med_rsq,CI_95
0,2.0,10.0,13.0,160.0,0.937004536082,0.0407569931384
