,motion_thresh,age_l,age_u,n,med_rsq,CI_95
0,38.0,12.0,15.0,260.0,0.980541986548,0.0290349744971
