,motion_thresh,age_l,age_u,n,med_rsq,CI_95
0,30.0,8.0,11.0,220.0,0.972307159514,0.0239233313476
