,motion_thresh,age_l,age_u,n,med_rsq,CI_95
0,26.0,10.0,13.0,160.0,0.975591515313,0.0392405483237
