,motion_thresh,age_l,age_u,n,med_rsq,CI_95,med_icc,CI_95_icc
0,25.0,8.0,11.0,60.0,0.951379319576,0.0794909409702,0.975646497617,0.0383775181371
