,motion_thresh,age_l,age_u,n,med_rsq,CI_95,med_icc,CI_95_icc
0,50.0,8.0,11.0,120.0,0.976272165553,0.0428582541191,0.988318258573,0.020328544214
