,motion_thresh,age_l,age_u,n,med_rsq,CI_95
0,44.0,12.0,15.0,270.0,0.979834169499,0.0291639575191
