,motion_thresh,age_l,age_u,n,med_rsq,CI_95
0,28.0,14.0,17.0,220.0,0.973133341641,0.0280640872356
