,motion_thresh,age_l,age_u,n,med_rsq,CI_95
0,28.0,11.0,14.0,140.0,0.978396933574,0.0369844257122
