,motion_thresh,age_l,age_u,n,med_rsq,CI_95
0,24.0,8.0,11.0,280.0,0.968665545517,0.0557998082949
