,motion_thresh,age_l,age_u,n,med_rsq,CI_95,med_icc,CI_95_icc
0,20.0,9.0,12.0,120.0,0.97620821938,0.0233478406787,0.987959194062,0.0112466016116
