,motion_thresh,age_l,age_u,n,med_rsq,CI_95
0,22.0,11.0,14.0,140.0,0.979550855183,0.0301195498215
