,motion_thresh,age_l,age_u,n,med_rsq,CI_95
0,24.0,7.0,10.0,250.0,0.927727316594,0.129432819204
