,motion_thresh,age_l,age_u,n,med_rsq,CI_95
0,8.0,11.0,14.0,30.0,0.902280502834,0.0791451660572
