,motion_thresh,age_l,age_u,n,med_rsq,CI_95,med_icc,CI_95_icc
0,40.0,9.0,12.0,90.0,0.969757194647,0.053528291133,0.985017131191,0.0286120242919
