,motion_thresh,age_l,age_u,n,med_rsq,CI_95
0,34.0,15.0,18.0,150.0,0.970148194588,0.0369272599685
