,motion_thresh,age_l,age_u,n,med_rsq,CI_95
0,14.0,12.0,15.0,220.0,0.976592705998,0.020907032867
