,motion_thresh,age_l,age_u,n,med_rsq,CI_95
0,24.0,12.0,15.0,250.0,0.978025600939,0.0198369733555
