,motion_thresh,age_l,age_u,n,med_rsq,CI_95,med_icc,CI_95_icc
0,35.0,14.0,17.0,90.0,0.971058917498,0.0531008829975,0.98538251983,0.0268097046758
