,motion_thresh,age_l,age_u,n,med_rsq,CI_95
0,20.0,12.0,15.0,60.0,0.949512231004,0.0596280632013
