,motion_thresh,age_l,age_u,n,med_rsq,CI_95
0,48.0,13.0,16.0,160.0,0.978031999095,0.023433235723
