,motion_thresh,age_l,age_u,n,med_rsq,CI_95
0,22.0,6.0,9.0,240.0,0.941222089921,0.0614476414413
