,motion_thresh,age_l,age_u,n,med_rsq,CI_95
0,38.0,7.0,10.0,220.0,0.962449044455,0.0327874190083
