,motion_thresh,age_l,age_u,n,med_rsq,CI_95
0,12.0,9.0,12.0,20.0,0.849506831412,0.181940508359
