,motion_thresh,age_l,age_u,n,med_rsq,CI_95
0,30.0,8.0,11.0,190.0,0.973218396178,0.0281180150684
