,motion_thresh,age_l,age_u,n,med_rsq,CI_95
0,36.0,6.0,9.0,60.0,0.95067233454,0.0588787436904
