,motion_thresh,age_l,age_u,n,med_rsq,CI_95
0,48.0,9.0,12.0,180.0,0.978465056712,0.0209117943986
