,motion_thresh,age_l,age_u,n,med_rsq,CI_95
0,12.0,12.0,15.0,260.0,0.974581490161,0.0187637154592
