,motion_thresh,age_l,age_u,n,med_rsq,CI_95,med_icc,CI_95_icc
0,25.0,8.0,11.0,210.0,0.972354531826,0.0464157732954,0.986316341205,0.0218238317695
