,motion_thresh,age_l,age_u,n,med_rsq,CI_95
0,6.0,9.0,12.0,190.0,0.953385273963,0.0343946015967
