,motion_thresh,age_l,age_u,n,med_rsq,CI_95
0,36.0,13.0,16.0,10.0,0.711084756808,0.366251918059
