,motion_thresh,age_l,age_u,n,med_rsq,CI_95
0,8.0,6.0,9.0,280.0,0.919500672832,0.0373267118918
