,motion_thresh,age_l,age_u,n,med_rsq,CI_95,med_icc,CI_95_icc
0,35.0,10.0,13.0,300.0,0.978352759867,0.033236369955,0.988944479379,0.016965192156
