,motion_thresh,age_l,age_u,n,med_rsq,CI_95
0,24.0,10.0,13.0,190.0,0.973085190047,0.0344159538559
