,motion_thresh,age_l,age_u,n,med_rsq,CI_95
0,20.0,8.0,11.0,260.0,0.957397679485,0.0623112156389
