,motion_thresh,age_l,age_u,n,med_rsq,CI_95
0,44.0,11.0,14.0,70.0,0.958093085165,0.0570554224107
