,motion_thresh,age_l,age_u,n,med_rsq,CI_95
0,32.0,6.0,9.0,250.0,0.943305206967,0.046534634324
