,motion_thresh,age_l,age_u,n,med_rsq,CI_95,med_icc,CI_95_icc
0,50.0,11.0,14.0,180.0,0.982743607212,0.0183207044226,0.991329125644,0.00906343311554
