,motion_thresh,age_l,age_u,n,med_rsq,CI_95
0,44.0,8.0,11.0,150.0,0.975101292745,0.0287201390219
