,motion_thresh,age_l,age_u,n,med_rsq,CI_95
0,8.0,10.0,13.0,240.0,0.965572226333,0.0288114320198
