,motion_thresh,age_l,age_u,n,med_rsq,CI_95
0,42.0,10.0,13.0,100.0,0.968364329652,0.0550044245128
