,motion_thresh,age_l,age_u,n,med_rsq,CI_95
0,12.0,15.0,18.0,240.0,0.959706817603,0.0401484667058
