,motion_thresh,age_l,age_u,n,med_rsq,CI_95,med_icc,CI_95_icc
0,35.0,11.0,14.0,240.0,0.981843371785,0.0223707768307,0.990939164833,0.0113123921533
