,motion_thresh,age_l,age_u,n,med_rsq,CI_95
0,2.0,9.0,12.0,240.0,0.920745402408,0.0325277195313
