,motion_thresh,age_l,age_u,n,med_rsq,CI_95
0,48.0,10.0,13.0,190.0,0.980488050491,0.0237503998951
