,motion_thresh,age_l,age_u,n,med_rsq,CI_95
0,48.0,7.0,10.0,100.0,0.96741350964,0.0457567709973
