,motion_thresh,age_l,age_u,n,med_rsq,CI_95
0,26.0,11.0,14.0,180.0,0.979976596766,0.0247371027167
