,motion_thresh,age_l,age_u,n,med_rsq,CI_95,med_icc,CI_95_icc
0,40.0,9.0,12.0,210.0,0.979317343799,0.0311414666081,0.989663858596,0.0164818073561
