,motion_thresh,age_l,age_u,n,med_rsq,CI_95
0,10.0,8.0,11.0,80.0,0.956807771757,0.0387702069568
