,motion_thresh,age_l,age_u,n,med_rsq,CI_95
0,50.0,10.0,13.0,110.0,0.97151119051,0.0418551393536
