,motion_thresh,age_l,age_u,n,med_rsq,CI_95
0,26.0,15.0,18.0,250.0,0.965208721004,0.0476334300973
