,motion_thresh,age_l,age_u,n,med_rsq,CI_95
0,42.0,9.0,12.0,220.0,0.977807607574,0.0284115506817
