,motion_thresh,age_l,age_u,n,med_rsq,CI_95
0,6.0,9.0,12.0,260.0,0.950186345062,0.0401025096329
