,motion_thresh,age_l,age_u,n,med_rsq,CI_95
0,6.0,15.0,18.0,10.0,0.729803110633,0.391595221974
