,motion_thresh,age_l,age_u,n,med_rsq,CI_95
0,40.0,15.0,18.0,160.0,0.968926228782,0.0317458789843
