,motion_thresh,age_l,age_u,n,med_rsq,CI_95
0,4.0,12.0,15.0,210.0,0.93671028797,0.0847904041273
