,motion_thresh,age_l,age_u,n,med_rsq,CI_95,med_icc,CI_95_icc
0,35.0,7.0,10.0,30.0,0.908527482151,0.211367998566,0.954368497453,0.0928959519928
