,motion_thresh,age_l,age_u,n,med_rsq,CI_95
0,16.0,15.0,18.0,280.0,0.962514908148,0.0393548813001
