,motion_thresh,age_l,age_u,n,med_rsq,CI_95,med_icc,CI_95_icc
0,10.0,6.0,9.0,300.0,0.934717108285,0.0565139328376,0.966900097646,0.0299617776031
