,motion_thresh,age_l,age_u,n,med_rsq,CI_95
0,42.0,11.0,14.0,290.0,0.980909009463,0.0317025829583
