,motion_thresh,age_l,age_u,n,med_rsq,CI_95
0,24.0,13.0,16.0,200.0,0.975334630552,0.028974933433
