,motion_thresh,age_l,age_u,n,med_rsq,CI_95
0,42.0,12.0,15.0,90.0,0.967181995273,0.0377074068055
