,motion_thresh,age_l,age_u,n,med_rsq,CI_95
0,30.0,12.0,15.0,180.0,0.977933318099,0.0271010556314
