,motion_thresh,age_l,age_u,n,med_rsq,CI_95
0,10.0,11.0,14.0,110.0,0.973149431171,0.0232144065078
