,motion_thresh,age_l,age_u,n,med_rsq,CI_95
0,2.0,11.0,14.0,170.0,0.942277546133,0.0197626402913
