,motion_thresh,age_l,age_u,n,med_rsq,CI_95
0,46.0,12.0,15.0,120.0,0.975224381179,0.0335808810569
