,motion_thresh,age_l,age_u,n,med_rsq,CI_95
0,36.0,8.0,11.0,200.0,0.974814989549,0.0356680231366
