,motion_thresh,age_l,age_u,n,med_rsq,CI_95
0,20.0,10.0,13.0,180.0,0.973692917079,0.0304831613786
