,motion_thresh,age_l,age_u,n,med_rsq,CI_95
0,2.0,10.0,13.0,140.0,0.936991008614,0.0388886349609
