,motion_thresh,age_l,age_u,n,med_rsq,CI_95
0,42.0,9.0,12.0,160.0,0.976822011275,0.0304755788125
