,motion_thresh,age_l,age_u,n,med_rsq,CI_95
0,22.0,10.0,13.0,290.0,0.976056956016,0.0341988040394
