,motion_thresh,age_l,age_u,n,med_rsq,CI_95
0,38.0,11.0,14.0,270.0,0.980130675066,0.0286509060578
