,motion_thresh,age_l,age_u,n,med_rsq,CI_95
0,26.0,11.0,14.0,100.0,0.969521456424,0.0337685861462
