,motion_thresh,age_l,age_u,n,med_rsq,CI_95
0,2.0,8.0,11.0,240.0,0.915129435221,0.039150779762
