,motion_thresh,age_l,age_u,n,med_rsq,CI_95,med_icc,CI_95_icc
0,45.0,14.0,17.0,120.0,0.977757953965,0.024933636113,0.98890400831,0.0122265211652
