,motion_thresh,age_l,age_u,n,med_rsq,CI_95
0,18.0,11.0,14.0,80.0,0.962171093367,0.0475251592663
