,motion_thresh,age_l,age_u,n,med_rsq,CI_95
0,8.0,10.0,13.0,160.0,0.965318906206,0.028921347597
