,motion_thresh,age_l,age_u,n,med_rsq,CI_95
0,50.0,6.0,9.0,90.0,0.952499622932,0.0644203069017
