,motion_thresh,age_l,age_u,n,med_rsq,CI_95
0,20.0,8.0,11.0,210.0,0.959117483967,0.070107131537
