,motion_thresh,age_l,age_u,n,med_rsq,CI_95
0,42.0,9.0,12.0,90.0,0.96520757602,0.0538704052496
