,motion_thresh,age_l,age_u,n,med_rsq,CI_95
0,10.0,13.0,16.0,140.0,0.970480750211,0.0255589615344
