,motion_thresh,age_l,age_u,n,med_rsq,CI_95
0,28.0,11.0,14.0,40.0,0.927160937866,0.0904361354164
