,motion_thresh,age_l,age_u,n,med_rsq,CI_95
0,34.0,15.0,18.0,190.0,0.970044284989,0.0295219352137
