,motion_thresh,age_l,age_u,n,med_rsq,CI_95
0,38.0,11.0,14.0,180.0,0.979056458927,0.0160844175916
