,motion_thresh,age_l,age_u,n,med_rsq,CI_95
0,42.0,12.0,15.0,220.0,0.978955955041,0.0270889474382
