,motion_thresh,age_l,age_u,n,med_rsq,CI_95,med_icc,CI_95_icc
0,5.0,12.0,15.0,150.0,0.971607942691,0.0184945872912,0.985814350533,0.00946372793978
