,motion_thresh,age_l,age_u,n,med_rsq,CI_95
0,18.0,9.0,12.0,100.0,0.9698021336,0.0435969323939
