,motion_thresh,age_l,age_u,n,med_rsq,CI_95
0,10.0,9.0,12.0,180.0,0.96340015631,0.0286092952028
