,motion_thresh,age_l,age_u,n,med_rsq,CI_95
0,18.0,14.0,17.0,240.0,0.964647492154,0.0794867190899
