,motion_thresh,age_l,age_u,n,med_rsq,CI_95
0,4.0,15.0,18.0,30.0,0.90013732147,0.114834388952
