,motion_thresh,age_l,age_u,n,med_rsq,CI_95
0,42.0,10.0,13.0,190.0,0.974141427627,0.0544182507998
