,motion_thresh,age_l,age_u,n,med_rsq,CI_95
0,6.0,7.0,10.0,60.0,0.93201701379,0.0830184019701
