,motion_thresh,age_l,age_u,n,med_rsq,CI_95
0,24.0,6.0,9.0,60.0,0.94741889231,0.0634617751004
