,motion_thresh,age_l,age_u,n,med_rsq,CI_95
0,10.0,9.0,12.0,20.0,0.848237459773,0.130187103604
