,motion_thresh,age_l,age_u,n,med_rsq,CI_95
0,36.0,12.0,15.0,220.0,0.978767897623,0.0229444567126
