,motion_thresh,age_l,age_u,n,med_rsq,CI_95
0,32.0,6.0,9.0,90.0,0.943269441191,0.0514431392945
