,motion_thresh,age_l,age_u,n,med_rsq,CI_95
0,2.0,9.0,12.0,120.0,0.910527428798,0.0477439011916
