,motion_thresh,age_l,age_u,n,med_rsq,CI_95
0,4.0,14.0,17.0,160.0,0.954846564154,0.0191343579348
