,motion_thresh,age_l,age_u,n,med_rsq,CI_95
0,10.0,8.0,11.0,300.0,0.957120808531,0.0413221882235
