,motion_thresh,age_l,age_u,n,med_rsq,CI_95
0,18.0,9.0,12.0,10.0,0.726326202841,0.362235923878
