,motion_thresh,age_l,age_u,n,med_rsq,CI_95
0,18.0,9.0,12.0,270.0,0.9706756742,0.0375067198807
