,motion_thresh,age_l,age_u,n,med_rsq,CI_95
0,22.0,9.0,12.0,140.0,0.966040884127,0.0505609467946
