,motion_thresh,age_l,age_u,n,med_rsq,CI_95
0,36.0,9.0,12.0,280.0,0.978014806516,0.0189142006475
