,motion_thresh,age_l,age_u,n,med_rsq,CI_95
0,36.0,10.0,13.0,10.0,0.695695834046,0.487861973169
