,motion_thresh,age_l,age_u,n,med_rsq,CI_95
0,8.0,6.0,9.0,120.0,0.919321623431,0.0529657338764
