,motion_thresh,age_l,age_u,n,med_rsq,CI_95,med_icc,CI_95_icc
0,15.0,9.0,12.0,270.0,0.972644258122,0.0282178796968,0.98596665641,0.0153072630924
