,motion_thresh,age_l,age_u,n,med_rsq,CI_95,med_icc,CI_95_icc
0,50.0,15.0,18.0,180.0,0.973271443339,0.037910477143,0.98656583248,0.0197001477746
