,motion_thresh,age_l,age_u,n,med_rsq,CI_95
0,4.0,15.0,18.0,200.0,0.939702426559,0.0583411607802
