,motion_thresh,age_l,age_u,n,med_rsq,CI_95,med_icc,CI_95_icc
0,30.0,10.0,13.0,210.0,0.980608571938,0.0195737333333,0.99029022094,0.0098500391518
