,motion_thresh,age_l,age_u,n,med_rsq,CI_95,med_icc,CI_95_icc
0,20.0,15.0,18.0,150.0,0.96565609784,0.0373670712252,0.983219899491,0.0174118284913
