,motion_thresh,age_l,age_u,n,med_rsq,CI_95
0,46.0,11.0,14.0,90.0,0.968620754826,0.0511551409108
