,motion_thresh,age_l,age_u,n,med_rsq,CI_95
0,2.0,10.0,13.0,130.0,0.936769967269,0.0375392256616
