,motion_thresh,age_l,age_u,n,med_rsq,CI_95
0,4.0,13.0,16.0,50.0,0.944368395775,0.0459106926011
