,motion_thresh,age_l,age_u,n,med_rsq,CI_95
0,12.0,14.0,17.0,160.0,0.966588375498,0.0372637554434
