,motion_thresh,age_l,age_u,n,med_rsq,CI_95
0,26.0,10.0,13.0,150.0,0.978277479708,0.0494888273935
