,motion_thresh,age_l,age_u,n,med_rsq,CI_95
0,26.0,6.0,9.0,290.0,0.945017605849,0.0780591094949
