,motion_thresh,age_l,age_u,n,med_rsq,CI_95
0,34.0,14.0,17.0,200.0,0.973342995042,0.0380571182621
