,motion_thresh,age_l,age_u,n,med_rsq,CI_95
0,2.0,15.0,18.0,70.0,0.927734742089,0.0506487478607
