,motion_thresh,age_l,age_u,n,med_rsq,CI_95
0,6.0,9.0,12.0,160.0,0.953689126047,0.0422527561662
