,motion_thresh,age_l,age_u,n,med_rsq,CI_95
0,30.0,12.0,15.0,90.0,0.966962946391,0.0360088523497
