,motion_thresh,age_l,age_u,n,med_rsq,CI_95
0,6.0,14.0,17.0,200.0,0.964443821773,0.0244595309996
