,motion_thresh,age_l,age_u,n,med_rsq,CI_95
0,34.0,13.0,16.0,150.0,0.977178061727,0.0279481425983
