,motion_thresh,age_l,age_u,n,med_rsq,CI_95
0,12.0,11.0,14.0,280.0,0.975725960662,0.0158425505654
