,motion_thresh,age_l,age_u,n,med_rsq,CI_95
0,24.0,10.0,13.0,180.0,0.973338620116,0.0350624008204
