,motion_thresh,age_l,age_u,n,med_rsq,CI_95
0,6.0,15.0,18.0,170.0,0.949689691807,0.0215398886914
