,motion_thresh,age_l,age_u,n,med_rsq,CI_95
0,8.0,8.0,11.0,170.0,0.955136476613,0.0485376411435
