,motion_thresh,age_l,age_u,n,med_rsq,CI_95
0,50.0,15.0,18.0,140.0,0.96912720177,0.0412275582997
