,motion_thresh,age_l,age_u,n,med_rsq,CI_95
0,28.0,14.0,17.0,200.0,0.97251039791,0.028973581091
