,motion_thresh,age_l,age_u,n,med_rsq,CI_95
0,20.0,12.0,15.0,170.0,0.978517972128,0.0194054742608
