,motion_thresh,age_l,age_u,n,med_rsq,CI_95,med_icc,CI_95_icc
0,20.0,10.0,13.0,60.0,0.956894520221,0.0596400384523,0.978267724692,0.0289345289335
