,motion_thresh,age_l,age_u,n,med_rsq,CI_95
0,50.0,6.0,9.0,270.0,0.954788065477,0.0438434434292
