,motion_thresh,age_l,age_u,n,med_rsq,CI_95
0,30.0,13.0,16.0,240.0,0.975724381724,0.0237633668156
