,motion_thresh,age_l,age_u,n,med_rsq,CI_95
0,8.0,14.0,17.0,180.0,0.962515464294,0.0508386239784
