,motion_thresh,age_l,age_u,n,med_rsq,CI_95
0,20.0,6.0,9.0,120.0,0.940657846432,0.0505860973065
