,motion_thresh,age_l,age_u,n,med_rsq,CI_95
0,20.0,11.0,14.0,30.0,0.903669419669,0.121318586165
