,motion_thresh,age_l,age_u,n,med_rsq,CI_95,med_icc,CI_95_icc
0,45.0,9.0,12.0,270.0,0.981151212281,0.0327598115334,0.990610726738,0.0156348925329
