,motion_thresh,age_l,age_u,n,med_rsq,CI_95,med_icc,CI_95_icc
0,15.0,10.0,13.0,90.0,0.968427911258,0.0391583749414,0.984179520438,0.0190403049378
