,motion_thresh,age_l,age_u,n,med_rsq,CI_95
0,16.0,11.0,14.0,170.0,0.976412008263,0.0162847436835
