,motion_thresh,age_l,age_u,n,med_rsq,CI_95
0,14.0,12.0,15.0,20.0,0.852723569198,0.128300784496
