,motion_thresh,age_l,age_u,n,med_rsq,CI_95
0,8.0,15.0,18.0,280.0,0.95213546,0.0598075373337
