,motion_thresh,age_l,age_u,n,med_rsq,CI_95
0,4.0,6.0,9.0,140.0,0.8949048482,0.0381984810231
