,motion_thresh,age_l,age_u,n,med_rsq,CI_95
0,16.0,12.0,15.0,30.0,0.906020626811,0.131227953646
