,motion_thresh,age_l,age_u,n,med_rsq,CI_95
0,48.0,13.0,16.0,90.0,0.966481695262,0.0383757738399
