,motion_thresh,age_l,age_u,n,med_rsq,CI_95,med_icc,CI_95_icc
0,40.0,13.0,16.0,30.0,0.912162969573,0.121256560461,0.956188913193,0.0543350087035
