,motion_thresh,age_l,age_u,n,med_rsq,CI_95
0,18.0,13.0,16.0,10.0,0.729692917898,0.397347994032
