,motion_thresh,age_l,age_u,n,med_rsq,CI_95
0,46.0,8.0,11.0,80.0,0.961969903776,0.0552894020007
