,motion_thresh,age_l,age_u,n,med_rsq,CI_95
0,18.0,11.0,14.0,150.0,0.978893723953,0.0156321943597
