,motion_thresh,age_l,age_u,n,med_rsq,CI_95
0,38.0,14.0,17.0,70.0,0.958174984131,0.0670016368742
