,motion_thresh,age_l,age_u,n,med_rsq,CI_95
0,14.0,6.0,9.0,40.0,0.921282822712,0.107181839821
