,motion_thresh,age_l,age_u,n,med_rsq,CI_95
0,36.0,14.0,17.0,240.0,0.973764588396,0.0365363276152
