,motion_thresh,age_l,age_u,n,med_rsq,CI_95
0,50.0,12.0,15.0,60.0,0.949813211619,0.0538467950637
