,motion_thresh,age_l,age_u,n,med_rsq,CI_95
0,46.0,14.0,17.0,130.0,0.976217338806,0.0360115253193
