,motion_thresh,age_l,age_u,n,med_rsq,CI_95,med_icc,CI_95_icc
0,20.0,12.0,15.0,150.0,0.981438541353,0.0176729526255,0.990595653071,0.00877478410394
