,motion_thresh,age_l,age_u,n,med_rsq,CI_95
0,34.0,11.0,14.0,300.0,0.978996525201,0.0261509890654
