,motion_thresh,age_l,age_u,n,med_rsq,CI_95
0,34.0,12.0,15.0,160.0,0.978254402587,0.0256696365714
