,motion_thresh,age_l,age_u,n,med_rsq,CI_95
0,40.0,10.0,13.0,200.0,0.979822750284,0.0238826408089
