,motion_thresh,age_l,age_u,n,med_rsq,CI_95
0,24.0,12.0,15.0,240.0,0.978770115507,0.022577681457
