,motion_thresh,age_l,age_u,n,med_rsq,CI_95
0,32.0,8.0,11.0,90.0,0.966224812855,0.0399840636361
