,motion_thresh,age_l,age_u,n,med_rsq,CI_95
0,34.0,14.0,17.0,60.0,0.94738081341,0.0667296112296
