,motion_thresh,age_l,age_u,n,med_rsq,CI_95
0,2.0,7.0,10.0,280.0,0.87609947723,0.172438721491
