,motion_thresh,age_l,age_u,n,med_rsq,CI_95,med_icc,CI_95_icc
0,25.0,14.0,17.0,300.0,0.976606459814,0.0284459777706,0.988306023106,0.0137465001832
