,motion_thresh,age_l,age_u,n,med_rsq,CI_95,med_icc,CI_95_icc
0,35.0,7.0,10.0,240.0,0.967936765317,0.0353320443932,0.984218600368,0.0163355731915
