,motion_thresh,age_l,age_u,n,med_rsq,CI_95
0,42.0,7.0,10.0,170.0,0.966435040568,0.0429761172529
