,motion_thresh,age_l,age_u,n,med_rsq,CI_95
0,30.0,10.0,13.0,110.0,0.970640015426,0.054015200586
