,motion_thresh,age_l,age_u,n,med_rsq,CI_95
0,42.0,10.0,13.0,120.0,0.974091745636,0.0391523545971
