,motion_thresh,age_l,age_u,n,med_rsq,CI_95
0,42.0,7.0,10.0,200.0,0.964876086244,0.0343419694002
