,motion_thresh,age_l,age_u,n,med_rsq,CI_95
0,46.0,15.0,18.0,210.0,0.967955994428,0.0338856501518
