,motion_thresh,age_l,age_u,n,med_rsq,CI_95
0,8.0,10.0,13.0,150.0,0.96649424056,0.0332013488319
