,motion_thresh,age_l,age_u,n,med_rsq,CI_95
0,6.0,6.0,9.0,10.0,0.707619794581,0.272772853823
