,motion_thresh,age_l,age_u,n,med_rsq,CI_95
0,18.0,8.0,11.0,120.0,0.965074254838,0.0466815187366
