,motion_thresh,age_l,age_u,n,med_rsq,CI_95
0,2.0,7.0,10.0,120.0,0.879001588155,0.149458918099
