,motion_thresh,age_l,age_u,n,med_rsq,CI_95
0,32.0,8.0,11.0,210.0,0.973732335466,0.0238299106746
