,motion_thresh,age_l,age_u,n,med_rsq,CI_95,med_icc,CI_95_icc
0,25.0,10.0,13.0,180.0,0.9764853327,0.0333662930124,0.98814752011,0.0171473743004
