,motion_thresh,age_l,age_u,n,med_rsq,CI_95
0,20.0,15.0,18.0,150.0,0.962188491576,0.0577149953649
