,motion_thresh,age_l,age_u,n,med_rsq,CI_95
0,44.0,6.0,9.0,270.0,0.951751584182,0.0571080516158
