,motion_thresh,age_l,age_u,n,med_rsq,CI_95
0,8.0,10.0,13.0,300.0,0.965674204003,0.0273499626145
