,motion_thresh,age_l,age_u,n,med_rsq,CI_95
0,6.0,7.0,10.0,50.0,0.929833475301,0.0742802487766
