,motion_thresh,age_l,age_u,n,med_rsq,CI_95,med_icc,CI_95_icc
0,5.0,13.0,16.0,210.0,0.970023862447,0.0353094728107,0.984814679318,0.0179952064308
