,motion_thresh,age_l,age_u,n,med_rsq,CI_95
0,6.0,7.0,10.0,120.0,0.928116532574,0.0357667420056
