,motion_thresh,age_l,age_u,n,med_rsq,CI_95,med_icc,CI_95_icc
0,10.0,15.0,18.0,300.0,0.961606691546,0.0342973707722,0.981016692296,0.0180275469892
