,motion_thresh,age_l,age_u,n,med_rsq,CI_95
0,38.0,15.0,18.0,50.0,0.94134324514,0.0881538073495
