,motion_thresh,age_l,age_u,n,med_rsq,CI_95
0,46.0,12.0,15.0,160.0,0.980023825977,0.0314351173954
