,motion_thresh,age_l,age_u,n,med_rsq,CI_95,med_icc,CI_95_icc
0,40.0,8.0,11.0,150.0,0.9761586408,0.0239855422844,0.988176699724,0.0123325346116
