,motion_thresh,age_l,age_u,n,med_rsq,CI_95
0,42.0,14.0,17.0,180.0,0.975366966081,0.0260347766287
