,motion_thresh,age_l,age_u,n,med_rsq,CI_95
0,10.0,12.0,15.0,210.0,0.974385433376,0.0182793642382
