,motion_thresh,age_l,age_u,n,med_rsq,CI_95
0,26.0,15.0,18.0,200.0,0.965991364054,0.0827772667132
