,motion_thresh,age_l,age_u,n,med_rsq,CI_95
0,2.0,9.0,12.0,240.0,0.912311678083,0.074006310372
