,motion_thresh,age_l,age_u,n,med_rsq,CI_95
0,10.0,8.0,11.0,180.0,0.95790044562,0.0330642796894
