,motion_thresh,age_l,age_u,n,med_rsq,CI_95
0,4.0,11.0,14.0,80.0,0.965239044958,0.0137698254204
