,motion_thresh,age_l,age_u,n,med_rsq,CI_95,med_icc,CI_95_icc
0,30.0,9.0,12.0,270.0,0.977802258322,0.0250704275677,0.988678017495,0.0129205168613
