,motion_thresh,age_l,age_u,n,med_rsq,CI_95,med_icc,CI_95_icc
0,15.0,15.0,18.0,210.0,0.965188464863,0.0415761789359,0.982666012433,0.0195952721857
