,motion_thresh,age_l,age_u,n,med_rsq,CI_95
0,40.0,6.0,9.0,230.0,0.9493476466,0.0502891743716
