,motion_thresh,age_l,age_u,n,med_rsq,CI_95
0,6.0,13.0,16.0,120.0,0.969353715887,0.0282529988419
