,motion_thresh,age_l,age_u,n,med_rsq,CI_95
0,22.0,8.0,11.0,150.0,0.966132903877,0.0350911143103
