,motion_thresh,age_l,age_u,n,med_rsq,CI_95
0,14.0,15.0,18.0,10.0,0.709088733411,0.355547359584
