,motion_thresh,age_l,age_u,n,med_rsq,CI_95,med_icc,CI_95_icc
0,10.0,7.0,10.0,270.0,0.954402998325,0.0434140208281,0.977078157149,0.0226228980163
