,motion_thresh,age_l,age_u,n,med_rsq,CI_95
0,28.0,15.0,18.0,240.0,0.96870693315,0.0460050429348
