,motion_thresh,age_l,age_u,n,med_rsq,CI_95,med_icc,CI_95_icc
0,5.0,9.0,12.0,210.0,0.955215930173,0.0485234629073,0.977317722525,0.0229546932205
