,motion_thresh,age_l,age_u,n,med_rsq,CI_95
0,38.0,6.0,9.0,110.0,0.94946567239,0.0447715706599
