,motion_thresh,age_l,age_u,n,med_rsq,CI_95
0,16.0,11.0,14.0,20.0,0.855532032933,0.191144537859
