,motion_thresh,age_l,age_u,n,med_rsq,CI_95
0,30.0,7.0,10.0,70.0,0.955872426578,0.0833821975953
