,motion_thresh,age_l,age_u,n,med_rsq,CI_95
0,34.0,6.0,9.0,150.0,0.947269540249,0.0719756845853
