,motion_thresh,age_l,age_u,n,med_rsq,CI_95
0,38.0,8.0,11.0,50.0,0.937916477981,0.0758271417909
