,motion_thresh,age_l,age_u,n,med_rsq,CI_95
0,46.0,9.0,12.0,120.0,0.974147276358,0.0354241444305
