,motion_thresh,age_l,age_u,n,med_rsq,CI_95
0,34.0,8.0,11.0,20.0,0.849331082417,0.275032808051
