,motion_thresh,age_l,age_u,n,med_rsq,CI_95
0,4.0,13.0,16.0,50.0,0.939406210061,0.0802710976561
