,motion_thresh,age_l,age_u,n,med_rsq,CI_95
0,10.0,10.0,13.0,110.0,0.969149347809,0.0257667161963
