,motion_thresh,age_l,age_u,n,med_rsq,CI_95
0,2.0,7.0,10.0,200.0,0.887870174022,0.1628808004
