,motion_thresh,age_l,age_u,n,med_rsq,CI_95
0,30.0,6.0,9.0,170.0,0.944787562786,0.0676097760458
