,motion_thresh,age_l,age_u,n,med_rsq,CI_95
0,8.0,7.0,10.0,50.0,0.939959971363,0.0460499818934
