,motion_thresh,age_l,age_u,n,med_rsq,CI_95,med_icc,CI_95_icc
0,35.0,6.0,9.0,300.0,0.956893105899,0.0429773382827,0.978832607777,0.0210469260372
