,motion_thresh,age_l,age_u,n,med_rsq,CI_95
0,4.0,11.0,14.0,190.0,0.961850468854,0.0101740660613
