,motion_thresh,age_l,age_u,n,med_rsq,CI_95
0,12.0,10.0,13.0,160.0,0.972216603587,0.0222476743906
