,motion_thresh,age_l,age_u,n,med_rsq,CI_95
0,44.0,13.0,16.0,230.0,0.978069648707,0.0274039068936
