,motion_thresh,age_l,age_u,n,med_rsq,CI_95
0,28.0,8.0,11.0,220.0,0.970250023518,0.0496476369306
