,motion_thresh,age_l,age_u,n,med_rsq,CI_95
0,36.0,14.0,17.0,150.0,0.974382890029,0.0384246046979
