,motion_thresh,age_l,age_u,n,med_rsq,CI_95
0,6.0,6.0,9.0,230.0,0.897266359832,0.0730503445538
