,motion_thresh,age_l,age_u,n,med_rsq,CI_95
0,30.0,11.0,14.0,40.0,0.922033757908,0.0938279782138
