,motion_thresh,age_l,age_u,n,med_rsq,CI_95
0,24.0,13.0,16.0,10.0,0.72524180313,0.266706290988
