,motion_thresh,age_l,age_u,n,med_rsq,CI_95
0,46.0,11.0,14.0,300.0,0.981478663788,0.0247089355548
