,motion_thresh,age_l,age_u,n,med_rsq,CI_95
0,28.0,8.0,11.0,250.0,0.970655326827,0.0320376828153
