,motion_thresh,age_l,age_u,n,med_rsq,CI_95
0,26.0,13.0,16.0,60.0,0.947270609042,0.10259891814
