,motion_thresh,age_l,age_u,n,med_rsq,CI_95
0,34.0,7.0,10.0,180.0,0.964753389265,0.0452792556736
