,motion_thresh,age_l,age_u,n,med_rsq,CI_95
0,34.0,15.0,18.0,80.0,0.960346582379,0.0650322552432
