,motion_thresh,age_l,age_u,n,med_rsq,CI_95
0,22.0,14.0,17.0,260.0,0.969305646769,0.0544712466822
