,motion_thresh,age_l,age_u,n,med_rsq,CI_95,med_icc,CI_95_icc
0,45.0,14.0,17.0,60.0,0.956539232022,0.0709547533121,0.978336210337,0.0325747339738
