,motion_thresh,age_l,age_u,n,med_rsq,CI_95
0,38.0,11.0,14.0,60.0,0.949150477212,0.071629036477
