,motion_thresh,age_l,age_u,n,med_rsq,CI_95
0,26.0,6.0,9.0,20.0,0.851162340199,0.22336016616
