,motion_thresh,age_l,age_u,n,med_rsq,CI_95
0,14.0,7.0,10.0,80.0,0.956213812072,0.0520159283792
