,motion_thresh,age_l,age_u,n,med_rsq,CI_95
0,14.0,11.0,14.0,290.0,0.976966488875,0.021583908511
