,motion_thresh,age_l,age_u,n,med_rsq,CI_95,med_icc,CI_95_icc
0,15.0,6.0,9.0,90.0,0.947705088857,0.044797349371,0.973731149147,0.0219707002796
