,motion_thresh,age_l,age_u,n,med_rsq,CI_95
0,34.0,14.0,17.0,220.0,0.973950706285,0.0380836207132
