,motion_thresh,age_l,age_u,n,med_rsq,CI_95
0,26.0,10.0,13.0,240.0,0.977140953983,0.0286502344329
