,motion_thresh,age_l,age_u,n,med_rsq,CI_95
0,34.0,9.0,12.0,70.0,0.955191765001,0.0591549645878
