,motion_thresh,age_l,age_u,n,med_rsq,CI_95
0,36.0,11.0,14.0,170.0,0.980985916236,0.016679015837
