,motion_thresh,age_l,age_u,n,med_rsq,CI_95
0,6.0,10.0,13.0,220.0,0.955140082672,0.0183132194049
