,motion_thresh,age_l,age_u,n,med_rsq,CI_95,med_icc,CI_95_icc
0,15.0,7.0,10.0,240.0,0.945898448453,0.0853756969745,0.974018959089,0.039040303038
