,motion_thresh,age_l,age_u,n,med_rsq,CI_95
0,22.0,13.0,16.0,230.0,0.975537288562,0.023119185857
