,motion_thresh,age_l,age_u,n,med_rsq,CI_95,med_icc,CI_95_icc
0,50.0,14.0,17.0,60.0,0.957201002785,0.0522038947319,0.978608544269,0.0260206464762
