,motion_thresh,age_l,age_u,n,med_rsq,CI_95
0,42.0,6.0,9.0,150.0,0.948696649598,0.0554698196867
