,motion_thresh,age_l,age_u,n,med_rsq,CI_95,med_icc,CI_95_icc
0,30.0,10.0,13.0,90.0,0.969586117177,0.04406043811,0.984861496224,0.0221300245895
