,motion_thresh,age_l,age_u,n,med_rsq,CI_95
0,6.0,8.0,11.0,60.0,0.931517730634,0.0413954728039
