,motion_thresh,age_l,age_u,n,med_rsq,CI_95
0,4.0,6.0,9.0,130.0,0.903599289152,0.0285793247573
