,motion_thresh,age_l,age_u,n,med_rsq,CI_95
0,24.0,8.0,11.0,240.0,0.967145954293,0.0433988683867
