,motion_thresh,age_l,age_u,n,med_rsq,CI_95
0,10.0,14.0,17.0,110.0,0.95229073348,0.0722679058157
