,motion_thresh,age_l,age_u,n,med_rsq,CI_95
0,14.0,14.0,17.0,90.0,0.96628161643,0.0645005560274
