,motion_thresh,age_l,age_u,n,med_rsq,CI_95
0,26.0,11.0,14.0,120.0,0.974799063984,0.0322156501232
