,motion_thresh,age_l,age_u,n,med_rsq,CI_95,med_icc,CI_95_icc
0,40.0,13.0,16.0,90.0,0.970738510714,0.0525453526251,0.985407251524,0.0248591231093
