,motion_thresh,age_l,age_u,n,med_rsq,CI_95
0,18.0,10.0,13.0,200.0,0.972577208542,0.0254335046322
