,motion_thresh,age_l,age_u,n,med_rsq,CI_95
0,22.0,7.0,10.0,30.0,0.89788553208,0.131412025633
