,motion_thresh,age_l,age_u,n,med_rsq,CI_95
0,44.0,14.0,17.0,290.0,0.974654666434,0.0207262848449
