,motion_thresh,age_l,age_u,n,med_rsq,CI_95
0,40.0,10.0,13.0,160.0,0.979620948085,0.025905207115
