,motion_thresh,age_l,age_u,n,med_rsq,CI_95
0,6.0,12.0,15.0,40.0,0.932889837031,0.0675927490817
