,motion_thresh,age_l,age_u,n,med_rsq,CI_95
0,26.0,13.0,16.0,50.0,0.937764351677,0.0879176629188
