,motion_thresh,age_l,age_u,n,med_rsq,CI_95
0,48.0,10.0,13.0,30.0,0.896029043353,0.13842097639
