,motion_thresh,age_l,age_u,n,med_rsq,CI_95
0,4.0,8.0,11.0,170.0,0.923303533593,0.0519998394747
