,motion_thresh,age_l,age_u,n,med_rsq,CI_95
0,4.0,9.0,12.0,60.0,0.944422607372,0.0695894168013
