,motion_thresh,age_l,age_u,n,med_rsq,CI_95
0,32.0,10.0,13.0,160.0,0.979097085722,0.0250253830598
