,motion_thresh,age_l,age_u,n,med_rsq,CI_95
0,8.0,12.0,15.0,150.0,0.972968952803,0.0219894068562
