,motion_thresh,age_l,age_u,n,med_rsq,CI_95
0,18.0,15.0,18.0,30.0,0.899619973604,0.129228688487
