,motion_thresh,age_l,age_u,n,med_rsq,CI_95,med_icc,CI_95_icc
0,10.0,6.0,9.0,210.0,0.932706001099,0.0664796992528,0.965750634037,0.0354135053147
