,motion_thresh,age_l,age_u,n,med_rsq,CI_95
0,14.0,12.0,15.0,70.0,0.955388564603,0.0602373337023
