,motion_thresh,age_l,age_u,n,med_rsq,CI_95
0,18.0,13.0,16.0,210.0,0.974055289992,0.0302545768913
