,motion_thresh,age_l,age_u,n,med_rsq,CI_95
0,26.0,12.0,15.0,160.0,0.977692588105,0.0198642970616
