,motion_thresh,age_l,age_u,n,med_rsq,CI_95
0,6.0,11.0,14.0,130.0,0.970281064923,0.0183116904773
