,motion_thresh,age_l,age_u,n,med_rsq,CI_95
0,24.0,7.0,10.0,130.0,0.931044611907,0.154706310502
