,motion_thresh,age_l,age_u,n,med_rsq,CI_95
0,34.0,12.0,15.0,60.0,0.950098783031,0.0580916305206
