,motion_thresh,age_l,age_u,n,med_rsq,CI_95,med_icc,CI_95_icc
0,30.0,8.0,11.0,240.0,0.976025054903,0.0302726172918,0.988003163787,0.0153703334508
