,motion_thresh,age_l,age_u,n,med_rsq,CI_95
0,42.0,14.0,17.0,40.0,0.926655344428,0.0801135362873
