,motion_thresh,age_l,age_u,n,med_rsq,CI_95
0,36.0,6.0,9.0,120.0,0.950283391833,0.061815314921
