,motion_thresh,age_l,age_u,n,med_rsq,CI_95
0,48.0,10.0,13.0,40.0,0.926664994376,0.101577857708
