,motion_thresh,age_l,age_u,n,med_rsq,CI_95
0,8.0,15.0,18.0,50.0,0.939720823634,0.0789885844485
