,motion_thresh,age_l,age_u,n,med_rsq,CI_95
0,48.0,13.0,16.0,190.0,0.976914282675,0.0262816685808
