,motion_thresh,age_l,age_u,n,med_rsq,CI_95
0,30.0,8.0,11.0,60.0,0.94458618532,0.0636010784385
