,motion_thresh,age_l,age_u,n,med_rsq,CI_95
0,22.0,6.0,9.0,290.0,0.940414181435,0.069675946353
