,motion_thresh,age_l,age_u,n,med_rsq,CI_95,med_icc,CI_95_icc
0,5.0,6.0,9.0,120.0,0.917770749557,0.0692944705159,0.959247165069,0.0370819109533
