,motion_thresh,age_l,age_u,n,med_rsq,CI_95
0,48.0,13.0,16.0,240.0,0.977185985172,0.0218694948586
