,motion_thresh,age_l,age_u,n,med_rsq,CI_95
0,4.0,15.0,18.0,140.0,0.943891568659,0.0551696908652
