,motion_thresh,age_l,age_u,n,med_rsq,CI_95
0,42.0,7.0,10.0,260.0,0.966033251258,0.044971694381
