,motion_thresh,age_l,age_u,n,med_rsq,CI_95
0,2.0,11.0,14.0,170.0,0.946101489104,0.0294986470425
