,motion_thresh,age_l,age_u,n,med_rsq,CI_95,med_icc,CI_95_icc
0,25.0,7.0,10.0,300.0,0.93109127647,0.13722971382,0.967680591,0.0623332632443
