,motion_thresh,age_l,age_u,n,med_rsq,CI_95
0,22.0,8.0,11.0,30.0,0.897276440451,0.117871708276
