,motion_thresh,age_l,age_u,n,med_rsq,CI_95,med_icc,CI_95_icc
0,40.0,10.0,13.0,210.0,0.9813427252,0.0235309692884,0.990484199595,0.0122799590236
