,motion_thresh,age_l,age_u,n,med_rsq,CI_95
0,26.0,15.0,18.0,230.0,0.965215863593,0.0582878570986
