,motion_thresh,age_l,age_u,n,med_rsq,CI_95
0,40.0,9.0,12.0,10.0,0.724448288701,0.388185458772
