,motion_thresh,age_l,age_u,n,med_rsq,CI_95
0,4.0,6.0,9.0,300.0,0.897699129638,0.0613047672759
