,motion_thresh,age_l,age_u,n,med_rsq,CI_95
0,2.0,6.0,9.0,80.0,0.863860983582,0.0731596343494
