,motion_thresh,age_l,age_u,n,med_rsq,CI_95
0,40.0,11.0,14.0,220.0,0.980769142708,0.0174011057023
