,motion_thresh,age_l,age_u,n,med_rsq,CI_95
0,10.0,15.0,18.0,190.0,0.954417610176,0.0479577406346
