,motion_thresh,age_l,age_u,n,med_rsq,CI_95
0,10.0,10.0,13.0,120.0,0.968373834576,0.0267578745531
