,motion_thresh,age_l,age_u,n,med_rsq,CI_95
0,16.0,7.0,10.0,20.0,0.846937745848,0.285696674635
