,motion_thresh,age_l,age_u,n,med_rsq,CI_95
0,50.0,13.0,16.0,30.0,0.900083107702,0.135163485567
