,motion_thresh,age_l,age_u,n,med_rsq,CI_95
0,6.0,8.0,11.0,110.0,0.942048727753,0.0842471099107
