,motion_thresh,age_l,age_u,n,med_rsq,CI_95
0,4.0,8.0,11.0,80.0,0.933519894528,0.0649389254062
