,motion_thresh,age_l,age_u,n,med_rsq,CI_95
0,32.0,6.0,9.0,140.0,0.947442070619,0.0404726978657
