,motion_thresh,age_l,age_u,n,med_rsq,CI_95
0,36.0,8.0,11.0,170.0,0.974874906586,0.0241159346769
