,motion_thresh,age_l,age_u,n,med_rsq,CI_95,med_icc,CI_95_icc
0,15.0,13.0,16.0,240.0,0.968707408008,0.0497525964764,0.984219699635,0.0249490375346
