,motion_thresh,age_l,age_u,n,med_rsq,CI_95
0,4.0,10.0,13.0,50.0,0.943142474821,0.0345140604888
