,motion_thresh,age_l,age_u,n,med_rsq,CI_95,med_icc,CI_95_icc
0,45.0,7.0,10.0,150.0,0.969697886151,0.0330400335115,0.985083751369,0.0164446081336
