,motion_thresh,age_l,age_u,n,med_rsq,CI_95
0,38.0,7.0,10.0,170.0,0.96257113477,0.0549119198963
