,motion_thresh,age_l,age_u,n,med_rsq,CI_95
0,18.0,15.0,18.0,220.0,0.953218720913,0.0857327848037
