,motion_thresh,age_l,age_u,n,med_rsq,CI_95
0,28.0,10.0,13.0,150.0,0.968686247987,0.0576826761508
