,motion_thresh,age_l,age_u,n,med_rsq,CI_95
0,26.0,6.0,9.0,40.0,0.926577814633,0.0930108028921
