,motion_thresh,age_l,age_u,n,med_rsq,CI_95
0,38.0,9.0,12.0,80.0,0.958882531297,0.0868802226329
