,motion_thresh,age_l,age_u,n,med_rsq,CI_95
0,30.0,8.0,11.0,140.0,0.971843370884,0.0308549262488
