,motion_thresh,age_l,age_u,n,med_rsq,CI_95
0,18.0,15.0,18.0,250.0,0.951292346512,0.0934863271723
