,motion_thresh,age_l,age_u,n,med_rsq,CI_95
0,32.0,10.0,13.0,80.0,0.962152049515,0.0582729919384
