,motion_thresh,age_l,age_u,n,med_rsq,CI_95,med_icc,CI_95_icc
0,45.0,6.0,9.0,30.0,0.905865438226,0.199919135936,0.953508173344,0.0934511859011
