,motion_thresh,age_l,age_u,n,med_rsq,CI_95
0,34.0,11.0,14.0,100.0,0.971417424614,0.0318017661353
