,motion_thresh,age_l,age_u,n,med_rsq,CI_95
0,6.0,6.0,9.0,110.0,0.88892019104,0.0665706002753
