,motion_thresh,age_l,age_u,n,med_rsq,CI_95
0,10.0,11.0,14.0,290.0,0.973054640334,0.0249585420166
