,motion_thresh,age_l,age_u,n,med_rsq,CI_95
0,38.0,10.0,13.0,240.0,0.979398156578,0.0300930609222
