,motion_thresh,age_l,age_u,n,med_rsq,CI_95
0,22.0,11.0,14.0,30.0,0.901302667531,0.0982118875703
