,motion_thresh,age_l,age_u,n,med_rsq,CI_95
0,24.0,6.0,9.0,180.0,0.945149404833,0.0613632686858
