,motion_thresh,age_l,age_u,n,med_rsq,CI_95
0,2.0,7.0,10.0,220.0,0.881787941402,0.147572528356
