,motion_thresh,age_l,age_u,n,med_rsq,CI_95
0,18.0,8.0,11.0,290.0,0.965723564946,0.0425664961315
