,motion_thresh,age_l,age_u,n,med_rsq,CI_95
0,2.0,6.0,9.0,160.0,0.866549938461,0.0691857987828
