,motion_thresh,age_l,age_u,n,med_rsq,CI_95
0,32.0,8.0,11.0,30.0,0.899713532461,0.156911552338
