,motion_thresh,age_l,age_u,n,med_rsq,CI_95
0,36.0,10.0,13.0,200.0,0.979147031139,0.0348762744712
