,motion_thresh,age_l,age_u,n,med_rsq,CI_95
0,30.0,7.0,10.0,260.0,0.966334503053,0.0388786745176
