,motion_thresh,age_l,age_u,n,med_rsq,CI_95
0,38.0,8.0,11.0,70.0,0.956184386008,0.0597064019008
