,motion_thresh,age_l,age_u,n,med_rsq,CI_95
0,48.0,7.0,10.0,240.0,0.967844679449,0.0386326140472
