,motion_thresh,age_l,age_u,n,med_rsq,CI_95
0,14.0,13.0,16.0,240.0,0.975165154427,0.0163876925991
