,motion_thresh,age_l,age_u,n,med_rsq,CI_95
0,12.0,10.0,13.0,100.0,0.971469046716,0.0323607999817
