,motion_thresh,age_l,age_u,n,med_rsq,CI_95,med_icc,CI_95_icc
0,25.0,6.0,9.0,90.0,0.953461858427,0.0765242734923,0.97652010269,0.0398577035608
