,motion_thresh,age_l,age_u,n,med_rsq,CI_95
0,36.0,15.0,18.0,200.0,0.968610671244,0.0356457003925
