,motion_thresh,age_l,age_u,n,med_rsq,CI_95
0,4.0,9.0,12.0,90.0,0.941745335846,0.0529096987765
