,motion_thresh,age_l,age_u,n,med_rsq,CI_95,med_icc,CI_95_icc
0,40.0,15.0,18.0,300.0,0.970747018359,0.0450460340745,0.985235510178,0.0228008640926
