,motion_thresh,age_l,age_u,n,med_rsq,CI_95
0,4.0,10.0,13.0,270.0,0.956137553981,0.0261214170635
