,motion_thresh,age_l,age_u,n,med_rsq,CI_95
0,2.0,12.0,15.0,40.0,0.931706034726,0.0323450681399
