,motion_thresh,age_l,age_u,n,med_rsq,CI_95,med_icc,CI_95_icc
0,15.0,9.0,12.0,60.0,0.955996208297,0.0727283314108,0.977834180683,0.033101823758
