,motion_thresh,age_l,age_u,n,med_rsq,CI_95
0,42.0,10.0,13.0,180.0,0.974000117994,0.0514637290145
