,motion_thresh,age_l,age_u,n,med_rsq,CI_95
0,46.0,7.0,10.0,90.0,0.965785632186,0.0626239142758
