,motion_thresh,age_l,age_u,n,med_rsq,CI_95
0,10.0,6.0,9.0,10.0,0.711892161644,0.368356914398
