,motion_thresh,age_l,age_u,n,med_rsq,CI_95
0,32.0,10.0,13.0,220.0,0.979131601031,0.0215986651075
