,motion_thresh,age_l,age_u,n,med_rsq,CI_95
0,34.0,9.0,12.0,170.0,0.977269135279,0.0246700398197
