,motion_thresh,age_l,age_u,n,med_rsq,CI_95
0,34.0,10.0,13.0,140.0,0.978421845875,0.0357993936796
