,motion_thresh,age_l,age_u,n,med_rsq,CI_95
0,4.0,8.0,11.0,20.0,0.853072363628,0.0568341223187
