,motion_thresh,age_l,age_u,n,med_rsq,CI_95
0,40.0,6.0,9.0,220.0,0.952259545036,0.0628115346511
