,motion_thresh,age_l,age_u,n,med_rsq,CI_95
0,44.0,7.0,10.0,120.0,0.965683599575,0.0435210901578
