,motion_thresh,age_l,age_u,n,med_rsq,CI_95
0,2.0,7.0,10.0,140.0,0.876875775496,0.160771020873
