,motion_thresh,age_l,age_u,n,med_rsq,CI_95
0,6.0,8.0,11.0,220.0,0.940036703738,0.0985734040619
