,motion_thresh,age_l,age_u,n,med_rsq,CI_95,med_icc,CI_95_icc
0,10.0,15.0,18.0,30.0,0.911193669173,0.117686206333,0.954871194471,0.0519728129665
