,motion_thresh,age_l,age_u,n,med_rsq,CI_95
0,40.0,15.0,18.0,250.0,0.968665906218,0.0505395819585
