,motion_thresh,age_l,age_u,n,med_rsq,CI_95
0,18.0,6.0,9.0,20.0,0.848917043789,0.219850940066
