,motion_thresh,age_l,age_u,n,med_rsq,CI_95
0,6.0,12.0,15.0,100.0,0.969458642897,0.0366264403933
