,motion_thresh,age_l,age_u,n,med_rsq,CI_95
0,24.0,11.0,14.0,80.0,0.96380004243,0.0595822049525
