,motion_thresh,age_l,age_u,n,med_rsq,CI_95
0,40.0,15.0,18.0,90.0,0.966364059014,0.053914758456
