,motion_thresh,age_l,age_u,n,med_rsq,CI_95
0,36.0,14.0,17.0,120.0,0.974461223988,0.0318882121684
