,motion_thresh,age_l,age_u,n,med_rsq,CI_95
0,16.0,11.0,14.0,160.0,0.977649596034,0.0182626467548
