,motion_thresh,age_l,age_u,n,med_rsq,CI_95
0,2.0,10.0,13.0,170.0,0.937490081414,0.0345971659047
