,motion_thresh,age_l,age_u,n,med_rsq,CI_95
0,26.0,9.0,12.0,160.0,0.976136767946,0.0282494438878
