,motion_thresh,age_l,age_u,n,med_rsq,CI_95
0,24.0,9.0,12.0,160.0,0.974726636819,0.0258142789854
