,motion_thresh,age_l,age_u,n,med_rsq,CI_95
0,4.0,12.0,15.0,220.0,0.940249851351,0.0466259590737
