,motion_thresh,age_l,age_u,n,med_rsq,CI_95
0,18.0,12.0,15.0,250.0,0.976551971103,0.0285867356931
