,motion_thresh,age_l,age_u,n,med_rsq,CI_95
0,36.0,12.0,15.0,20.0,0.849890279522,0.199023380472
