,motion_thresh,age_l,age_u,n,med_rsq,CI_95
0,26.0,12.0,15.0,70.0,0.959703972244,0.0458202363984
