,motion_thresh,age_l,age_u,n,med_rsq,CI_95
0,20.0,6.0,9.0,230.0,0.937791593179,0.0648219204354
