,motion_thresh,age_l,age_u,n,med_rsq,CI_95
0,48.0,13.0,16.0,280.0,0.977393673651,0.0365178763196
