,motion_thresh,age_l,age_u,n,med_rsq,CI_95
0,4.0,12.0,15.0,130.0,0.936792120339,0.0774332778105
