,motion_thresh,age_l,age_u,n,med_rsq,CI_95
0,32.0,15.0,18.0,270.0,0.968878704206,0.0418714079662
