,motion_thresh,age_l,age_u,n,med_rsq,CI_95
0,34.0,15.0,18.0,130.0,0.970029179713,0.0260272055377
