,motion_thresh,age_l,age_u,n,med_rsq,CI_95
0,6.0,11.0,14.0,220.0,0.970739133192,0.0181055411467
