,motion_thresh,age_l,age_u,n,med_rsq,CI_95
0,22.0,7.0,10.0,10.0,0.702171659692,0.408926367608
