,motion_thresh,age_l,age_u,n,med_rsq,CI_95
0,2.0,12.0,15.0,30.0,0.907380009985,0.0858927599603
