,motion_thresh,age_l,age_u,n,med_rsq,CI_95,med_icc,CI_95_icc
0,5.0,9.0,12.0,30.0,0.903538954066,0.117881644313,0.951899824923,0.0558297702115
