,motion_thresh,age_l,age_u,n,med_rsq,CI_95
0,26.0,12.0,15.0,130.0,0.977004336036,0.0276443498642
