,motion_thresh,age_l,age_u,n,med_rsq,CI_95
0,26.0,15.0,18.0,220.0,0.964638462538,0.0516662657429
