,motion_thresh,age_l,age_u,n,med_rsq,CI_95,med_icc,CI_95_icc
0,45.0,12.0,15.0,120.0,0.978309649428,0.0390220200518,0.989278150104,0.0198908524576
