,motion_thresh,age_l,age_u,n,med_rsq,CI_95
0,8.0,13.0,16.0,190.0,0.970276720458,0.0210432192599
