,motion_thresh,age_l,age_u,n,med_rsq,CI_95
0,38.0,11.0,14.0,30.0,0.894948521035,0.236879072695
