,motion_thresh,age_l,age_u,n,med_rsq,CI_95
0,28.0,9.0,12.0,130.0,0.974587719341,0.0333254542874
