,motion_thresh,age_l,age_u,n,med_rsq,CI_95
0,40.0,15.0,18.0,300.0,0.966341665844,0.0596422248289
