,motion_thresh,age_l,age_u,n,med_rsq,CI_95
0,46.0,8.0,11.0,140.0,0.97366998287,0.0316050389542
