,motion_thresh,age_l,age_u,n,med_rsq,CI_95
0,48.0,12.0,15.0,170.0,0.980333197357,0.0358352770633
