,motion_thresh,age_l,age_u,n,med_rsq,CI_95
0,22.0,15.0,18.0,170.0,0.964263174635,0.0477735165003
