,motion_thresh,age_l,age_u,n,med_rsq,CI_95
0,46.0,14.0,17.0,20.0,0.853094296935,0.301223389291
