,motion_thresh,age_l,age_u,n,med_rsq,CI_95
0,12.0,14.0,17.0,130.0,0.96431824258,0.048588465787
