,motion_thresh,age_l,age_u,n,med_rsq,CI_95
0,10.0,12.0,15.0,270.0,0.973704714887,0.0276041818188
