,motion_thresh,age_l,age_u,n,med_rsq,CI_95,med_icc,CI_95_icc
0,30.0,10.0,13.0,270.0,0.980836814115,0.017725231746,0.99035625392,0.00876278129874
