,motion_thresh,age_l,age_u,n,med_rsq,CI_95
0,14.0,10.0,13.0,60.0,0.949793719383,0.0554696852483
