,motion_thresh,age_l,age_u,n,med_rsq,CI_95
0,20.0,9.0,12.0,200.0,0.971036513855,0.0377932708321
