,motion_thresh,age_l,age_u,n,med_rsq,CI_95
0,20.0,14.0,17.0,230.0,0.969051368865,0.0402849450798
