,motion_thresh,age_l,age_u,n,med_rsq,CI_95
0,26.0,15.0,18.0,270.0,0.962266710509,0.0498127748659
