,motion_thresh,age_l,age_u,n,med_rsq,CI_95
0,12.0,12.0,15.0,230.0,0.973305662865,0.0245944325553
