,motion_thresh,age_l,age_u,n,med_rsq,CI_95,med_icc,CI_95_icc
0,35.0,6.0,9.0,240.0,0.956366084823,0.0350383025266,0.978620752737,0.017461111485
