,motion_thresh,age_l,age_u,n,med_rsq,CI_95
0,40.0,10.0,13.0,290.0,0.979948756776,0.0315472260313
