,motion_thresh,age_l,age_u,n,med_rsq,CI_95
0,18.0,7.0,10.0,220.0,0.957766620626,0.079068326183
