,motion_thresh,age_l,age_u,n,med_rsq,CI_95
0,36.0,6.0,9.0,130.0,0.949415673778,0.0561377404511
