,motion_thresh,age_l,age_u,n,med_rsq,CI_95
0,24.0,13.0,16.0,90.0,0.966249518004,0.0461790493978
