,motion_thresh,age_l,age_u,n,med_rsq,CI_95
0,2.0,8.0,11.0,10.0,0.67339572668,0.1026817177
