,motion_thresh,age_l,age_u,n,med_rsq,CI_95
0,50.0,11.0,14.0,270.0,0.981675500761,0.0256496505332
