,motion_thresh,age_l,age_u,n,med_rsq,CI_95
0,46.0,6.0,9.0,300.0,0.949640141025,0.0451793164822
