,motion_thresh,age_l,age_u,n,med_rsq,CI_95
0,4.0,6.0,9.0,160.0,0.903899363524,0.0629345003565
