,motion_thresh,age_l,age_u,n,med_rsq,CI_95,med_icc,CI_95_icc
0,45.0,12.0,15.0,60.0,0.958490246556,0.0593579226012,0.979085893699,0.0285152160635
