,motion_thresh,age_l,age_u,n,med_rsq,CI_95
0,26.0,9.0,12.0,240.0,0.975257638584,0.0353194927787
