,motion_thresh,age_l,age_u,n,med_rsq,CI_95
0,20.0,13.0,16.0,60.0,0.95079476985,0.0510620265272
