,motion_thresh,age_l,age_u,n,med_rsq,CI_95
0,32.0,8.0,11.0,160.0,0.973125520757,0.0268475300623
