,motion_thresh,age_l,age_u,n,med_rsq,CI_95
0,14.0,6.0,9.0,120.0,0.931871016364,0.0931395112626
