,motion_thresh,age_l,age_u,n,med_rsq,CI_95
0,2.0,9.0,12.0,120.0,0.912828868129,0.0601733959281
