,motion_thresh,age_l,age_u,n,med_rsq,CI_95
0,6.0,11.0,14.0,100.0,0.966450839696,0.0177380078888
