,motion_thresh,age_l,age_u,n,med_rsq,CI_95
0,42.0,6.0,9.0,200.0,0.949334458323,0.0532234109618
