,motion_thresh,age_l,age_u,n,med_rsq,CI_95
0,6.0,15.0,18.0,60.0,0.952010710237,0.0388569135166
