,motion_thresh,age_l,age_u,n,med_rsq,CI_95,med_icc,CI_95_icc
0,50.0,12.0,15.0,270.0,0.982666841906,0.0190171250876,0.991264092367,0.00947884359654
