,motion_thresh,age_l,age_u,n,med_rsq,CI_95
0,30.0,15.0,18.0,80.0,0.961019768259,0.0651667306632
