,motion_thresh,age_l,age_u,n,med_rsq,CI_95
0,36.0,11.0,14.0,130.0,0.977648903401,0.0325640492735
