,motion_thresh,age_l,age_u,n,med_rsq,CI_95
0,4.0,8.0,11.0,130.0,0.936947616521,0.0752285678578
