,motion_thresh,age_l,age_u,n,med_rsq,CI_95
0,30.0,10.0,13.0,70.0,0.956786022578,0.0631306525692
