,motion_thresh,age_l,age_u,n,med_rsq,CI_95
0,46.0,7.0,10.0,100.0,0.964316259773,0.0328185962382
