,motion_thresh,age_l,age_u,n,med_rsq,CI_95
0,24.0,9.0,12.0,270.0,0.972819114874,0.0252172490477
