,motion_thresh,age_l,age_u,n,med_rsq,CI_95
0,36.0,6.0,9.0,240.0,0.950100413034,0.0558209436695
