,motion_thresh,age_l,age_u,n,med_rsq,CI_95
0,8.0,9.0,12.0,110.0,0.958319851125,0.0468981126493
