,motion_thresh,age_l,age_u,n,med_rsq,CI_95
0,20.0,10.0,13.0,280.0,0.97151337926,0.0471726279134
