,motion_thresh,age_l,age_u,n,med_rsq,CI_95
0,6.0,15.0,18.0,30.0,0.875237952815,0.0799654283112
