,motion_thresh,age_l,age_u,n,med_rsq,CI_95
0,4.0,15.0,18.0,200.0,0.945094474227,0.0443359148682
