,motion_thresh,age_l,age_u,n,med_rsq,CI_95
0,40.0,10.0,13.0,190.0,0.97975742892,0.0259308039158
