,motion_thresh,age_l,age_u,n,med_rsq,CI_95
0,48.0,6.0,9.0,90.0,0.948559110797,0.115529483538
