,motion_thresh,age_l,age_u,n,med_rsq,CI_95
0,2.0,11.0,14.0,220.0,0.939483013022,0.0166550717364
