,motion_thresh,age_l,age_u,n,med_rsq,CI_95
0,22.0,12.0,15.0,180.0,0.977419934084,0.0320649846187
