,motion_thresh,age_l,age_u,n,med_rsq,CI_95
0,2.0,12.0,15.0,150.0,0.946321344394,0.0358281556063
