,motion_thresh,age_l,age_u,n,med_rsq,CI_95
0,8.0,12.0,15.0,10.0,0.730255055872,0.247862937105
