,motion_thresh,age_l,age_u,n,med_rsq,CI_95
0,6.0,6.0,9.0,240.0,0.898532726158,0.0559622120243
