,motion_thresh,age_l,age_u,n,med_rsq,CI_95
0,2.0,11.0,14.0,180.0,0.946033675202,0.0222128949705
