,motion_thresh,age_l,age_u,n,med_rsq,CI_95,med_icc,CI_95_icc
0,50.0,9.0,12.0,300.0,0.982519776821,0.0241680633973,0.991268938562,0.011976844198
