,motion_thresh,age_l,age_u,n,med_rsq,CI_95
0,10.0,14.0,17.0,150.0,0.949315759818,0.0866257706901
