,motion_thresh,age_l,age_u,n,med_rsq,CI_95
0,14.0,14.0,17.0,190.0,0.965246041457,0.0473190457738
