,motion_thresh,age_l,age_u,n,med_rsq,CI_95
0,6.0,6.0,9.0,170.0,0.894264250835,0.089938597463
