,motion_thresh,age_l,age_u,n,med_rsq,CI_95
0,2.0,14.0,17.0,160.0,0.950234664183,0.0193169781715
