,motion_thresh,age_l,age_u,n,med_rsq,CI_95
0,30.0,12.0,15.0,100.0,0.96954740637,0.0395151882888
