,motion_thresh,age_l,age_u,n,med_rsq,CI_95
0,8.0,12.0,15.0,90.0,0.968883660935,0.0286964879464
