,motion_thresh,age_l,age_u,n,med_rsq,CI_95
0,42.0,11.0,14.0,140.0,0.979292245929,0.0333423046765
