,motion_thresh,age_l,age_u,n,med_rsq,CI_95
0,14.0,10.0,13.0,230.0,0.974610205286,0.0186814023331
