,motion_thresh,age_l,age_u,n,med_rsq,CI_95
0,32.0,11.0,14.0,230.0,0.979265273767,0.0244216024056
