,motion_thresh,age_l,age_u,n,med_rsq,CI_95,med_icc,CI_95_icc
0,40.0,14.0,17.0,180.0,0.975626015517,0.0443074277175,0.987809744891,0.0214184235279
