,motion_thresh,age_l,age_u,n,med_rsq,CI_95
0,4.0,10.0,13.0,100.0,0.952834474881,0.0346499027752
