,motion_thresh,age_l,age_u,n,med_rsq,CI_95,med_icc,CI_95_icc
0,45.0,12.0,15.0,210.0,0.982790823649,0.01813246632,0.991258810828,0.00905468292212
