,motion_thresh,age_l,age_u,n,med_rsq,CI_95
0,42.0,15.0,18.0,10.0,0.733715169842,0.422980082722
