,motion_thresh,age_l,age_u,n,med_rsq,CI_95
0,50.0,10.0,13.0,240.0,0.977466143072,0.0333174535064
