,motion_thresh,age_l,age_u,n,med_rsq,CI_95
0,2.0,15.0,18.0,130.0,0.928932588367,0.0620485235081
