,motion_thresh,age_l,age_u,n,med_rsq,CI_95
0,50.0,12.0,15.0,80.0,0.963648422235,0.0522518940146
