,motion_thresh,age_l,age_u,n,med_rsq,CI_95
0,6.0,12.0,15.0,260.0,0.967777188811,0.0350161737059
