,motion_thresh,age_l,age_u,n,med_rsq,CI_95
0,36.0,8.0,11.0,100.0,0.967383790693,0.0416146085879
