,motion_thresh,age_l,age_u,n,med_rsq,CI_95
0,30.0,10.0,13.0,260.0,0.978123921499,0.0148383116804
