,motion_thresh,age_l,age_u,n,med_rsq,CI_95
0,40.0,10.0,13.0,250.0,0.979787661598,0.0217373624889
