,motion_thresh,age_l,age_u,n,med_rsq,CI_95,med_icc,CI_95_icc
0,5.0,10.0,13.0,300.0,0.960293546664,0.0388580743746,0.980010678355,0.0192442860811
