,motion_thresh,age_l,age_u,n,med_rsq,CI_95
0,24.0,15.0,18.0,120.0,0.962467916671,0.0665031889565
