,motion_thresh,age_l,age_u,n,med_rsq,CI_95
0,14.0,15.0,18.0,40.0,0.922589938925,0.114073020701
