,motion_thresh,age_l,age_u,n,med_rsq,CI_95
0,28.0,12.0,15.0,160.0,0.97749881721,0.0233983601
