,motion_thresh,age_l,age_u,n,med_rsq,CI_95,med_icc,CI_95_icc
0,30.0,10.0,13.0,120.0,0.977873068824,0.0275881585395,0.988777420977,0.0130786717993
