,motion_thresh,age_l,age_u,n,med_rsq,CI_95
0,42.0,11.0,14.0,260.0,0.979612822692,0.0344089977589
