,motion_thresh,age_l,age_u,n,med_rsq,CI_95,med_icc,CI_95_icc
0,50.0,10.0,13.0,210.0,0.979466046055,0.0443991716998,0.989746617536,0.0227723217202
