,motion_thresh,age_l,age_u,n,med_rsq,CI_95
0,12.0,14.0,17.0,140.0,0.966696182543,0.0527360413065
