,motion_thresh,age_l,age_u,n,med_rsq,CI_95
0,50.0,11.0,14.0,160.0,0.97928276147,0.0318574494618
