,motion_thresh,age_l,age_u,n,med_rsq,CI_95
0,2.0,15.0,18.0,40.0,0.931902130611,0.0140020416231
