,motion_thresh,age_l,age_u,n,med_rsq,CI_95
0,38.0,12.0,15.0,20.0,0.849061841548,0.243297654189
