,motion_thresh,age_l,age_u,n,med_rsq,CI_95
0,24.0,13.0,16.0,260.0,0.976865364827,0.0311198104926
