,motion_thresh,age_l,age_u,n,med_rsq,CI_95
0,26.0,13.0,16.0,200.0,0.977432547872,0.0186143262819
