,motion_thresh,age_l,age_u,n,med_rsq,CI_95
0,10.0,13.0,16.0,10.0,0.72828115902,0.27389481662
