,motion_thresh,age_l,age_u,n,med_rsq,CI_95
0,12.0,6.0,9.0,240.0,0.933768403165,0.0571482672505
