,motion_thresh,age_l,age_u,n,med_rsq,CI_95
0,2.0,8.0,11.0,90.0,0.909315403108,0.0440796813027
