,motion_thresh,age_l,age_u,n,med_rsq,CI_95
0,12.0,12.0,15.0,140.0,0.974250225467,0.023877405574
