,motion_thresh,age_l,age_u,n,med_rsq,CI_95
0,12.0,15.0,18.0,70.0,0.960113599584,0.0377100057201
