,motion_thresh,age_l,age_u,n,med_rsq,CI_95
0,32.0,13.0,16.0,270.0,0.976980935381,0.0212448591566
