,motion_thresh,age_l,age_u,n,med_rsq,CI_95
0,48.0,6.0,9.0,80.0,0.940654748135,0.123196155818
