,motion_thresh,age_l,age_u,n,med_rsq,CI_95
0,38.0,7.0,10.0,100.0,0.962461729213,0.0544342758723
