,motion_thresh,age_l,age_u,n,med_rsq,CI_95
0,36.0,15.0,18.0,40.0,0.923497436502,0.126148585856
