,motion_thresh,age_l,age_u,n,med_rsq,CI_95
0,38.0,9.0,12.0,120.0,0.974624689785,0.035064448311
