,motion_thresh,age_l,age_u,n,med_rsq,CI_95
0,46.0,11.0,14.0,160.0,0.980656052521,0.0157986024622
