,motion_thresh,age_l,age_u,n,med_rsq,CI_95
0,28.0,9.0,12.0,200.0,0.973929342452,0.0337319648315
