,motion_thresh,age_l,age_u,n,med_rsq,CI_95
0,44.0,15.0,18.0,210.0,0.968470054189,0.0415180410117
