,motion_thresh,age_l,age_u,n,med_rsq,CI_95
0,48.0,6.0,9.0,120.0,0.937366920478,0.0975979795841
