,motion_thresh,age_l,age_u,n,med_rsq,CI_95
0,42.0,15.0,18.0,50.0,0.934957900233,0.0920054069099
