,motion_thresh,age_l,age_u,n,med_rsq,CI_95
0,44.0,14.0,17.0,260.0,0.975368413925,0.0222692687271
