,motion_thresh,age_l,age_u,n,med_rsq,CI_95
0,30.0,7.0,10.0,280.0,0.964945614538,0.0630159245092
