,motion_thresh,age_l,age_u,n,med_rsq,CI_95
0,50.0,7.0,10.0,160.0,0.967164025452,0.0401144192237
