,motion_thresh,age_l,age_u,n,med_rsq,CI_95
0,36.0,6.0,9.0,260.0,0.947630909138,0.0589515906148
