,motion_thresh,age_l,age_u,n,med_rsq,CI_95
0,16.0,9.0,12.0,50.0,0.936802940296,0.0702818546154
