,motion_thresh,age_l,age_u,n,med_rsq,CI_95
0,34.0,7.0,10.0,110.0,0.965054962474,0.0443670084876
