,motion_thresh,age_l,age_u,n,med_rsq,CI_95
0,28.0,12.0,15.0,10.0,0.715401317177,0.371479584285
