,motion_thresh,age_l,age_u,n,med_rsq,CI_95
0,12.0,15.0,18.0,110.0,0.959469747618,0.0271879845863
