,motion_thresh,age_l,age_u,n,med_rsq,CI_95
0,32.0,14.0,17.0,130.0,0.97518868269,0.0380847710253
