,motion_thresh,age_l,age_u,n,med_rsq,CI_95,med_icc,CI_95_icc
0,15.0,6.0,9.0,270.0,0.947655740771,0.0387618402921,0.973461562996,0.020148708271
