,motion_thresh,age_l,age_u,n,med_rsq,CI_95
0,40.0,7.0,10.0,140.0,0.963248838249,0.0417913110396
