,motion_thresh,age_l,age_u,n,med_rsq,CI_95
0,8.0,12.0,15.0,190.0,0.973305505718,0.0195795870303
