,motion_thresh,age_l,age_u,n,med_rsq,CI_95
0,14.0,15.0,18.0,150.0,0.95693788249,0.0598354392936
