,motion_thresh,age_l,age_u,n,med_rsq,CI_95
0,2.0,15.0,18.0,160.0,0.931202011766,0.0189140442804
