,motion_thresh,age_l,age_u,n,med_rsq,CI_95
0,30.0,6.0,9.0,230.0,0.945837150783,0.0484214107054
