,motion_thresh,age_l,age_u,n,med_rsq,CI_95
0,24.0,13.0,16.0,210.0,0.976296501327,0.0252095631885
