,motion_thresh,age_l,age_u,n,med_rsq,CI_95,med_icc,CI_95_icc
0,20.0,13.0,16.0,90.0,0.971917718292,0.051116766762,0.985715235464,0.0258523504126
