,motion_thresh,age_l,age_u,n,med_rsq,CI_95
0,36.0,13.0,16.0,180.0,0.976491728241,0.0201210642319
