,motion_thresh,age_l,age_u,n,med_rsq,CI_95
0,38.0,15.0,18.0,110.0,0.969206681906,0.0459560583993
