,motion_thresh,age_l,age_u,n,med_rsq,CI_95
0,34.0,11.0,14.0,200.0,0.978639760717,0.0212776578302
