,motion_thresh,age_l,age_u,n,med_rsq,CI_95
0,20.0,10.0,13.0,60.0,0.95085173357,0.0741137023791
