,motion_thresh,age_l,age_u,n,med_rsq,CI_95
0,38.0,12.0,15.0,80.0,0.963688389018,0.0527839497445
