,motion_thresh,age_l,age_u,n,med_rsq,CI_95
0,48.0,6.0,9.0,10.0,0.701344797573,0.44283000803
