,motion_thresh,age_l,age_u,n,med_rsq,CI_95
0,2.0,13.0,16.0,150.0,0.938760628693,0.0583789234137
