,motion_thresh,age_l,age_u,n,med_rsq,CI_95,med_icc,CI_95_icc
0,35.0,10.0,13.0,270.0,0.978152492585,0.0411225717246,0.988956635619,0.021286753656
