,motion_thresh,age_l,age_u,n,med_rsq,CI_95
0,12.0,9.0,12.0,100.0,0.967411564562,0.0239747274662
