,motion_thresh,age_l,age_u,n,med_rsq,CI_95
0,6.0,9.0,12.0,150.0,0.950563210882,0.0499742556383
