,motion_thresh,age_l,age_u,n,med_rsq,CI_95
0,48.0,7.0,10.0,110.0,0.966296823915,0.0401061275377
