,motion_thresh,age_l,age_u,n,med_rsq,CI_95
0,26.0,6.0,9.0,150.0,0.946384475202,0.0770872403023
