,motion_thresh,age_l,age_u,n,med_rsq,CI_95
0,24.0,7.0,10.0,60.0,0.949327162135,0.0765277161833
