,motion_thresh,age_l,age_u,n,med_rsq,CI_95
0,4.0,7.0,10.0,100.0,0.917328722399,0.0812274029962
