,motion_thresh,age_l,age_u,n,med_rsq,CI_95
0,34.0,12.0,15.0,170.0,0.978473596101,0.0233143824124
