,motion_thresh,age_l,age_u,n,med_rsq,CI_95
0,38.0,10.0,13.0,210.0,0.979111816348,0.0344401384371
