,motion_thresh,age_l,age_u,n,med_rsq,CI_95
0,12.0,15.0,18.0,60.0,0.948369888418,0.0779127716872
