,motion_thresh,age_l,age_u,n,med_rsq,CI_95
0,6.0,12.0,15.0,210.0,0.969343910343,0.0263645579632
