,motion_thresh,age_l,age_u,n,med_rsq,CI_95
0,48.0,8.0,11.0,50.0,0.935666586531,0.111704420125
