,motion_thresh,age_l,age_u,n,med_rsq,CI_95
0,36.0,7.0,10.0,20.0,0.851807067277,0.245528703538
