,motion_thresh,age_l,age_u,n,med_rsq,CI_95
0,24.0,15.0,18.0,290.0,0.964991198733,0.0558101645594
