,motion_thresh,age_l,age_u,n,med_rsq,CI_95,med_icc,CI_95_icc
0,10.0,12.0,15.0,300.0,0.977378820838,0.021050127466,0.988465219484,0.0108008647986
