,motion_thresh,age_l,age_u,n,med_rsq,CI_95
0,2.0,7.0,10.0,100.0,0.867455492231,0.0881452474307
