,motion_thresh,age_l,age_u,n,med_rsq,CI_95,med_icc,CI_95_icc
0,20.0,10.0,13.0,210.0,0.975149172448,0.0325343263423,0.987327292417,0.0162802598501
