,motion_thresh,age_l,age_u,n,med_rsq,CI_95
0,2.0,14.0,17.0,10.0,0.732529872318,0.13172490273
