,motion_thresh,age_l,age_u,n,med_rsq,CI_95,med_icc,CI_95_icc
0,50.0,8.0,11.0,180.0,0.976258362194,0.0345740007672,0.98796381524,0.0179649191933
