,motion_thresh,age_l,age_u,n,med_rsq,CI_95,med_icc,CI_95_icc
0,50.0,12.0,15.0,90.0,0.969459042746,0.0428439065677,0.984905945344,0.020599210036
