,motion_thresh,age_l,age_u,n,med_rsq,CI_95
0,22.0,15.0,18.0,140.0,0.963395483329,0.0499285762406
