,motion_thresh,age_l,age_u,n,med_rsq,CI_95
0,2.0,8.0,11.0,250.0,0.909489702853,0.0542751140177
