,motion_thresh,age_l,age_u,n,med_rsq,CI_95
0,48.0,15.0,18.0,250.0,0.96852525612,0.0542543075581
