,motion_thresh,age_l,age_u,n,med_rsq,CI_95
0,6.0,13.0,16.0,70.0,0.959195294226,0.0437563865362
