,motion_thresh,age_l,age_u,n,med_rsq,CI_95
0,50.0,13.0,16.0,110.0,0.972102633288,0.0376108197044
