,motion_thresh,age_l,age_u,n,med_rsq,CI_95
0,20.0,15.0,18.0,230.0,0.959500799537,0.0620593817912
