,motion_thresh,age_l,age_u,n,med_rsq,CI_95
0,6.0,11.0,14.0,70.0,0.957049530662,0.0432844385838
