,motion_thresh,age_l,age_u,n,med_rsq,CI_95
0,24.0,11.0,14.0,240.0,0.978213259122,0.0259077387104
