,motion_thresh,age_l,age_u,n,med_rsq,CI_95,med_icc,CI_95_icc
0,35.0,10.0,13.0,120.0,0.978988348675,0.0379793828298,0.989508277533,0.0180628993506
