,motion_thresh,age_l,age_u,n,med_rsq,CI_95
0,24.0,12.0,15.0,150.0,0.978525892916,0.0216512487848
