,motion_thresh,age_l,age_u,n,med_rsq,CI_95
0,38.0,15.0,18.0,120.0,0.970227267071,0.0392229155896
