,motion_thresh,age_l,age_u,n,med_rsq,CI_95
0,44.0,10.0,13.0,40.0,0.921934182668,0.104113583568
