,motion_thresh,age_l,age_u,n,med_rsq,CI_95
0,44.0,14.0,17.0,170.0,0.97586510206,0.0165132795814
