,motion_thresh,age_l,age_u,n,med_rsq,CI_95
0,28.0,7.0,10.0,210.0,0.93963563349,0.111059352465
