,motion_thresh,age_l,age_u,n,med_rsq,CI_95
0,44.0,14.0,17.0,280.0,0.976780521123,0.0244952955179
