,motion_thresh,age_l,age_u,n,med_rsq,CI_95
0,48.0,9.0,12.0,280.0,0.977678237193,0.0296805622693
