,motion_thresh,age_l,age_u,n,med_rsq,CI_95
0,44.0,12.0,15.0,20.0,0.859917188056,0.217757856774
