,motion_thresh,age_l,age_u,n,med_rsq,CI_95
0,30.0,15.0,18.0,270.0,0.968223025003,0.0307082149834
