,motion_thresh,age_l,age_u,n,med_rsq,CI_95
0,44.0,8.0,11.0,280.0,0.97415002786,0.0337114817621
