,motion_thresh,age_l,age_u,n,med_rsq,CI_95
0,38.0,12.0,15.0,180.0,0.980081139215,0.0214334767727
