,motion_thresh,age_l,age_u,n,med_rsq,CI_95
0,32.0,13.0,16.0,220.0,0.977794969349,0.0216794588662
