,motion_thresh,age_l,age_u,n,med_rsq,CI_95
0,22.0,10.0,13.0,110.0,0.971281366301,0.0355794824214
