,motion_thresh,age_l,age_u,n,med_rsq,CI_95
0,26.0,12.0,15.0,60.0,0.949022768235,0.0774147136341
