,motion_thresh,age_l,age_u,n,med_rsq,CI_95
0,4.0,8.0,11.0,200.0,0.93189821963,0.0685453461653
