,motion_thresh,age_l,age_u,n,med_rsq,CI_95
0,34.0,15.0,18.0,70.0,0.957781993853,0.0448537778936
