,motion_thresh,age_l,age_u,n,med_rsq,CI_95
0,2.0,7.0,10.0,170.0,0.880395171048,0.164693985765
