,motion_thresh,age_l,age_u,n,med_rsq,CI_95
0,2.0,7.0,10.0,40.0,0.878313015645,0.160511675798
