,motion_thresh,age_l,age_u,n,med_rsq,CI_95,med_icc,CI_95_icc
0,30.0,12.0,15.0,150.0,0.979882847769,0.0287283480382,0.989987339361,0.0144478968574
