,motion_thresh,age_l,age_u,n,med_rsq,CI_95
0,10.0,9.0,12.0,100.0,0.964393568473,0.0241904843499
