,motion_thresh,age_l,age_u,n,med_rsq,CI_95
0,24.0,8.0,11.0,80.0,0.962028142236,0.0491794716632
