,motion_thresh,age_l,age_u,n,med_rsq,CI_95
0,4.0,15.0,18.0,170.0,0.942337505652,0.0331244704598
