,motion_thresh,age_l,age_u,n,med_rsq,CI_95
0,4.0,7.0,10.0,40.0,0.91757833753,0.0883324381084
