,motion_thresh,age_l,age_u,n,med_rsq,CI_95
0,2.0,8.0,11.0,80.0,0.90629512485,0.0632296537266
