,motion_thresh,age_l,age_u,n,med_rsq,CI_95
0,26.0,7.0,10.0,280.0,0.930108703373,0.142661626728
