,motion_thresh,age_l,age_u,n,med_rsq,CI_95
0,2.0,6.0,9.0,180.0,0.856241599246,0.10176835031
