,motion_thresh,age_l,age_u,n,med_rsq,CI_95
0,50.0,8.0,11.0,110.0,0.968553376523,0.0404295330163
