,motion_thresh,age_l,age_u,n,med_rsq,CI_95
0,18.0,13.0,16.0,150.0,0.97307380064,0.0362702062463
