,motion_thresh,age_l,age_u,n,med_rsq,CI_95
0,4.0,13.0,16.0,90.0,0.964004861813,0.0154738629226
