,motion_thresh,age_l,age_u,n,med_rsq,CI_95,med_icc,CI_95_icc
0,40.0,12.0,15.0,180.0,0.981537222912,0.0369137840841,0.990815611779,0.0187174428973
