,motion_thresh,age_l,age_u,n,med_rsq,CI_95
0,8.0,11.0,14.0,270.0,0.969665309599,0.0391114686459
