,motion_thresh,age_l,age_u,n,med_rsq,CI_95
0,14.0,10.0,13.0,200.0,0.974168600818,0.0200317537548
