,motion_thresh,age_l,age_u,n,med_rsq,CI_95
0,12.0,8.0,11.0,40.0,0.920481749457,0.0918056889465
