,motion_thresh,age_l,age_u,n,med_rsq,CI_95,med_icc,CI_95_icc
0,50.0,13.0,16.0,60.0,0.953395883331,0.0701501259644,0.977053768438,0.0357280852996
