,motion_thresh,age_l,age_u,n,med_rsq,CI_95
0,48.0,15.0,18.0,270.0,0.967698250303,0.0515810670511
