,motion_thresh,age_l,age_u,n,med_rsq,CI_95
0,16.0,13.0,16.0,80.0,0.962121460182,0.0464192093298
