,motion_thresh,age_l,age_u,n,med_rsq,CI_95
0,18.0,11.0,14.0,100.0,0.97135752815,0.0495308133802
