,motion_thresh,age_l,age_u,n,med_rsq,CI_95
0,10.0,6.0,9.0,20.0,0.845287056082,0.18878754653
