,motion_thresh,age_l,age_u,n,med_rsq,CI_95
0,4.0,13.0,16.0,40.0,0.928781925551,0.0566975908538
