,motion_thresh,age_l,age_u,n,med_rsq,CI_95
0,6.0,14.0,17.0,80.0,0.963043727222,0.0250442851628
