,motion_thresh,age_l,age_u,n,med_rsq,CI_95
0,2.0,13.0,16.0,30.0,0.905196350324,0.0938474844097
