,motion_thresh,age_l,age_u,n,med_rsq,CI_95
0,20.0,7.0,10.0,160.0,0.962049647366,0.0433973862075
