,motion_thresh,age_l,age_u,n,med_rsq,CI_95
0,40.0,13.0,16.0,170.0,0.976586875483,0.0294501990337
