,motion_thresh,age_l,age_u,n,med_rsq,CI_95,med_icc,CI_95_icc
0,45.0,11.0,14.0,150.0,0.982957522889,0.019686740794,0.991421003194,0.0101264922675
