,motion_thresh,age_l,age_u,n,med_rsq,CI_95
0,40.0,15.0,18.0,210.0,0.968760840042,0.0394613279848
