,motion_thresh,age_l,age_u,n,med_rsq,CI_95
0,36.0,8.0,11.0,180.0,0.973577697035,0.026227694959
