,motion_thresh,age_l,age_u,n,med_rsq,CI_95
0,4.0,11.0,14.0,120.0,0.963203086168,0.0173150556303
