,motion_thresh,age_l,age_u,n,med_rsq,CI_95,med_icc,CI_95_icc
0,30.0,7.0,10.0,60.0,0.955620246724,0.062930186003,0.97805834217,0.0316294680223
