,motion_thresh,age_l,age_u,n,med_rsq,CI_95
0,46.0,11.0,14.0,60.0,0.948714163242,0.0679983614563
