,motion_thresh,age_l,age_u,n,med_rsq,CI_95,med_icc,CI_95_icc
0,45.0,13.0,16.0,90.0,0.970893178591,0.0348849294571,0.985507248529,0.0172127494675
