,motion_thresh,age_l,age_u,n,med_rsq,CI_95
0,22.0,7.0,10.0,260.0,0.962428362876,0.0612956632171
