,motion_thresh,age_l,age_u,n,med_rsq,CI_95
0,4.0,13.0,16.0,190.0,0.962086995623,0.0165585083916
