,motion_thresh,age_l,age_u,n,med_rsq,CI_95,med_icc,CI_95_icc
0,25.0,9.0,12.0,300.0,0.978351897558,0.0201000068462,0.989196334075,0.00969075969295
