,motion_thresh,age_l,age_u,n,med_rsq,CI_95
0,44.0,13.0,16.0,130.0,0.975717394256,0.0399039850738
