,motion_thresh,age_l,age_u,n,med_rsq,CI_95,med_icc,CI_95_icc
0,35.0,15.0,18.0,240.0,0.972235574213,0.0429309597289,0.98589454967,0.0219646614206
