,motion_thresh,age_l,age_u,n,med_rsq,CI_95
0,32.0,11.0,14.0,20.0,0.850894987289,0.203120786054
