,motion_thresh,age_l,age_u,n,med_rsq,CI_95
0,30.0,12.0,15.0,200.0,0.978803836976,0.0385899903902
