,motion_thresh,age_l,age_u,n,med_rsq,CI_95
0,36.0,10.0,13.0,60.0,0.948874132809,0.0675073412706
