,motion_thresh,age_l,age_u,n,med_rsq,CI_95
0,24.0,8.0,11.0,260.0,0.965753871935,0.0538607181159
