,motion_thresh,age_l,age_u,n,med_rsq,CI_95
0,28.0,13.0,16.0,10.0,0.713957228516,0.355357200584
