,motion_thresh,age_l,age_u,n,med_rsq,CI_95,med_icc,CI_95_icc
0,5.0,8.0,11.0,150.0,0.953601541356,0.0454478372712,0.976897696392,0.02309453043
