,motion_thresh,age_l,age_u,n,med_rsq,CI_95
0,14.0,7.0,10.0,110.0,0.956654685926,0.0604007398779
