,motion_thresh,age_l,age_u,n,med_rsq,CI_95
0,36.0,9.0,12.0,250.0,0.977080199843,0.0192414268698
