,motion_thresh,age_l,age_u,n,med_rsq,CI_95
0,48.0,10.0,13.0,10.0,0.72583566775,0.362721918889
