,motion_thresh,age_l,age_u,n,med_rsq,CI_95,med_icc,CI_95_icc
0,15.0,8.0,11.0,60.0,0.955003979006,0.0559135579208,0.977408311164,0.0269546081364
