,motion_thresh,age_l,age_u,n,med_rsq,CI_95
0,14.0,8.0,11.0,30.0,0.898249113559,0.138582052182
