,motion_thresh,age_l,age_u,n,med_rsq,CI_95
0,32.0,10.0,13.0,130.0,0.975868747425,0.035056531592
