,motion_thresh,age_l,age_u,n,med_rsq,CI_95
0,32.0,8.0,11.0,60.0,0.946720633612,0.065433738271
