,motion_thresh,age_l,age_u,n,med_rsq,CI_95
0,38.0,7.0,10.0,80.0,0.961024209313,0.0614830342453
