,motion_thresh,age_l,age_u,n,med_rsq,CI_95
0,36.0,9.0,12.0,260.0,0.97756696034,0.027618356405
