,motion_thresh,age_l,age_u,n,med_rsq,CI_95,med_icc,CI_95_icc
0,40.0,14.0,17.0,240.0,0.973717040393,0.0520346249832,0.986791206203,0.0245910627402
