,motion_thresh,age_l,age_u,n,med_rsq,CI_95
0,6.0,6.0,9.0,10.0,0.739382775193,0.142034322565
