,motion_thresh,age_l,age_u,n,med_rsq,CI_95
0,12.0,14.0,17.0,190.0,0.966777917909,0.038891838641
