,motion_thresh,age_l,age_u,n,med_rsq,CI_95
0,20.0,14.0,17.0,110.0,0.972134646328,0.0541275865486
