,motion_thresh,age_l,age_u,n,med_rsq,CI_95
0,42.0,8.0,11.0,280.0,0.974539460967,0.0218366481736
