,motion_thresh,age_l,age_u,n,med_rsq,CI_95
0,2.0,13.0,16.0,60.0,0.935885373597,0.0391259288435
