,motion_thresh,age_l,age_u,n,med_rsq,CI_95
0,20.0,7.0,10.0,180.0,0.963212990962,0.0380649923626
