,motion_thresh,age_l,age_u,n,med_rsq,CI_95
0,12.0,12.0,15.0,30.0,0.904133123421,0.0914325708959
