,motion_thresh,age_l,age_u,n,med_rsq,CI_95
0,12.0,8.0,11.0,220.0,0.954783232638,0.0585809269658
