,motion_thresh,age_l,age_u,n,med_rsq,CI_95,med_icc,CI_95_icc
0,20.0,15.0,18.0,30.0,0.906350609273,0.128914445586,0.953240102624,0.0604185796864
