,motion_thresh,age_l,age_u,n,med_rsq,CI_95
0,6.0,10.0,13.0,40.0,0.925325441984,0.0913306793189
