,motion_thresh,age_l,age_u,n,med_rsq,CI_95
0,10.0,10.0,13.0,180.0,0.969194670678,0.0262197295487
