,motion_thresh,age_l,age_u,n,med_rsq,CI_95
0,14.0,13.0,16.0,260.0,0.975029886856,0.0233893665734
