,motion_thresh,age_l,age_u,n,med_rsq,CI_95
0,20.0,13.0,16.0,40.0,0.928013777457,0.0626631354785
