,motion_thresh,age_l,age_u,n,med_rsq,CI_95
0,38.0,13.0,16.0,140.0,0.971651626919,0.0467950587752
