,motion_thresh,age_l,age_u,n,med_rsq,CI_95
0,46.0,15.0,18.0,110.0,0.967869949641,0.040110447314
