,motion_thresh,age_l,age_u,n,med_rsq,CI_95
0,32.0,6.0,9.0,290.0,0.944585259865,0.0537318806685
