,motion_thresh,age_l,age_u,n,med_rsq,CI_95
0,12.0,6.0,9.0,190.0,0.934472088258,0.0671346772847
