,motion_thresh,age_l,age_u,n,med_rsq,CI_95
0,8.0,11.0,14.0,160.0,0.969085610993,0.0302693439812
