,motion_thresh,age_l,age_u,n,med_rsq,CI_95,med_icc,CI_95_icc
0,40.0,7.0,10.0,270.0,0.969318342305,0.0290994321399,0.984978613105,0.0147263037977
