,motion_thresh,age_l,age_u,n,med_rsq,CI_95
0,24.0,11.0,14.0,20.0,0.846595798985,0.160383392829
