,motion_thresh,age_l,age_u,n,med_rsq,CI_95,med_icc,CI_95_icc
0,25.0,11.0,14.0,150.0,0.981686967741,0.0173208146085,0.990736155686,0.00851702797222
