,motion_thresh,age_l,age_u,n,med_rsq,CI_95
0,28.0,10.0,13.0,290.0,0.96568589141,0.0626322292752
