,motion_thresh,age_l,age_u,n,med_rsq,CI_95
0,4.0,8.0,11.0,90.0,0.937551206419,0.0712929229768
