,motion_thresh,age_l,age_u,n,med_rsq,CI_95
0,28.0,12.0,15.0,180.0,0.977867280349,0.0185987840204
