,motion_thresh,age_l,age_u,n,med_rsq,CI_95
0,18.0,7.0,10.0,200.0,0.957206455775,0.0559838251935
