,motion_thresh,age_l,age_u,n,med_rsq,CI_95
0,20.0,7.0,10.0,280.0,0.962763739631,0.0416339449289
