,motion_thresh,age_l,age_u,n,med_rsq,CI_95
0,4.0,12.0,15.0,30.0,0.899454373107,0.0699941782483
