,motion_thresh,age_l,age_u,n,med_rsq,CI_95
0,2.0,14.0,17.0,270.0,0.947122155991,0.0518209418392
