,motion_thresh,age_l,age_u,n,med_rsq,CI_95
0,12.0,7.0,10.0,180.0,0.952224674231,0.054009816968
