,motion_thresh,age_l,age_u,n,med_rsq,CI_95
0,38.0,12.0,15.0,130.0,0.976190256249,0.0429897864459
