,motion_thresh,age_l,age_u,n,med_rsq,CI_95
0,4.0,6.0,9.0,270.0,0.904268867874,0.0522353949008
