,motion_thresh,age_l,age_u,n,med_rsq,CI_95
0,20.0,6.0,9.0,250.0,0.939382597581,0.0631836894832
