,motion_thresh,age_l,age_u,n,med_rsq,CI_95
0,18.0,12.0,15.0,240.0,0.976028878376,0.0255667844117
