,motion_thresh,age_l,age_u,n,med_rsq,CI_95
0,44.0,9.0,12.0,150.0,0.978244773192,0.0243880897746
