,motion_thresh,age_l,age_u,n,med_rsq,CI_95
0,42.0,8.0,11.0,270.0,0.974416301799,0.0199843909349
