,motion_thresh,age_l,age_u,n,med_rsq,CI_95
0,6.0,6.0,9.0,140.0,0.897439060754,0.0511580734169
