,motion_thresh,age_l,age_u,n,med_rsq,CI_95
0,20.0,15.0,18.0,220.0,0.961693143361,0.0536304424758
