,motion_thresh,age_l,age_u,n,med_rsq,CI_95
0,22.0,10.0,13.0,140.0,0.974529570814,0.0355985335501
