,motion_thresh,age_l,age_u,n,med_rsq,CI_95
0,6.0,13.0,16.0,270.0,0.969370631534,0.0265592880221
