,motion_thresh,age_l,age_u,n,med_rsq,CI_95
0,8.0,7.0,10.0,140.0,0.940395370888,0.0577467980585
