,motion_thresh,age_l,age_u,n,med_rsq,CI_95
0,8.0,15.0,18.0,60.0,0.946733674583,0.0660059848491
