,motion_thresh,age_l,age_u,n,med_rsq,CI_95
0,6.0,11.0,14.0,270.0,0.970600457824,0.0181208019596
