,motion_thresh,age_l,age_u,n,med_rsq,CI_95
0,48.0,15.0,18.0,230.0,0.970464807645,0.0424892037753
