,motion_thresh,age_l,age_u,n,med_rsq,CI_95
0,2.0,14.0,17.0,200.0,0.942696652366,0.0414564152594
