,motion_thresh,age_l,age_u,n,med_rsq,CI_95
0,46.0,12.0,15.0,250.0,0.980189173055,0.0253936386307
