,motion_thresh,age_l,age_u,n,med_rsq,CI_95
0,48.0,13.0,16.0,80.0,0.96084309294,0.0511895396924
