,motion_thresh,age_l,age_u,n,med_rsq,CI_95
0,44.0,12.0,15.0,100.0,0.969935125945,0.0311008873144
