,motion_thresh,age_l,age_u,n,med_rsq,CI_95,med_icc,CI_95_icc
0,5.0,8.0,11.0,30.0,0.906825215321,0.138750474557,0.953377740661,0.0668320816979
