,motion_thresh,age_l,age_u,n,med_rsq,CI_95
0,36.0,11.0,14.0,90.0,0.967893842496,0.0390039589112
