,motion_thresh,age_l,age_u,n,med_rsq,CI_95
0,8.0,12.0,15.0,240.0,0.972016928112,0.024221440615
