,motion_thresh,age_l,age_u,n,med_rsq,CI_95,med_icc,CI_95_icc
0,20.0,13.0,16.0,60.0,0.955930375048,0.056315888846,0.977688277565,0.0268183533903
