,motion_thresh,age_l,age_u,n,med_rsq,CI_95
0,16.0,12.0,15.0,120.0,0.974824701526,0.0264625929084
