,motion_thresh,age_l,age_u,n,med_rsq,CI_95
0,30.0,7.0,10.0,120.0,0.962484878866,0.0483300346924
