,motion_thresh,age_l,age_u,n,med_rsq,CI_95
0,22.0,14.0,17.0,290.0,0.966708969852,0.0506430379926
