,motion_thresh,age_l,age_u,n,med_rsq,CI_95
0,30.0,6.0,9.0,270.0,0.946516339737,0.0506399498927
