,motion_thresh,age_l,age_u,n,med_rsq,CI_95
0,8.0,13.0,16.0,270.0,0.971821284406,0.0204988324023
