,motion_thresh,age_l,age_u,n,med_rsq,CI_95
0,46.0,12.0,15.0,230.0,0.981489495929,0.0211732776431
