,motion_thresh,age_l,age_u,n,med_rsq,CI_95
0,48.0,11.0,14.0,70.0,0.957498876271,0.0844894196107
