,motion_thresh,age_l,age_u,n,med_rsq,CI_95,med_icc,CI_95_icc
0,40.0,14.0,17.0,120.0,0.975689479702,0.0309994192165,0.987843588805,0.0150354132027
