,motion_thresh,age_l,age_u,n,med_rsq,CI_95
0,46.0,6.0,9.0,50.0,0.937919405231,0.111531604379
