,motion_thresh,age_l,age_u,n,med_rsq,CI_95
0,10.0,8.0,11.0,290.0,0.956676762887,0.0382748536376
