,motion_thresh,age_l,age_u,n,med_rsq,CI_95
0,8.0,14.0,17.0,60.0,0.950601085267,0.0453037948734
