,motion_thresh,age_l,age_u,n,med_rsq,CI_95,med_icc,CI_95_icc
0,10.0,10.0,13.0,300.0,0.973222736103,0.0196552109386,0.98672048307,0.00964068443142
