,motion_thresh,age_l,age_u,n,med_rsq,CI_95,med_icc,CI_95_icc
0,5.0,12.0,15.0,90.0,0.970753964465,0.0208673095992,0.985481220368,0.0105356954274
