,motion_thresh,age_l,age_u,n,med_rsq,CI_95,med_icc,CI_95_icc
0,45.0,8.0,11.0,210.0,0.978663230058,0.0215506301686,0.989602207288,0.0109675798663
