,motion_thresh,age_l,age_u,n,med_rsq,CI_95,med_icc,CI_95_icc
0,25.0,12.0,15.0,120.0,0.979211046134,0.0326431264501,0.989661184832,0.0158073131822
