,motion_thresh,age_l,age_u,n,med_rsq,CI_95
0,46.0,7.0,10.0,150.0,0.965041206657,0.0316104363898
