,motion_thresh,age_l,age_u,n,med_rsq,CI_95,med_icc,CI_95_icc
0,15.0,6.0,9.0,60.0,0.942845532216,0.0686883830935,0.971138817533,0.0338007464989
