,motion_thresh,age_l,age_u,n,med_rsq,CI_95
0,46.0,6.0,9.0,30.0,0.887821451972,0.199621082388
