,motion_thresh,age_l,age_u,n,med_rsq,CI_95,med_icc,CI_95_icc
0,20.0,8.0,11.0,270.0,0.963754410914,0.0621519471669,0.982211444533,0.0291971019766
