,motion_thresh,age_l,age_u,n,med_rsq,CI_95
0,6.0,11.0,14.0,170.0,0.970283662464,0.0191078642633
