,motion_thresh,age_l,age_u,n,med_rsq,CI_95
0,40.0,9.0,12.0,210.0,0.976700214699,0.03477369729
