,motion_thresh,age_l,age_u,n,med_rsq,CI_95,med_icc,CI_95_icc
0,45.0,9.0,12.0,60.0,0.9543308565,0.0866089980664,0.97701419201,0.0392085390269
