,motion_thresh,age_l,age_u,n,med_rsq,CI_95
0,42.0,10.0,13.0,260.0,0.972267344954,0.0560110470833
