,motion_thresh,age_l,age_u,n,med_rsq,CI_95
0,42.0,13.0,16.0,70.0,0.958455686671,0.0515937930509
