,motion_thresh,age_l,age_u,n,med_rsq,CI_95
0,24.0,14.0,17.0,10.0,0.731011052133,0.393711312447
