,motion_thresh,age_l,age_u,n,med_rsq,CI_95
0,6.0,14.0,17.0,240.0,0.960900246136,0.00927268133882
