,motion_thresh,age_l,age_u,n,med_rsq,CI_95
0,20.0,13.0,16.0,260.0,0.975637147892,0.0215184099228
