,motion_thresh,age_l,age_u,n,med_rsq,CI_95
0,10.0,6.0,9.0,150.0,0.9272139515,0.0689928609428
