,motion_thresh,age_l,age_u,n,med_rsq,CI_95,med_icc,CI_95_icc
0,30.0,11.0,14.0,60.0,0.955798099195,0.0757752258918,0.977842804094,0.0357005286085
