,motion_thresh,age_l,age_u,n,med_rsq,CI_95
0,26.0,11.0,14.0,20.0,0.859660005106,0.257116946017
