,motion_thresh,age_l,age_u,n,med_rsq,CI_95
0,8.0,15.0,18.0,180.0,0.951777823874,0.057909297627
