,motion_thresh,age_l,age_u,n,med_rsq,CI_95
0,4.0,11.0,14.0,250.0,0.962872159472,0.0190441103026
