,motion_thresh,age_l,age_u,n,med_rsq,CI_95
0,40.0,12.0,15.0,280.0,0.979055009825,0.028423118363
