,motion_thresh,age_l,age_u,n,med_rsq,CI_95
0,12.0,6.0,9.0,180.0,0.933293515927,0.0628287248548
