,motion_thresh,age_l,age_u,n,med_rsq,CI_95
0,30.0,10.0,13.0,280.0,0.977737623371,0.0367489193551
