,motion_thresh,age_l,age_u,n,med_rsq,CI_95,med_icc,CI_95_icc
0,35.0,9.0,12.0,30.0,0.912414825021,0.116240978446,0.95672791712,0.0495247965394
