,motion_thresh,age_l,age_u,n,med_rsq,CI_95
0,26.0,14.0,17.0,20.0,0.857345949994,0.175020471294
