,motion_thresh,age_l,age_u,n,med_rsq,CI_95
0,12.0,14.0,17.0,290.0,0.966559777138,0.0373723030604
