,motion_thresh,age_l,age_u,n,med_rsq,CI_95
0,28.0,7.0,10.0,90.0,0.951629315695,0.08217177925
