,motion_thresh,age_l,age_u,n,med_rsq,CI_95
0,46.0,11.0,14.0,190.0,0.981743700847,0.0254198787122
