,motion_thresh,age_l,age_u,n,med_rsq,CI_95
0,44.0,6.0,9.0,210.0,0.94917572879,0.0752706690904
