,motion_thresh,age_l,age_u,n,med_rsq,CI_95
0,18.0,7.0,10.0,300.0,0.956911580324,0.0558592945671
