,motion_thresh,age_l,age_u,n,med_rsq,CI_95
0,48.0,15.0,18.0,160.0,0.969208284683,0.048738278435
