,motion_thresh,age_l,age_u,n,med_rsq,CI_95,med_icc,CI_95_icc
0,45.0,13.0,16.0,60.0,0.955716931049,0.0559629866091,0.977922498586,0.0285810822683
