,motion_thresh,age_l,age_u,n,med_rsq,CI_95
0,50.0,6.0,9.0,10.0,0.684369567553,0.674138937101
