,motion_thresh,age_l,age_u,n,med_rsq,CI_95
0,40.0,6.0,9.0,190.0,0.950063169802,0.0430781964549
