,motion_thresh,age_l,age_u,n,med_rsq,CI_95
0,22.0,14.0,17.0,280.0,0.967398162273,0.0652741047268
