,motion_thresh,age_l,age_u,n,med_rsq,CI_95
0,38.0,13.0,16.0,100.0,0.969166969346,0.0395409173799
