,motion_thresh,age_l,age_u,n,med_rsq,CI_95
0,2.0,14.0,17.0,60.0,0.946301979453,0.0428183288315
