,motion_thresh,age_l,age_u,n,med_rsq,CI_95
0,44.0,10.0,13.0,90.0,0.968076271425,0.0445125728064
