,motion_thresh,age_l,age_u,n,med_rsq,CI_95
0,12.0,8.0,11.0,190.0,0.956201898028,0.0664165846569
