,motion_thresh,age_l,age_u,n,med_rsq,CI_95
0,2.0,11.0,14.0,120.0,0.94692870357,0.0218710427744
