,motion_thresh,age_l,age_u,n,med_rsq,CI_95
0,18.0,15.0,18.0,280.0,0.954281097506,0.0956729804887
