,motion_thresh,age_l,age_u,n,med_rsq,CI_95
0,40.0,7.0,10.0,180.0,0.96307931507,0.0343879200461
