,motion_thresh,age_l,age_u,n,med_rsq,CI_95
0,34.0,7.0,10.0,20.0,0.844427987307,0.245866267021
