,motion_thresh,age_l,age_u,n,med_rsq,CI_95
0,34.0,14.0,17.0,300.0,0.973205248623,0.0383779495265
