,motion_thresh,age_l,age_u,n,med_rsq,CI_95
0,28.0,14.0,17.0,170.0,0.972508721974,0.0291319276435
