,motion_thresh,age_l,age_u,n,med_rsq,CI_95,med_icc,CI_95_icc
0,30.0,6.0,9.0,150.0,0.952456352542,0.045663523614,0.976507187981,0.0228040995814
