,motion_thresh,age_l,age_u,n,med_rsq,CI_95
0,6.0,6.0,9.0,40.0,0.897496862184,0.041611185819
