,motion_thresh,age_l,age_u,n,med_rsq,CI_95
0,46.0,8.0,11.0,180.0,0.9740429304,0.0290649447004
