,motion_thresh,age_l,age_u,n,med_rsq,CI_95
0,18.0,13.0,16.0,140.0,0.974018879282,0.0256861672533
