,motion_thresh,age_l,age_u,n,med_rsq,CI_95
0,4.0,13.0,16.0,130.0,0.964381551188,0.0257314271115
