,motion_thresh,age_l,age_u,n,med_rsq,CI_95
0,4.0,13.0,16.0,70.0,0.957653558626,0.0431633623496
