,motion_thresh,age_l,age_u,n,med_rsq,CI_95
0,16.0,9.0,12.0,40.0,0.92051760666,0.113172658123
