,motion_thresh,age_l,age_u,n,med_rsq,CI_95
0,44.0,8.0,11.0,200.0,0.974002937704,0.0267822454652
