,motion_thresh,age_l,age_u,n,med_rsq,CI_95
0,42.0,8.0,11.0,200.0,0.974332160129,0.028769021491
