,motion_thresh,age_l,age_u,n,med_rsq,CI_95
0,28.0,14.0,17.0,50.0,0.937522770235,0.0903900109151
