,motion_thresh,age_l,age_u,n,med_rsq,CI_95
0,12.0,9.0,12.0,240.0,0.966674822258,0.0346363147737
