,motion_thresh,age_l,age_u,n,med_rsq,CI_95
0,14.0,15.0,18.0,230.0,0.958525663061,0.0336156075199
