,motion_thresh,age_l,age_u,n,med_rsq,CI_95
0,6.0,13.0,16.0,20.0,0.851914134661,0.122147448438
