,motion_thresh,age_l,age_u,n,med_rsq,CI_95
0,40.0,14.0,17.0,50.0,0.938995877384,0.0790528987363
