,motion_thresh,age_l,age_u,n,med_rsq,CI_95
0,34.0,12.0,15.0,290.0,0.979674477314,0.0236167895351
