,motion_thresh,age_l,age_u,n,med_rsq,CI_95
0,18.0,6.0,9.0,10.0,0.727150932597,0.431768428513
