,motion_thresh,age_l,age_u,n,med_rsq,CI_95
0,8.0,8.0,11.0,50.0,0.939172867605,0.0516398045077
