,motion_thresh,age_l,age_u,n,med_rsq,CI_95
0,50.0,10.0,13.0,260.0,0.977584778989,0.0355311636236
