,motion_thresh,age_l,age_u,n,med_rsq,CI_95
0,18.0,14.0,17.0,150.0,0.966946466857,0.0508089918047
