,motion_thresh,age_l,age_u,n,med_rsq,CI_95
0,18.0,13.0,16.0,200.0,0.973499043257,0.027953840794
