,motion_thresh,age_l,age_u,n,med_rsq,CI_95
0,44.0,15.0,18.0,190.0,0.96813166152,0.0377803323381
