,motion_thresh,age_l,age_u,n,med_rsq,CI_95,med_icc,CI_95_icc
0,30.0,12.0,15.0,30.0,0.911877653703,0.130851424278,0.95611933229,0.0562526946723
