,motion_thresh,age_l,age_u,n,med_rsq,CI_95
0,8.0,6.0,9.0,10.0,0.715272261253,0.273683875013
