,motion_thresh,age_l,age_u,n,med_rsq,CI_95
0,26.0,7.0,10.0,70.0,0.954809571931,0.0984745112876
