,motion_thresh,age_l,age_u,n,med_rsq,CI_95,med_icc,CI_95_icc
0,50.0,9.0,12.0,240.0,0.982361528452,0.0269071606462,0.991118510281,0.0136228455689
