,motion_thresh,age_l,age_u,n,med_rsq,CI_95
0,8.0,8.0,11.0,270.0,0.952991628255,0.0563806791381
