,motion_thresh,age_l,age_u,n,med_rsq,CI_95
0,10.0,8.0,11.0,210.0,0.959600464741,0.0255543673221
