,motion_thresh,age_l,age_u,n,med_rsq,CI_95
0,6.0,6.0,9.0,300.0,0.898998121865,0.0807506300324
