,motion_thresh,age_l,age_u,n,med_rsq,CI_95
0,34.0,11.0,14.0,290.0,0.979770354923,0.0241086526739
