,motion_thresh,age_l,age_u,n,med_rsq,CI_95
0,48.0,7.0,10.0,290.0,0.967035473041,0.0384511838062
