,motion_thresh,age_l,age_u,n,med_rsq,CI_95
0,34.0,8.0,11.0,230.0,0.974349324913,0.026234269883
