,motion_thresh,age_l,age_u,n,med_rsq,CI_95
0,46.0,8.0,11.0,250.0,0.975219329034,0.0317275380344
