,motion_thresh,age_l,age_u,n,med_rsq,CI_95
0,24.0,10.0,13.0,290.0,0.972051541087,0.0506810440082
