,motion_thresh,age_l,age_u,n,med_rsq,CI_95
0,48.0,10.0,13.0,270.0,0.97992719826,0.0267898511433
