,motion_thresh,age_l,age_u,n,med_rsq,CI_95
0,44.0,7.0,10.0,100.0,0.96438553489,0.041284723607
