,motion_thresh,age_l,age_u,n,med_rsq,CI_95
0,50.0,14.0,17.0,140.0,0.974980271705,0.027599190172
