,motion_thresh,age_l,age_u,n,med_rsq,CI_95
0,34.0,13.0,16.0,80.0,0.962381081365,0.0447953817872
