,motion_thresh,age_l,age_u,n,med_rsq,CI_95
0,8.0,12.0,15.0,100.0,0.971536263477,0.0281964815761
