,motion_thresh,age_l,age_u,n,med_rsq,CI_95
0,46.0,15.0,18.0,150.0,0.96734483152,0.0403889918589
