,motion_thresh,age_l,age_u,n,med_rsq,CI_95
0,10.0,8.0,11.0,10.0,0.723713643558,0.311038931869
