,motion_thresh,age_l,age_u,n,med_rsq,CI_95
0,36.0,8.0,11.0,250.0,0.974077011316,0.0198275997345
