,motion_thresh,age_l,age_u,n,med_rsq,CI_95
0,20.0,11.0,14.0,210.0,0.977741639302,0.0271187737893
