,motion_thresh,age_l,age_u,n,med_rsq,CI_95
0,6.0,7.0,10.0,110.0,0.927364817294,0.0722006226055
