,motion_thresh,age_l,age_u,n,med_rsq,CI_95
0,2.0,12.0,15.0,110.0,0.947426599932,0.0336740607333
