,motion_thresh,age_l,age_u,n,med_rsq,CI_95
0,10.0,11.0,14.0,30.0,0.902529553788,0.146413973654
