,motion_thresh,age_l,age_u,n,med_rsq,CI_95
0,40.0,15.0,18.0,10.0,0.724556097773,0.424857997388
