,motion_thresh,age_l,age_u,n,med_rsq,CI_95
0,6.0,6.0,9.0,130.0,0.894580891996,0.0577265110542
