,motion_thresh,age_l,age_u,n,med_rsq,CI_95
0,6.0,14.0,17.0,20.0,0.847034115329,0.194864738531
