,motion_thresh,age_l,age_u,n,med_rsq,CI_95
0,8.0,11.0,14.0,290.0,0.969355671682,0.0359705586889
