,motion_thresh,age_l,age_u,n,med_rsq,CI_95
0,32.0,14.0,17.0,260.0,0.973915876091,0.0308102656088
