,motion_thresh,age_l,age_u,n,med_rsq,CI_95
0,28.0,9.0,12.0,210.0,0.971380852983,0.0375460689469
