,motion_thresh,age_l,age_u,n,med_rsq,CI_95
0,32.0,9.0,12.0,260.0,0.974910467458,0.0286226629137
