,motion_thresh,age_l,age_u,n,med_rsq,CI_95
0,42.0,14.0,17.0,90.0,0.965278030261,0.0585026389163
