,motion_thresh,age_l,age_u,n,med_rsq,CI_95
0,8.0,12.0,15.0,210.0,0.972236328563,0.0232373539811
