,motion_thresh,age_l,age_u,n,med_rsq,CI_95
0,32.0,8.0,11.0,250.0,0.97286596121,0.0312346100974
