,motion_thresh,age_l,age_u,n,med_rsq,CI_95
0,42.0,10.0,13.0,230.0,0.97510127994,0.0574164543103
