,motion_thresh,age_l,age_u,n,med_rsq,CI_95,med_icc,CI_95_icc
0,30.0,6.0,9.0,120.0,0.953257509551,0.0453343182084,0.976693701684,0.0227607858293
