,motion_thresh,age_l,age_u,n,med_rsq,CI_95
0,50.0,15.0,18.0,270.0,0.968885931807,0.0488278605251
