,motion_thresh,age_l,age_u,n,med_rsq,CI_95
0,26.0,10.0,13.0,40.0,0.92150831135,0.104774135184
