,motion_thresh,age_l,age_u,n,med_rsq,CI_95
0,32.0,13.0,16.0,100.0,0.970072709488,0.0500576882498
