,motion_thresh,age_l,age_u,n,med_rsq,CI_95
0,8.0,7.0,10.0,90.0,0.944311268801,0.0307397069966
