,motion_thresh,age_l,age_u,n,med_rsq,CI_95,med_icc,CI_95_icc
0,40.0,15.0,18.0,150.0,0.973953548629,0.0290620526556,0.986978233506,0.0150417447229
