,motion_thresh,age_l,age_u,n,med_rsq,CI_95
0,2.0,14.0,17.0,140.0,0.947020868575,0.0274640676762
