,motion_thresh,age_l,age_u,n,med_rsq,CI_95
0,6.0,13.0,16.0,170.0,0.970118129784,0.0483650302005
