,motion_thresh,age_l,age_u,n,med_rsq,CI_95
0,36.0,12.0,15.0,150.0,0.979639713607,0.0221168488819
