,motion_thresh,age_l,age_u,n,med_rsq,CI_95
0,4.0,15.0,18.0,130.0,0.93815091874,0.0581652129192
