,motion_thresh,age_l,age_u,n,med_rsq,CI_95
0,40.0,12.0,15.0,300.0,0.979380125556,0.0315211010166
