,motion_thresh,age_l,age_u,n,med_rsq,CI_95
0,14.0,8.0,11.0,290.0,0.965568604962,0.0290057301558
