,motion_thresh,age_l,age_u,n,med_rsq,CI_95
0,20.0,15.0,18.0,60.0,0.948193518693,0.0489140830035
