,motion_thresh,age_l,age_u,n,med_rsq,CI_95
0,10.0,12.0,15.0,220.0,0.973824035666,0.0251972546848
