,motion_thresh,age_l,age_u,n,med_rsq,CI_95
0,24.0,14.0,17.0,220.0,0.968753585536,0.0745697314486
