,motion_thresh,age_l,age_u,n,med_rsq,CI_95,med_icc,CI_95_icc
0,35.0,7.0,10.0,120.0,0.967147807631,0.0308841684834,0.983887707656,0.0151863581138
