,motion_thresh,age_l,age_u,n,med_rsq,CI_95
0,44.0,15.0,18.0,230.0,0.968119325057,0.045001025336
