,motion_thresh,age_l,age_u,n,med_rsq,CI_95
0,16.0,9.0,12.0,110.0,0.958600414682,0.0526273012932
