,motion_thresh,age_l,age_u,n,med_rsq,CI_95
0,36.0,8.0,11.0,140.0,0.974270820716,0.0309945321332
