,motion_thresh,age_l,age_u,n,med_rsq,CI_95
0,44.0,15.0,18.0,60.0,0.946427228188,0.0809036245219
