,motion_thresh,age_l,age_u,n,med_rsq,CI_95
0,28.0,8.0,11.0,70.0,0.955411628024,0.0634404118968
