,motion_thresh,age_l,age_u,n,med_rsq,CI_95
0,30.0,8.0,11.0,120.0,0.973737567137,0.0273801541663
