,motion_thresh,age_l,age_u,n,med_rsq,CI_95,med_icc,CI_95_icc
0,5.0,15.0,18.0,180.0,0.957081807952,0.0573220083717,0.978794041371,0.0284829501443
