,motion_thresh,age_l,age_u,n,med_rsq,CI_95
0,28.0,9.0,12.0,280.0,0.97465712007,0.0372654125339
