,motion_thresh,age_l,age_u,n,med_rsq,CI_95,med_icc,CI_95_icc
0,40.0,10.0,13.0,30.0,0.913179150961,0.123583492323,0.955747891649,0.0643001952929
