,motion_thresh,age_l,age_u,n,med_rsq,CI_95
0,8.0,13.0,16.0,300.0,0.969726322469,0.0248884209779
