,motion_thresh,age_l,age_u,n,med_rsq,CI_95
0,50.0,8.0,11.0,300.0,0.970594871756,0.0534375555145
