,motion_thresh,age_l,age_u,n,med_rsq,CI_95
0,50.0,13.0,16.0,130.0,0.976005474736,0.0250359001883
