,motion_thresh,age_l,age_u,n,med_rsq,CI_95
0,30.0,14.0,17.0,90.0,0.96599311075,0.0574823687402
