,motion_thresh,age_l,age_u,n,med_rsq,CI_95
0,6.0,12.0,15.0,160.0,0.968560723381,0.0366761487584
