,motion_thresh,age_l,age_u,n,med_rsq,CI_95
0,18.0,9.0,12.0,150.0,0.969918662541,0.0262967982553
