,motion_thresh,age_l,age_u,n,med_rsq,CI_95
0,38.0,10.0,13.0,270.0,0.980351375323,0.0243076427482
