,motion_thresh,age_l,age_u,n,med_rsq,CI_95
0,2.0,10.0,13.0,70.0,0.936859533936,0.0433694274744
