,motion_thresh,age_l,age_u,n,med_rsq,CI_95
0,2.0,7.0,10.0,140.0,0.85226577021,0.13716619515
