,motion_thresh,age_l,age_u,n,med_rsq,CI_95
0,26.0,13.0,16.0,220.0,0.975783704477,0.0280647885219
