,motion_thresh,age_l,age_u,n,med_rsq,CI_95
0,18.0,8.0,11.0,110.0,0.966348144082,0.044894488793
