,motion_thresh,age_l,age_u,n,med_rsq,CI_95
0,6.0,12.0,15.0,20.0,0.854733750667,0.110850060758
