,motion_thresh,age_l,age_u,n,med_rsq,CI_95
0,30.0,9.0,12.0,270.0,0.975964282372,0.0198854272203
