,motion_thresh,age_l,age_u,n,med_rsq,CI_95
0,48.0,10.0,13.0,120.0,0.973992327902,0.0301290371391
