,motion_thresh,age_l,age_u,n,med_rsq,CI_95
0,6.0,8.0,11.0,110.0,0.935248215527,0.0723806032423
