,motion_thresh,age_l,age_u,n,med_rsq,CI_95
0,46.0,9.0,12.0,210.0,0.977756953544,0.0284881766635
