,motion_thresh,age_l,age_u,n,med_rsq,CI_95
0,48.0,12.0,15.0,240.0,0.980213206701,0.026013596981
