,motion_thresh,age_l,age_u,n,med_rsq,CI_95
0,14.0,12.0,15.0,90.0,0.967418659513,0.0335914733633
