,motion_thresh,age_l,age_u,n,med_rsq,CI_95
0,40.0,8.0,11.0,290.0,0.973384425418,0.0351295742058
