,motion_thresh,age_l,age_u,n,med_rsq,CI_95
0,24.0,11.0,14.0,200.0,0.976745170168,0.0288066914542
