,motion_thresh,age_l,age_u,n,med_rsq,CI_95
0,46.0,13.0,16.0,10.0,0.706874337863,0.431954071875
