,motion_thresh,age_l,age_u,n,med_rsq,CI_95
0,10.0,9.0,12.0,170.0,0.962424593694,0.0266098918349
