,motion_thresh,age_l,age_u,n,med_rsq,CI_95
0,6.0,9.0,12.0,230.0,0.952213232109,0.0388138849141
