,motion_thresh,age_l,age_u,n,med_rsq,CI_95,med_icc,CI_95_icc
0,40.0,14.0,17.0,150.0,0.975906986593,0.0402888502124,0.988092529281,0.0191906698516
