,motion_thresh,age_l,age_u,n,med_rsq,CI_95
0,48.0,10.0,13.0,100.0,0.969372542069,0.0373408279987
