,motion_thresh,age_l,age_u,n,med_rsq,CI_95
0,16.0,8.0,11.0,270.0,0.964817333792,0.0284039757523
