,motion_thresh,age_l,age_u,n,med_rsq,CI_95
0,4.0,8.0,11.0,150.0,0.935431769328,0.0986698547283
