,motion_thresh,age_l,age_u,n,med_rsq,CI_95
0,16.0,8.0,11.0,100.0,0.965332202911,0.0353381544556
