,motion_thresh,age_l,age_u,n,med_rsq,CI_95
0,26.0,9.0,12.0,300.0,0.974537875281,0.0217823846542
