,motion_thresh,age_l,age_u,n,med_rsq,CI_95
0,18.0,7.0,10.0,250.0,0.955473070442,0.0687215055692
