,motion_thresh,age_l,age_u,n,med_rsq,CI_95
0,4.0,11.0,14.0,60.0,0.953456924154,0.019991253307
