,motion_thresh,age_l,age_u,n,med_rsq,CI_95
0,12.0,14.0,17.0,120.0,0.964963648386,0.0422922977821
