,motion_thresh,age_l,age_u,n,med_rsq,CI_95
0,28.0,6.0,9.0,130.0,0.943120065855,0.0656018536743
