,motion_thresh,age_l,age_u,n,med_rsq,CI_95
0,6.0,9.0,12.0,90.0,0.952707225807,0.0295595627408
