,motion_thresh,age_l,age_u,n,med_rsq,CI_95
0,12.0,7.0,10.0,50.0,0.938179560798,0.0770913361691
