,motion_thresh,age_l,age_u,n,med_rsq,CI_95
0,4.0,15.0,18.0,150.0,0.939042683636,0.0579571494016
