,motion_thresh,age_l,age_u,n,med_rsq,CI_95,med_icc,CI_95_icc
0,15.0,12.0,15.0,30.0,0.912027951797,0.0915378897369,0.957198518293,0.046856980474
