,motion_thresh,age_l,age_u,n,med_rsq,CI_95,med_icc,CI_95_icc
0,20.0,10.0,13.0,240.0,0.976344334199,0.0336422396705,0.987858643166,0.017409218949
