,motion_thresh,age_l,age_u,n,med_rsq,CI_95
0,4.0,15.0,18.0,60.0,0.94136802519,0.0489152512179
