,motion_thresh,age_l,age_u,n,med_rsq,CI_95
0,18.0,7.0,10.0,90.0,0.95786106723,0.0589063795171
