,motion_thresh,age_l,age_u,n,med_rsq,CI_95
0,46.0,8.0,11.0,280.0,0.974121177693,0.0379759105029
