,motion_thresh,age_l,age_u,n,med_rsq,CI_95
0,30.0,14.0,17.0,290.0,0.971462812288,0.0246065359242
