,motion_thresh,age_l,age_u,n,med_rsq,CI_95
0,30.0,7.0,10.0,180.0,0.96419012568,0.0536717413726
