,motion_thresh,age_l,age_u,n,med_rsq,CI_95
0,24.0,15.0,18.0,250.0,0.962213036717,0.0576135102351
