,motion_thresh,age_l,age_u,n,med_rsq,CI_95
0,14.0,8.0,11.0,70.0,0.955127535731,0.0506440228399
