,motion_thresh,age_l,age_u,n,med_rsq,CI_95
0,14.0,9.0,12.0,210.0,0.948232648112,0.0734870736456
