,motion_thresh,age_l,age_u,n,med_rsq,CI_95
0,20.0,6.0,9.0,190.0,0.940578165201,0.0528511648804
