,motion_thresh,age_l,age_u,n,med_rsq,CI_95
0,36.0,14.0,17.0,50.0,0.939144079482,0.0740913850372
