,motion_thresh,age_l,age_u,n,med_rsq,CI_95
0,40.0,14.0,17.0,70.0,0.953462566136,0.0693171809265
