,motion_thresh,age_l,age_u,n,med_rsq,CI_95
0,14.0,14.0,17.0,260.0,0.965809170497,0.0434448152212
