,motion_thresh,age_l,age_u,n,med_rsq,CI_95
0,48.0,7.0,10.0,200.0,0.966612421893,0.0473626120568
