,motion_thresh,age_l,age_u,n,med_rsq,CI_95
0,24.0,10.0,13.0,10.0,0.698316564482,0.305231821519
