,motion_thresh,age_l,age_u,n,med_rsq,CI_95
0,6.0,7.0,10.0,30.0,0.896926601737,0.161225272145
