,motion_thresh,age_l,age_u,n,med_rsq,CI_95
0,38.0,13.0,16.0,130.0,0.976582181861,0.0244840568683
