,motion_thresh,age_l,age_u,n,med_rsq,CI_95
0,6.0,7.0,10.0,250.0,0.92256675458,0.0600529652593
