,motion_thresh,age_l,age_u,n,med_rsq,CI_95
0,42.0,14.0,17.0,290.0,0.977009245164,0.0290993534854
