,motion_thresh,age_l,age_u,n,med_rsq,CI_95
0,28.0,15.0,18.0,160.0,0.968185668358,0.0315813489347
