,motion_thresh,age_l,age_u,n,med_rsq,CI_95
0,4.0,11.0,14.0,290.0,0.961900686403,0.0205509844734
