,motion_thresh,age_l,age_u,n,med_rsq,CI_95
0,4.0,14.0,17.0,210.0,0.949767810132,0.0166680248165
