,motion_thresh,age_l,age_u,n,med_rsq,CI_95
0,24.0,14.0,17.0,230.0,0.967607455999,0.0513833058311
