,motion_thresh,age_l,age_u,n,med_rsq,CI_95
0,34.0,15.0,18.0,10.0,0.733735599739,0.507687566354
