,motion_thresh,age_l,age_u,n,med_rsq,CI_95
0,14.0,8.0,11.0,140.0,0.965509722448,0.0346364075265
