,motion_thresh,age_l,age_u,n,med_rsq,CI_95
0,40.0,15.0,18.0,240.0,0.966540868116,0.0426751332573
