,motion_thresh,age_l,age_u,n,med_rsq,CI_95
0,32.0,11.0,14.0,200.0,0.978946488381,0.0239866379803
