,motion_thresh,age_l,age_u,n,med_rsq,CI_95
0,46.0,12.0,15.0,260.0,0.979878991045,0.0275042366445
