,motion_thresh,age_l,age_u,n,med_rsq,CI_95
0,34.0,10.0,13.0,70.0,0.956596083606,0.0560898232195
