,motion_thresh,age_l,age_u,n,med_rsq,CI_95
0,6.0,11.0,14.0,140.0,0.970556722951,0.0221194881479
