,motion_thresh,age_l,age_u,n,med_rsq,CI_95,med_icc,CI_95_icc
0,35.0,13.0,16.0,270.0,0.980404468671,0.0160938087505,0.99015185868,0.008265146574
