,motion_thresh,age_l,age_u,n,med_rsq,CI_95
0,28.0,7.0,10.0,270.0,0.93632827829,0.126550150749
