,motion_thresh,age_l,age_u,n,med_rsq,CI_95,med_icc,CI_95_icc
0,50.0,7.0,10.0,30.0,0.90613941797,0.225506038206,0.952870313651,0.0947931187164
