,motion_thresh,age_l,age_u,n,med_rsq,CI_95
0,34.0,6.0,9.0,80.0,0.948356640192,0.0737675904231
