,motion_thresh,age_l,age_u,n,med_rsq,CI_95
0,8.0,13.0,16.0,20.0,0.852542211141,0.20991983178
