,motion_thresh,age_l,age_u,n,med_rsq,CI_95
0,6.0,15.0,18.0,190.0,0.950131511401,0.0480743593697
