,motion_thresh,age_l,age_u,n,med_rsq,CI_95
0,6.0,10.0,13.0,260.0,0.958888509263,0.0317965741349
