,motion_thresh,age_l,age_u,n,med_rsq,CI_95
0,44.0,7.0,10.0,230.0,0.963773155561,0.0476601866229
