,motion_thresh,age_l,age_u,n,med_rsq,CI_95
0,6.0,9.0,12.0,20.0,0.84290270071,0.165941863285
