,motion_thresh,age_l,age_u,n,med_rsq,CI_95,med_icc,CI_95_icc
0,5.0,6.0,9.0,60.0,0.915441390722,0.0692741464238,0.957949900629,0.0364237266126
