,motion_thresh,age_l,age_u,n,med_rsq,CI_95
0,6.0,13.0,16.0,260.0,0.968358843758,0.0416989084382
