,motion_thresh,age_l,age_u,n,med_rsq,CI_95
0,10.0,11.0,14.0,90.0,0.967876144666,0.0307375112215
