,motion_thresh,age_l,age_u,n,med_rsq,CI_95
0,14.0,13.0,16.0,60.0,0.949711101277,0.0574184428199
