,motion_thresh,age_l,age_u,n,med_rsq,CI_95
0,4.0,8.0,11.0,130.0,0.914153514985,0.0587806548815
