,motion_thresh,age_l,age_u,n,med_rsq,CI_95
0,32.0,6.0,9.0,270.0,0.945897062078,0.0544619169029
