,motion_thresh,age_l,age_u,n,med_rsq,CI_95
0,40.0,13.0,16.0,250.0,0.977317138308,0.0231947938491
