,motion_thresh,age_l,age_u,n,med_rsq,CI_95
0,32.0,15.0,18.0,80.0,0.959567487319,0.0597981978432
