,motion_thresh,age_l,age_u,n,med_rsq,CI_95
0,36.0,9.0,12.0,100.0,0.969303439739,0.05115243439
