,motion_thresh,age_l,age_u,n,med_rsq,CI_95
0,14.0,13.0,16.0,250.0,0.975542976934,0.0279268735019
