,motion_thresh,age_l,age_u,n,med_rsq,CI_95
0,2.0,11.0,14.0,110.0,0.944184043171,0.0181583430724
