,motion_thresh,age_l,age_u,n,med_rsq,CI_95
0,34.0,12.0,15.0,200.0,0.979454515546,0.0208132965288
