,motion_thresh,age_l,age_u,n,med_rsq,CI_95,med_icc,CI_95_icc
0,10.0,9.0,12.0,60.0,0.955452202864,0.0541094410816,0.977990704261,0.0250356842055
