,motion_thresh,age_l,age_u,n,med_rsq,CI_95
0,22.0,14.0,17.0,160.0,0.969138178594,0.0616134608069
