,motion_thresh,age_l,age_u,n,med_rsq,CI_95
0,46.0,11.0,14.0,120.0,0.975227661148,0.0251098324852
