,motion_thresh,age_l,age_u,n,med_rsq,CI_95
0,12.0,12.0,15.0,270.0,0.973749147171,0.0216495560411
