,motion_thresh,age_l,age_u,n,med_rsq,CI_95
0,30.0,11.0,14.0,30.0,0.900015961486,0.143623515256
