,motion_thresh,age_l,age_u,n,med_rsq,CI_95
0,8.0,15.0,18.0,170.0,0.951781196707,0.0664364909296
