,motion_thresh,age_l,age_u,n,med_rsq,CI_95
0,32.0,6.0,9.0,300.0,0.944469185829,0.0504009172115
