,motion_thresh,age_l,age_u,n,med_rsq,CI_95
0,48.0,9.0,12.0,10.0,0.726255190546,0.313025586999
