,motion_thresh,age_l,age_u,n,med_rsq,CI_95
0,8.0,15.0,18.0,80.0,0.951275839678,0.0706090295326
