,motion_thresh,age_l,age_u,n,med_rsq,CI_95,med_icc,CI_95_icc
0,45.0,8.0,11.0,90.0,0.968366064669,0.0445537007505,0.983976442904,0.0212334320601
