,motion_thresh,age_l,age_u,n,med_rsq,CI_95
0,32.0,8.0,11.0,190.0,0.973027926231,0.0271398418321
