,motion_thresh,age_l,age_u,n,med_rsq,CI_95
0,8.0,12.0,15.0,40.0,0.925829144257,0.07273359315
