,motion_thresh,age_l,age_u,n,med_rsq,CI_95
0,30.0,14.0,17.0,200.0,0.972519603298,0.0342013837721
