,motion_thresh,age_l,age_u,n,med_rsq,CI_95
0,22.0,12.0,15.0,130.0,0.977528508706,0.0245791072547
