,motion_thresh,age_l,age_u,n,med_rsq,CI_95
0,20.0,12.0,15.0,140.0,0.97826560651,0.0178084528584
