,motion_thresh,age_l,age_u,n,med_rsq,CI_95
0,4.0,11.0,14.0,50.0,0.948347174771,0.0494416753358
