,motion_thresh,age_l,age_u,n,med_rsq,CI_95,med_icc,CI_95_icc
0,35.0,12.0,15.0,90.0,0.97035332561,0.0450758204317,0.985193461373,0.022209036537
