,motion_thresh,age_l,age_u,n,med_rsq,CI_95
0,26.0,6.0,9.0,100.0,0.946251370673,0.0693827045463
