,motion_thresh,age_l,age_u,n,med_rsq,CI_95,med_icc,CI_95_icc
0,5.0,6.0,9.0,270.0,0.919247395336,0.0756067113549,0.96021470768,0.0395330496333
