,motion_thresh,age_l,age_u,n,med_rsq,CI_95
0,36.0,13.0,16.0,280.0,0.977669009512,0.0247150576675
