,motion_thresh,age_l,age_u,n,med_rsq,CI_95
0,28.0,10.0,13.0,70.0,0.956185201155,0.070179484368
