,motion_thresh,age_l,age_u,n,med_rsq,CI_95
0,10.0,14.0,17.0,270.0,0.947479989719,0.0791135392264
