,motion_thresh,age_l,age_u,n,med_rsq,CI_95
0,6.0,8.0,11.0,60.0,0.936461726024,0.0678957232175
