,motion_thresh,age_l,age_u,n,med_rsq,CI_95
0,28.0,7.0,10.0,160.0,0.943831940195,0.109851337168
