,motion_thresh,age_l,age_u,n,med_rsq,CI_95,med_icc,CI_95_icc
0,20.0,6.0,9.0,300.0,0.94837312615,0.0708950958729,0.973903159201,0.0345034267572
