,motion_thresh,age_l,age_u,n,med_rsq,CI_95
0,18.0,11.0,14.0,200.0,0.978177744924,0.0144923960242
