,motion_thresh,age_l,age_u,n,med_rsq,CI_95,med_icc,CI_95_icc
0,50.0,11.0,14.0,300.0,0.982988572415,0.021062970152,0.991465276779,0.0104347679586
