,motion_thresh,age_l,age_u,n,med_rsq,CI_95,med_icc,CI_95_icc
0,45.0,13.0,16.0,180.0,0.980619216231,0.0244995359475,0.990288116646,0.0122726660208
