,motion_thresh,age_l,age_u,n,med_rsq,CI_95
0,8.0,7.0,10.0,180.0,0.943770131926,0.0608043052595
