,motion_thresh,age_l,age_u,n,med_rsq,CI_95,med_icc,CI_95_icc
0,10.0,7.0,10.0,240.0,0.953931818957,0.0433777612158,0.976909689138,0.0211642017856
