,motion_thresh,age_l,age_u,n,med_rsq,CI_95
0,40.0,8.0,11.0,260.0,0.973488318055,0.028547591366
