,motion_thresh,age_l,age_u,n,med_rsq,CI_95
0,34.0,7.0,10.0,260.0,0.966057897144,0.0443501892157
