,motion_thresh,age_l,age_u,n,med_rsq,CI_95
0,20.0,9.0,12.0,180.0,0.971896287537,0.0300515567035
