,motion_thresh,age_l,age_u,n,med_rsq,CI_95
0,22.0,7.0,10.0,110.0,0.959610716128,0.0489232835043
