,motion_thresh,age_l,age_u,n,med_rsq,CI_95
0,44.0,10.0,13.0,100.0,0.969886934105,0.0411714182307
