,motion_thresh,age_l,age_u,n,med_rsq,CI_95
0,2.0,7.0,10.0,110.0,0.894180163017,0.161394870359
