,motion_thresh,age_l,age_u,n,med_rsq,CI_95
0,6.0,9.0,12.0,130.0,0.952228999924,0.0380282114806
