,motion_thresh,age_l,age_u,n,med_rsq,CI_95,med_icc,CI_95_icc
0,30.0,9.0,12.0,210.0,0.978740501198,0.0188912789077,0.989273628014,0.00995535758498
