,motion_thresh,age_l,age_u,n,med_rsq,CI_95
0,32.0,6.0,9.0,210.0,0.944460438343,0.061849808873
