,motion_thresh,age_l,age_u,n,med_rsq,CI_95
0,30.0,13.0,16.0,270.0,0.976282680301,0.0357201089556
