,motion_thresh,age_l,age_u,n,med_rsq,CI_95
0,40.0,9.0,12.0,70.0,0.955494571594,0.0731594651511
