,motion_thresh,age_l,age_u,n,med_rsq,CI_95
0,2.0,11.0,14.0,70.0,0.943976236125,0.0286725898457
