,motion_thresh,age_l,age_u,n,med_rsq,CI_95,med_icc,CI_95_icc
0,15.0,12.0,15.0,90.0,0.972943411857,0.0349531859568,0.9865054683,0.0178903464041
