,motion_thresh,age_l,age_u,n,med_rsq,CI_95
0,18.0,12.0,15.0,80.0,0.96449992866,0.0450629713579
