,motion_thresh,age_l,age_u,n,med_rsq,CI_95
0,14.0,7.0,10.0,20.0,0.848393726173,0.18143610208
