,motion_thresh,age_l,age_u,n,med_rsq,CI_95
0,48.0,7.0,10.0,90.0,0.965357603054,0.037542736764
