,motion_thresh,age_l,age_u,n,med_rsq,CI_95
0,6.0,14.0,17.0,90.0,0.964302956028,0.0241009308545
