,motion_thresh,age_l,age_u,n,med_rsq,CI_95
0,50.0,11.0,14.0,200.0,0.980705525978,0.0299277342057
