,motion_thresh,age_l,age_u,n,med_rsq,CI_95
0,8.0,7.0,10.0,250.0,0.941768689319,0.0461779325076
