,motion_thresh,age_l,age_u,n,med_rsq,CI_95,med_icc,CI_95_icc
0,35.0,6.0,9.0,30.0,0.907330067716,0.162714808534,0.953827663174,0.068531309687
