,motion_thresh,age_l,age_u,n,med_rsq,CI_95
0,10.0,10.0,13.0,210.0,0.969907210875,0.0244077499839
