,motion_thresh,age_l,age_u,n,med_rsq,CI_95
0,38.0,14.0,17.0,100.0,0.9672227812,0.0471742057379
