,motion_thresh,age_l,age_u,n,med_rsq,CI_95
0,32.0,10.0,13.0,70.0,0.957411548896,0.0431196684315
