,motion_thresh,age_l,age_u,n,med_rsq,CI_95
0,20.0,6.0,9.0,80.0,0.939927474502,0.0521485643391
