,motion_thresh,age_l,age_u,n,med_rsq,CI_95,med_icc,CI_95_icc
0,45.0,10.0,13.0,30.0,0.91245387897,0.0858104537012,0.956115224242,0.0407715928653
