,motion_thresh,age_l,age_u,n,med_rsq,CI_95,med_icc,CI_95_icc
0,25.0,11.0,14.0,300.0,0.982097761192,0.0226446188796,0.990952540558,0.0111356626384
