,motion_thresh,age_l,age_u,n,med_rsq,CI_95
0,48.0,10.0,13.0,90.0,0.965482904255,0.052337353733
