,motion_thresh,age_l,age_u,n,med_rsq,CI_95
0,50.0,8.0,11.0,290.0,0.973908899782,0.0464686376903
