,motion_thresh,age_l,age_u,n,med_rsq,CI_95
0,30.0,6.0,9.0,10.0,0.709035389897,0.544921132559
