,motion_thresh,age_l,age_u,n,med_rsq,CI_95
0,6.0,6.0,9.0,20.0,0.858596322828,0.183497401432
