,motion_thresh,age_l,age_u,n,med_rsq,CI_95
0,22.0,13.0,16.0,160.0,0.976605396358,0.032021374777
