,motion_thresh,age_l,age_u,n,med_rsq,CI_95,med_icc,CI_95_icc
0,45.0,7.0,10.0,270.0,0.968454262229,0.0357449308373,0.984695260971,0.0184433273834
