,motion_thresh,age_l,age_u,n,med_rsq,CI_95
0,28.0,15.0,18.0,220.0,0.968559761887,0.0385882573897
