,motion_thresh,age_l,age_u,n,med_rsq,CI_95
0,44.0,6.0,9.0,110.0,0.950457017441,0.0709713818092
