,motion_thresh,age_l,age_u,n,med_rsq,CI_95
0,36.0,10.0,13.0,260.0,0.980086762361,0.0218852248527
