,motion_thresh,age_l,age_u,n,med_rsq,CI_95
0,24.0,6.0,9.0,200.0,0.946715488066,0.0670895620342
