,motion_thresh,age_l,age_u,n,med_rsq,CI_95
0,2.0,15.0,18.0,160.0,0.929027830793,0.0359204047675
