,motion_thresh,age_l,age_u,n,med_rsq,CI_95
0,30.0,8.0,11.0,90.0,0.965221727064,0.0463774173848
