,motion_thresh,age_l,age_u,n,med_rsq,CI_95
0,48.0,13.0,16.0,250.0,0.975380099825,0.034006295633
