,motion_thresh,age_l,age_u,n,med_rsq,CI_95
0,4.0,15.0,18.0,240.0,0.94089362154,0.0532725583477
