,motion_thresh,age_l,age_u,n,med_rsq,CI_95
0,44.0,7.0,10.0,250.0,0.965658328915,0.0319510473973
