,motion_thresh,age_l,age_u,n,med_rsq,CI_95
0,42.0,11.0,14.0,40.0,0.924897753005,0.0904644504992
