,motion_thresh,age_l,age_u,n,med_rsq,CI_95,med_icc,CI_95_icc
0,45.0,8.0,11.0,300.0,0.978488487034,0.0174716042839,0.989315370119,0.00867689488218
