,motion_thresh,age_l,age_u,n,med_rsq,CI_95
0,12.0,7.0,10.0,60.0,0.944762256028,0.0719812847289
