,motion_thresh,age_l,age_u,n,med_rsq,CI_95
0,48.0,12.0,15.0,10.0,0.725888608749,0.473162040949
