,motion_thresh,age_l,age_u,n,med_rsq,CI_95
0,30.0,6.0,9.0,200.0,0.946936504572,0.0509301167378
