,motion_thresh,age_l,age_u,n,med_rsq,CI_95
0,46.0,13.0,16.0,50.0,0.937710259391,0.077204890551
