,motion_thresh,age_l,age_u,n,med_rsq,CI_95
0,44.0,7.0,10.0,90.0,0.964317913209,0.0437063359505
