,motion_thresh,age_l,age_u,n,med_rsq,CI_95
0,32.0,14.0,17.0,190.0,0.974499577603,0.036275394939
