,motion_thresh,age_l,age_u,n,med_rsq,CI_95
0,22.0,15.0,18.0,40.0,0.924000758815,0.130805004473
