,motion_thresh,age_l,age_u,n,med_rsq,CI_95
0,10.0,6.0,9.0,40.0,0.922933464059,0.0811713557934
