,motion_thresh,age_l,age_u,n,med_rsq,CI_95
0,32.0,6.0,9.0,160.0,0.946829217759,0.0713450639652
