,motion_thresh,age_l,age_u,n,med_rsq,CI_95
0,22.0,15.0,18.0,240.0,0.96414496283,0.040841216269
