,motion_thresh,age_l,age_u,n,med_rsq,CI_95
0,50.0,13.0,16.0,190.0,0.977065166258,0.0443919567296
