,motion_thresh,age_l,age_u,n,med_rsq,CI_95
0,16.0,8.0,11.0,220.0,0.966054528474,0.0393441598923
