,motion_thresh,age_l,age_u,n,med_rsq,CI_95
0,30.0,9.0,12.0,280.0,0.975955361563,0.030470816456
