,motion_thresh,age_l,age_u,n,med_rsq,CI_95
0,46.0,11.0,14.0,70.0,0.958867599628,0.0652398783582
