,motion_thresh,age_l,age_u,n,med_rsq,CI_95
0,2.0,7.0,10.0,190.0,0.887636323952,0.0638414253104
