,motion_thresh,age_l,age_u,n,med_rsq,CI_95
0,44.0,9.0,12.0,250.0,0.977137640218,0.020709461254
