,motion_thresh,age_l,age_u,n,med_rsq,CI_95
0,26.0,14.0,17.0,30.0,0.902609894302,0.113396998273
