,motion_thresh,age_l,age_u,n,med_rsq,CI_95,med_icc,CI_95_icc
0,30.0,14.0,17.0,60.0,0.956327889341,0.046592696204,0.978320838461,0.0241193610746
