,motion_thresh,age_l,age_u,n,med_rsq,CI_95
0,46.0,10.0,13.0,250.0,0.971278269581,0.0561622654474
