,motion_thresh,age_l,age_u,n,med_rsq,CI_95
0,18.0,6.0,9.0,50.0,0.937591634338,0.0765262030213
