,motion_thresh,age_l,age_u,n,med_rsq,CI_95
0,30.0,10.0,13.0,20.0,0.854662078149,0.19525360548
