,motion_thresh,age_l,age_u,n,med_rsq,CI_95
0,4.0,9.0,12.0,150.0,0.94289669994,0.0431288057149
