,motion_thresh,age_l,age_u,n,med_rsq,CI_95
0,2.0,9.0,12.0,190.0,0.914891064316,0.0231581286977
