,motion_thresh,age_l,age_u,n,med_rsq,CI_95
0,14.0,14.0,17.0,270.0,0.967497529589,0.0452804207923
