,motion_thresh,age_l,age_u,n,med_rsq,CI_95
0,30.0,6.0,9.0,90.0,0.944472470701,0.0525760823782
