,motion_thresh,age_l,age_u,n,med_rsq,CI_95
0,12.0,10.0,13.0,230.0,0.971746892498,0.0291148669761
