,motion_thresh,age_l,age_u,n,med_rsq,CI_95
0,10.0,11.0,14.0,180.0,0.974395513748,0.0224809058193
