,motion_thresh,age_l,age_u,n,med_rsq,CI_95
0,28.0,11.0,14.0,250.0,0.979829872963,0.0273951521597
