,motion_thresh,age_l,age_u,n,med_rsq,CI_95
0,38.0,9.0,12.0,190.0,0.977483093528,0.0325589384123
