,motion_thresh,age_l,age_u,n,med_rsq,CI_95,med_icc,CI_95_icc
0,50.0,9.0,12.0,270.0,0.982890824525,0.0212326607035,0.991421538957,0.0101908967058
