,motion_thresh,age_l,age_u,n,med_rsq,CI_95
0,6.0,15.0,18.0,90.0,0.949591927531,0.0538096397169
