,motion_thresh,age_l,age_u,n,med_rsq,CI_95
0,8.0,8.0,11.0,150.0,0.954494164242,0.0400491592214
