,motion_thresh,age_l,age_u,n,med_rsq,CI_95
0,22.0,13.0,16.0,90.0,0.967133678707,0.0477280046741
