,motion_thresh,age_l,age_u,n,med_rsq,CI_95
0,40.0,14.0,17.0,90.0,0.966084820998,0.035686230451
