,motion_thresh,age_l,age_u,n,med_rsq,CI_95
0,12.0,13.0,16.0,160.0,0.963446689352,0.0516217199435
