,motion_thresh,age_l,age_u,n,med_rsq,CI_95
0,12.0,10.0,13.0,170.0,0.972191110074,0.02682979072
