,motion_thresh,age_l,age_u,n,med_rsq,CI_95
0,34.0,10.0,13.0,40.0,0.919455730439,0.110026535266
