,motion_thresh,age_l,age_u,n,med_rsq,CI_95
0,2.0,12.0,15.0,120.0,0.946102712979,0.0271715417201
