,motion_thresh,age_l,age_u,n,med_rsq,CI_95
0,6.0,7.0,10.0,80.0,0.927671678566,0.0923035397512
