,motion_thresh,age_l,age_u,n,med_rsq,CI_95
0,6.0,11.0,14.0,120.0,0.969513831473,0.0144553277279
