,motion_thresh,age_l,age_u,n,med_rsq,CI_95
0,8.0,13.0,16.0,140.0,0.970581180029,0.0253441946798
