,motion_thresh,age_l,age_u,n,med_rsq,CI_95
0,42.0,8.0,11.0,60.0,0.945066259881,0.0691352277689
