,motion_thresh,age_l,age_u,n,med_rsq,CI_95
0,40.0,12.0,15.0,150.0,0.97836232939,0.0333675836319
