,motion_thresh,age_l,age_u,n,med_rsq,CI_95
0,32.0,8.0,11.0,110.0,0.970493794546,0.041730511433
