,motion_thresh,age_l,age_u,n,med_rsq,CI_95,med_icc,CI_95_icc
0,25.0,7.0,10.0,30.0,0.905898016111,0.147921243844,0.953703420992,0.065827752346
