,motion_thresh,age_l,age_u,n,med_rsq,CI_95,med_icc,CI_95_icc
0,30.0,6.0,9.0,270.0,0.952843292391,0.0545537833717,0.976916963076,0.0254567958757
