,motion_thresh,age_l,age_u,n,med_rsq,CI_95
0,48.0,9.0,12.0,40.0,0.920168809999,0.160131765065
