,motion_thresh,age_l,age_u,n,med_rsq,CI_95
0,34.0,15.0,18.0,60.0,0.950146590315,0.12034887966
