,motion_thresh,age_l,age_u,n,med_rsq,CI_95,med_icc,CI_95_icc
0,40.0,14.0,17.0,270.0,0.976694210127,0.0355541656846,0.988373573717,0.016955302164
