,motion_thresh,age_l,age_u,n,med_rsq,CI_95
0,10.0,6.0,9.0,130.0,0.925923029959,0.0647422297276
