,motion_thresh,age_l,age_u,n,med_rsq,CI_95
0,4.0,10.0,13.0,140.0,0.954645027111,0.033831914956
