,motion_thresh,age_l,age_u,n,med_rsq,CI_95
0,46.0,13.0,16.0,120.0,0.974604561667,0.0343559556179
