,motion_thresh,age_l,age_u,n,med_rsq,CI_95
0,50.0,7.0,10.0,40.0,0.918215371874,0.123936824497
