,motion_thresh,age_l,age_u,n,med_rsq,CI_95
0,28.0,8.0,11.0,40.0,0.923815628874,0.119057923168
