,motion_thresh,age_l,age_u,n,med_rsq,CI_95
0,44.0,12.0,15.0,170.0,0.980368025203,0.0277342798373
