,motion_thresh,age_l,age_u,n,med_rsq,CI_95
0,48.0,8.0,11.0,60.0,0.948241999506,0.0568787787788
