,motion_thresh,age_l,age_u,n,med_rsq,CI_95
0,34.0,8.0,11.0,50.0,0.937638807716,0.0803374580789
