,motion_thresh,age_l,age_u,n,med_rsq,CI_95
0,20.0,12.0,15.0,200.0,0.978562436564,0.0208120982906
