,motion_thresh,age_l,age_u,n,med_rsq,CI_95,med_icc,CI_95_icc
0,50.0,12.0,15.0,300.0,0.982671734016,0.0259922444845,0.991240647573,0.013011425276
