,motion_thresh,age_l,age_u,n,med_rsq,CI_95
0,30.0,6.0,9.0,260.0,0.945730845022,0.0480188423202
