,motion_thresh,age_l,age_u,n,med_rsq,CI_95
0,2.0,9.0,12.0,140.0,0.914870760969,0.0757026868503
