,motion_thresh,age_l,age_u,n,med_rsq,CI_95
0,46.0,9.0,12.0,110.0,0.970179385543,0.0556424557174
