,motion_thresh,age_l,age_u,n,med_rsq,CI_95
0,24.0,15.0,18.0,100.0,0.961909962401,0.0654869578094
