,motion_thresh,age_l,age_u,n,med_rsq,CI_95
0,22.0,13.0,16.0,50.0,0.937579411075,0.0719843037754
