,motion_thresh,age_l,age_u,n,med_rsq,CI_95
0,48.0,13.0,16.0,170.0,0.977621901595,0.0366018751706
