,motion_thresh,age_l,age_u,n,med_rsq,CI_95
0,2.0,10.0,13.0,150.0,0.937700251971,0.0412775267518
