,motion_thresh,age_l,age_u,n,med_rsq,CI_95
0,50.0,11.0,14.0,250.0,0.981287097572,0.0350774560387
