,motion_thresh,age_l,age_u,n,med_rsq,CI_95
0,22.0,11.0,14.0,90.0,0.966516671004,0.0490114271289
