,motion_thresh,age_l,age_u,n,med_rsq,CI_95
0,4.0,14.0,17.0,80.0,0.950990860967,0.0439405199014
