,motion_thresh,age_l,age_u,n,med_rsq,CI_95
0,4.0,11.0,14.0,300.0,0.962487654643,0.022506895386
