,motion_thresh,age_l,age_u,n,med_rsq,CI_95,med_icc,CI_95_icc
0,35.0,11.0,14.0,180.0,0.981379793839,0.0230861829265,0.990645239936,0.0118812670865
