,motion_thresh,age_l,age_u,n,med_rsq,CI_95
0,22.0,6.0,9.0,110.0,0.938698502247,0.0537781791619
