,motion_thresh,age_l,age_u,n,med_rsq,CI_95
0,12.0,8.0,11.0,250.0,0.958049434313,0.0560044255162
