,motion_thresh,age_l,age_u,n,med_rsq,CI_95
0,40.0,9.0,12.0,230.0,0.976323196596,0.0473403870893
