,motion_thresh,age_l,age_u,n,med_rsq,CI_95
0,50.0,9.0,12.0,40.0,0.920506896434,0.159721014523
