,motion_thresh,age_l,age_u,n,med_rsq,CI_95
0,2.0,6.0,9.0,190.0,0.866428114782,0.0695601161009
