,motion_thresh,age_l,age_u,n,med_rsq,CI_95
0,38.0,10.0,13.0,110.0,0.972570207355,0.0333106626555
