,motion_thresh,age_l,age_u,n,med_rsq,CI_95,med_icc,CI_95_icc
0,10.0,13.0,16.0,120.0,0.97408608697,0.0316915190649,0.987165599512,0.0156614572231
