,motion_thresh,age_l,age_u,n,med_rsq,CI_95
0,26.0,13.0,16.0,230.0,0.977039345703,0.0209286846476
