,motion_thresh,age_l,age_u,n,med_rsq,CI_95
0,10.0,14.0,17.0,90.0,0.965035988346,0.0607650741765
