,motion_thresh,age_l,age_u,n,med_rsq,CI_95
0,22.0,10.0,13.0,10.0,0.721270457595,0.262865239623
