,motion_thresh,age_l,age_u,n,med_rsq,CI_95
0,10.0,6.0,9.0,210.0,0.927712424078,0.0743696471515
