,motion_thresh,age_l,age_u,n,med_rsq,CI_95
0,2.0,12.0,15.0,300.0,0.946459741921,0.0209446323586
