,motion_thresh,age_l,age_u,n,med_rsq,CI_95
0,42.0,13.0,16.0,180.0,0.978166707278,0.0243000459386
