,motion_thresh,age_l,age_u,n,med_rsq,CI_95
0,22.0,6.0,9.0,160.0,0.941599608025,0.0642155830462
