,motion_thresh,age_l,age_u,n,med_rsq,CI_95
0,44.0,10.0,13.0,150.0,0.980749428727,0.0269417494761
