,motion_thresh,age_l,age_u,n,med_rsq,CI_95
0,50.0,9.0,12.0,260.0,0.97982696768,0.021853205511
