,motion_thresh,age_l,age_u,n,med_rsq,CI_95
0,36.0,14.0,17.0,30.0,0.903984374108,0.213536037889
