,motion_thresh,age_l,age_u,n,med_rsq,CI_95
0,26.0,8.0,11.0,110.0,0.971171420585,0.0486013441932
