,motion_thresh,age_l,age_u,n,med_rsq,CI_95
0,6.0,10.0,13.0,250.0,0.962660444766,0.0226022681759
