,motion_thresh,age_l,age_u,n,med_rsq,CI_95
0,12.0,11.0,14.0,300.0,0.975336747972,0.0226108182466
