,motion_thresh,age_l,age_u,n,med_rsq,CI_95
0,12.0,13.0,16.0,90.0,0.964157682823,0.0450415440234
