,motion_thresh,age_l,age_u,n,med_rsq,CI_95
0,8.0,15.0,18.0,160.0,0.946403720806,0.0591539926913
