,motion_thresh,age_l,age_u,n,med_rsq,CI_95
0,24.0,12.0,15.0,110.0,0.973328830979,0.0308215495907
