,motion_thresh,age_l,age_u,n,med_rsq,CI_95
0,8.0,8.0,11.0,100.0,0.954416828358,0.0316419063759
