,motion_thresh,age_l,age_u,n,med_rsq,CI_95
0,18.0,12.0,15.0,150.0,0.976188300434,0.0340351511501
