,motion_thresh,age_l,age_u,n,med_rsq,CI_95
0,40.0,11.0,14.0,180.0,0.980552171465,0.0274634059439
