,motion_thresh,age_l,age_u,n,med_rsq,CI_95
0,12.0,7.0,10.0,230.0,0.951014462016,0.064889869797
