,motion_thresh,age_l,age_u,n,med_rsq,CI_95
0,46.0,7.0,10.0,170.0,0.964399332137,0.0517873949732
