,motion_thresh,age_l,age_u,n,med_rsq,CI_95
0,34.0,6.0,9.0,270.0,0.951374184202,0.050935340854
