,motion_thresh,age_l,age_u,n,med_rsq,CI_95
0,12.0,10.0,13.0,110.0,0.971782601873,0.0247349724675
