,motion_thresh,age_l,age_u,n,med_rsq,CI_95
0,36.0,9.0,12.0,220.0,0.977673349303,0.0266936584801
