,motion_thresh,age_l,age_u,n,med_rsq,CI_95
0,36.0,9.0,12.0,110.0,0.972110913814,0.0634813813976
