,motion_thresh,age_l,age_u,n,med_rsq,CI_95
0,46.0,8.0,11.0,270.0,0.974894336636,0.0262149577088
