,motion_thresh,age_l,age_u,n,med_rsq,CI_95
0,50.0,6.0,9.0,260.0,0.953585794575,0.0436333679636
