,motion_thresh,age_l,age_u,n,med_rsq,CI_95
0,4.0,12.0,15.0,10.0,0.738489804971,0.33277326934
