,motion_thresh,age_l,age_u,n,med_rsq,CI_95
0,16.0,8.0,11.0,80.0,0.958618525733,0.0522622305812
