,motion_thresh,age_l,age_u,n,med_rsq,CI_95
0,50.0,8.0,11.0,280.0,0.973082024445,0.0502565995017
