,motion_thresh,age_l,age_u,n,med_rsq,CI_95
0,14.0,13.0,16.0,30.0,0.895075767207,0.134016275594
