,motion_thresh,age_l,age_u,n,med_rsq,CI_95
0,18.0,7.0,10.0,80.0,0.957627470946,0.0474691938584
