,motion_thresh,age_l,age_u,n,med_rsq,CI_95
0,32.0,12.0,15.0,270.0,0.977196777975,0.0297275502849
