,motion_thresh,age_l,age_u,n,med_rsq,CI_95
0,8.0,12.0,15.0,300.0,0.973140595599,0.0227231389842
