,motion_thresh,age_l,age_u,n,med_rsq,CI_95
0,36.0,15.0,18.0,80.0,0.963651745143,0.0479851082258
