,motion_thresh,age_l,age_u,n,med_rsq,CI_95
0,4.0,10.0,13.0,40.0,0.930035692841,0.0675546378152
