,motion_thresh,age_l,age_u,n,med_rsq,CI_95
0,26.0,14.0,17.0,230.0,0.973076440621,0.0288642348473
