,motion_thresh,age_l,age_u,n,med_rsq,CI_95
0,44.0,10.0,13.0,230.0,0.98037721691,0.0253691317534
