,motion_thresh,age_l,age_u,n,med_rsq,CI_95
0,6.0,8.0,11.0,200.0,0.943512716709,0.0646066171692
