,motion_thresh,age_l,age_u,n,med_rsq,CI_95
0,46.0,12.0,15.0,60.0,0.948315785073,0.0616513992918
