,motion_thresh,age_l,age_u,n,med_rsq,CI_95
0,6.0,9.0,12.0,250.0,0.952897344931,0.0323399346202
