,motion_thresh,age_l,age_u,n,med_rsq,CI_95
0,26.0,11.0,14.0,260.0,0.979093677422,0.0230957511219
