,motion_thresh,age_l,age_u,n,med_rsq,CI_95
0,20.0,7.0,10.0,270.0,0.96340017122,0.0438485660297
