,motion_thresh,age_l,age_u,n,med_rsq,CI_95
0,42.0,10.0,13.0,140.0,0.977940702639,0.0381771212404
