,motion_thresh,age_l,age_u,n,med_rsq,CI_95
0,12.0,14.0,17.0,210.0,0.966333906282,0.0485723953978
