,motion_thresh,age_l,age_u,n,med_rsq,CI_95
0,18.0,6.0,9.0,60.0,0.941181200426,0.0606468031388
