,motion_thresh,age_l,age_u,n,med_rsq,CI_95
0,42.0,13.0,16.0,190.0,0.979043080688,0.0245448883463
