,motion_thresh,age_l,age_u,n,med_rsq,CI_95
0,6.0,13.0,16.0,230.0,0.969769769354,0.0269364311937
