,motion_thresh,age_l,age_u,n,med_rsq,CI_95
0,44.0,12.0,15.0,70.0,0.958033185334,0.0510060341078
