,motion_thresh,age_l,age_u,n,med_rsq,CI_95
0,8.0,15.0,18.0,140.0,0.94833573756,0.0716102350975
