,motion_thresh,age_l,age_u,n,med_rsq,CI_95
0,50.0,6.0,9.0,20.0,0.831687939764,0.250030864859
