,motion_thresh,age_l,age_u,n,med_rsq,CI_95,med_icc,CI_95_icc
0,35.0,13.0,16.0,30.0,0.913004526847,0.13277591394,0.957164290103,0.062473090088
