,motion_thresh,age_l,age_u,n,med_rsq,CI_95
0,30.0,10.0,13.0,300.0,0.978229534566,0.0209856044264
