,motion_thresh,age_l,age_u,n,med_rsq,CI_95
0,20.0,8.0,11.0,50.0,0.937825766532,0.0752395857718
