,motion_thresh,age_l,age_u,n,med_rsq,CI_95,med_icc,CI_95_icc
0,5.0,10.0,13.0,210.0,0.959820401965,0.042468837102,0.97947529109,0.0213158856679
