,motion_thresh,age_l,age_u,n,med_rsq,CI_95
0,2.0,7.0,10.0,240.0,0.868877348362,0.166344046984
