,motion_thresh,age_l,age_u,n,med_rsq,CI_95,med_icc,CI_95_icc
0,10.0,6.0,9.0,180.0,0.936641286236,0.0732212584774,0.967926120064,0.0377518369185
