,motion_thresh,age_l,age_u,n,med_rsq,CI_95
0,4.0,10.0,13.0,30.0,0.898337200605,0.0780621974755
