,motion_thresh,age_l,age_u,n,med_rsq,CI_95
0,4.0,7.0,10.0,270.0,0.905514192417,0.0499354026388
