,motion_thresh,age_l,age_u,n,med_rsq,CI_95
0,8.0,6.0,9.0,220.0,0.918575791546,0.0611305545544
