,motion_thresh,age_l,age_u,n,med_rsq,CI_95
0,4.0,14.0,17.0,30.0,0.890858010265,0.0355994005331
