,motion_thresh,age_l,age_u,n,med_rsq,CI_95,med_icc,CI_95_icc
0,40.0,8.0,11.0,180.0,0.977084145817,0.0360866804098,0.98850590911,0.0183286834734
