,motion_thresh,age_l,age_u,n,med_rsq,CI_95
0,4.0,11.0,14.0,180.0,0.963253951986,0.0105868999004
