,motion_thresh,age_l,age_u,n,med_rsq,CI_95
0,6.0,12.0,15.0,40.0,0.926854979949,0.0741052519274
