,motion_thresh,age_l,age_u,n,med_rsq,CI_95
0,2.0,12.0,15.0,220.0,0.948936981849,0.0258513049994
