,motion_thresh,age_l,age_u,n,med_rsq,CI_95
0,2.0,11.0,14.0,30.0,0.891109902319,0.0639114826879
