,motion_thresh,age_l,age_u,n,med_rsq,CI_95
0,26.0,11.0,14.0,30.0,0.894502986375,0.121306401594
