,motion_thresh,age_l,age_u,n,med_rsq,CI_95
0,12.0,7.0,10.0,80.0,0.952190964772,0.0495916099588
