,motion_thresh,age_l,age_u,n,med_rsq,CI_95
0,38.0,14.0,17.0,50.0,0.936276934266,0.0683288533937
