,motion_thresh,age_l,age_u,n,med_rsq,CI_95
0,18.0,10.0,13.0,210.0,0.973343611159,0.0247166694733
