,motion_thresh,age_l,age_u,n,med_rsq,CI_95
0,46.0,8.0,11.0,290.0,0.975092260876,0.0287819797621
