,motion_thresh,age_l,age_u,n,med_rsq,CI_95
0,50.0,8.0,11.0,30.0,0.896616968018,0.154026930066
