,motion_thresh,age_l,age_u,n,med_rsq,CI_95,med_icc,CI_95_icc
0,20.0,14.0,17.0,270.0,0.970988159066,0.0387663155614,0.985497855856,0.018258268147
