,motion_thresh,age_l,age_u,n,med_rsq,CI_95
0,12.0,13.0,16.0,130.0,0.960265152068,0.0544361529144
