,motion_thresh,age_l,age_u,n,med_rsq,CI_95
0,48.0,12.0,15.0,110.0,0.972748150858,0.0377934288594
