,motion_thresh,age_l,age_u,n,med_rsq,CI_95
0,30.0,6.0,9.0,240.0,0.948160057128,0.0574127981257
