,motion_thresh,age_l,age_u,n,med_rsq,CI_95
0,40.0,13.0,16.0,130.0,0.976563643927,0.0342666608475
