,motion_thresh,age_l,age_u,n,med_rsq,CI_95
0,14.0,12.0,15.0,240.0,0.976665141563,0.019470490967
