,motion_thresh,age_l,age_u,n,med_rsq,CI_95
0,6.0,15.0,18.0,180.0,0.947460742377,0.0424286882594
