,motion_thresh,age_l,age_u,n,med_rsq,CI_95
0,14.0,7.0,10.0,170.0,0.955286915792,0.0660461498177
