,motion_thresh,age_l,age_u,n,med_rsq,CI_95,med_icc,CI_95_icc
0,30.0,9.0,12.0,240.0,0.979174133371,0.0247324247818,0.989626363421,0.0130629290386
