,motion_thresh,age_l,age_u,n,med_rsq,CI_95
0,46.0,14.0,17.0,30.0,0.899635141775,0.117337146168
