,motion_thresh,age_l,age_u,n,med_rsq,CI_95,med_icc,CI_95_icc
0,50.0,12.0,15.0,240.0,0.983418375707,0.0236488302831,0.991712876972,0.0117730516363
