,motion_thresh,age_l,age_u,n,med_rsq,CI_95
0,4.0,12.0,15.0,60.0,0.950457075326,0.0626908623763
