,motion_thresh,age_l,age_u,n,med_rsq,CI_95
0,50.0,8.0,11.0,210.0,0.973582872202,0.0451367772153
