,motion_thresh,age_l,age_u,n,med_rsq,CI_95
0,40.0,12.0,15.0,40.0,0.929445895405,0.0962414469082
