,motion_thresh,age_l,age_u,n,med_rsq,CI_95
0,20.0,12.0,15.0,10.0,0.727161088286,0.371476660034
