,motion_thresh,age_l,age_u,n,med_rsq,CI_95
0,28.0,7.0,10.0,80.0,0.955233501336,0.0895077075919
