,motion_thresh,age_l,age_u,n,med_rsq,CI_95
0,46.0,9.0,12.0,250.0,0.978156617679,0.0218350071589
