,motion_thresh,age_l,age_u,n,med_rsq,CI_95
0,4.0,13.0,16.0,130.0,0.962634023222,0.0273612595509
