,motion_thresh,age_l,age_u,n,med_rsq,CI_95,med_icc,CI_95_icc
0,40.0,12.0,15.0,90.0,0.970510200082,0.0476088170953,0.985146862214,0.0236040285877
