,motion_thresh,age_l,age_u,n,med_rsq,CI_95
0,42.0,11.0,14.0,10.0,0.731988984193,0.312398406293
