,motion_thresh,age_l,age_u,n,med_rsq,CI_95,med_icc,CI_95_icc
0,20.0,13.0,16.0,150.0,0.979090978625,0.0229111981438,0.989480319854,0.0116569455467
