,motion_thresh,age_l,age_u,n,med_rsq,CI_95
0,2.0,8.0,11.0,210.0,0.910199770759,0.0621620781086
