,motion_thresh,age_l,age_u,n,med_rsq,CI_95
0,18.0,13.0,16.0,130.0,0.974183304502,0.0312186489606
