,motion_thresh,age_l,age_u,n,med_rsq,CI_95,med_icc,CI_95_icc
0,10.0,9.0,12.0,120.0,0.968698358859,0.0309184916881,0.984079288914,0.0156523840062
