,motion_thresh,age_l,age_u,n,med_rsq,CI_95
0,46.0,15.0,18.0,260.0,0.966790990556,0.0526200399729
