,motion_thresh,age_l,age_u,n,med_rsq,CI_95
0,4.0,8.0,11.0,50.0,0.934347000326,0.0703079283869
