,motion_thresh,age_l,age_u,n,med_rsq,CI_95
0,48.0,7.0,10.0,120.0,0.966720347137,0.0432857208455
