,motion_thresh,age_l,age_u,n,med_rsq,CI_95
0,22.0,15.0,18.0,50.0,0.939069290852,0.120170828672
