,motion_thresh,age_l,age_u,n,med_rsq,CI_95
0,36.0,15.0,18.0,280.0,0.966288691943,0.0414177205845
