,motion_thresh,age_l,age_u,n,med_rsq,CI_95
0,18.0,6.0,9.0,70.0,0.937647100356,0.0886073963094
