,motion_thresh,age_l,age_u,n,med_rsq,CI_95
0,36.0,15.0,18.0,220.0,0.969280970623,0.0398021079015
