,motion_thresh,age_l,age_u,n,med_rsq,CI_95
0,38.0,8.0,11.0,170.0,0.973767598771,0.0244428155425
