,motion_thresh,age_l,age_u,n,med_rsq,CI_95
0,12.0,8.0,11.0,300.0,0.95726820221,0.0805285566561
