,motion_thresh,age_l,age_u,n,med_rsq,CI_95
0,22.0,10.0,13.0,230.0,0.97594163707,0.0379225707024
