,motion_thresh,age_l,age_u,n,med_rsq,CI_95
0,36.0,10.0,13.0,120.0,0.974598604527,0.0350916063222
