,motion_thresh,age_l,age_u,n,med_rsq,CI_95,med_icc,CI_95_icc
0,35.0,8.0,11.0,30.0,0.908052477629,0.133386457415,0.954116636778,0.065229947912
