,motion_thresh,age_l,age_u,n,med_rsq,CI_95
0,24.0,7.0,10.0,50.0,0.935775877197,0.114407427582
