,motion_thresh,age_l,age_u,n,med_rsq,CI_95
0,12.0,8.0,11.0,20.0,0.852687547589,0.157267306514
