,motion_thresh,age_l,age_u,n,med_rsq,CI_95
0,42.0,13.0,16.0,20.0,0.852750700579,0.149481107483
