,motion_thresh,age_l,age_u,n,med_rsq,CI_95
0,22.0,7.0,10.0,60.0,0.943773878366,0.123972819904
