,motion_thresh,age_l,age_u,n,med_rsq,CI_95
0,48.0,6.0,9.0,190.0,0.940173236476,0.115892022903
