,motion_thresh,age_l,age_u,n,med_rsq,CI_95,med_icc,CI_95_icc
0,10.0,12.0,15.0,180.0,0.976711659336,0.0254634105628,0.988335902614,0.013088921382
