,motion_thresh,age_l,age_u,n,med_rsq,CI_95
0,36.0,8.0,11.0,110.0,0.970692006753,0.0433752639161
