,motion_thresh,age_l,age_u,n,med_rsq,CI_95,med_icc,CI_95_icc
0,15.0,7.0,10.0,120.0,0.949883752242,0.110624807521,0.975776443113,0.0498195761165
