,motion_thresh,age_l,age_u,n,med_rsq,CI_95
0,46.0,14.0,17.0,190.0,0.975747852607,0.0282337987897
