,motion_thresh,age_l,age_u,n,med_rsq,CI_95
0,14.0,12.0,15.0,10.0,0.716414943819,0.304312933906
