,motion_thresh,age_l,age_u,n,med_rsq,CI_95
0,28.0,14.0,17.0,210.0,0.972779987801,0.0308156343278
