,motion_thresh,age_l,age_u,n,med_rsq,CI_95
0,16.0,15.0,18.0,70.0,0.955398443947,0.0680127977921
