,motion_thresh,age_l,age_u,n,med_rsq,CI_95
0,12.0,8.0,11.0,140.0,0.957476561519,0.04991679811
