,motion_thresh,age_l,age_u,n,med_rsq,CI_95
0,22.0,8.0,11.0,90.0,0.964120641491,0.0451298463015
