,motion_thresh,age_l,age_u,n,med_rsq,CI_95
0,44.0,12.0,15.0,180.0,0.980638964643,0.0219947048628
