,motion_thresh,age_l,age_u,n,med_rsq,CI_95,med_icc,CI_95_icc
0,30.0,6.0,9.0,90.0,0.953216964297,0.0486408894483,0.976634088301,0.0215143302588
