,motion_thresh,age_l,age_u,n,med_rsq,CI_95
0,38.0,11.0,14.0,240.0,0.978949980738,0.0286507000209
