,motion_thresh,age_l,age_u,n,med_rsq,CI_95
0,14.0,9.0,12.0,60.0,0.949561728333,0.0585220373044
