,motion_thresh,age_l,age_u,n,med_rsq,CI_95,med_icc,CI_95_icc
0,15.0,7.0,10.0,90.0,0.948559944396,0.0795884598425,0.975028220705,0.0365853850816
