,motion_thresh,age_l,age_u,n,med_rsq,CI_95
0,4.0,8.0,11.0,290.0,0.931355973695,0.0658690932041
