,motion_thresh,age_l,age_u,n,med_rsq,CI_95,med_icc,CI_95_icc
0,45.0,15.0,18.0,210.0,0.972163399105,0.0442042351953,0.986092202712,0.0225206491337
