,motion_thresh,age_l,age_u,n,med_rsq,CI_95
0,38.0,11.0,14.0,260.0,0.978909917626,0.0212375785148
