,motion_thresh,age_l,age_u,n,med_rsq,CI_95
0,32.0,9.0,12.0,80.0,0.961701530081,0.050475534703
