,motion_thresh,age_l,age_u,n,med_rsq,CI_95
0,10.0,14.0,17.0,120.0,0.950185359547,0.0972205382553
