,motion_thresh,age_l,age_u,n,med_rsq,CI_95
0,2.0,8.0,11.0,200.0,0.907789491235,0.0584929399053
