,motion_thresh,age_l,age_u,n,med_rsq,CI_95
0,38.0,10.0,13.0,100.0,0.967534822017,0.0506763750382
