,motion_thresh,age_l,age_u,n,med_rsq,CI_95,med_icc,CI_95_icc
0,15.0,8.0,11.0,210.0,0.969506550021,0.0252375970785,0.984414088302,0.0132985036719
