,motion_thresh,age_l,age_u,n,med_rsq,CI_95
0,42.0,9.0,12.0,30.0,0.904078850024,0.105784635132
