,motion_thresh,age_l,age_u,n,med_rsq,CI_95
0,4.0,11.0,14.0,20.0,0.857355256958,0.142713770591
