,motion_thresh,age_l,age_u,n,med_rsq,CI_95
0,50.0,7.0,10.0,10.0,0.720058589242,0.368122855088
