,motion_thresh,age_l,age_u,n,med_rsq,CI_95
0,8.0,15.0,18.0,120.0,0.948767701131,0.071057523161
