,motion_thresh,age_l,age_u,n,med_rsq,CI_95
0,40.0,8.0,11.0,90.0,0.965114058461,0.0390246844475
