,motion_thresh,age_l,age_u,n,med_rsq,CI_95
0,48.0,8.0,11.0,180.0,0.973849706858,0.0373601637951
