,motion_thresh,age_l,age_u,n,med_rsq,CI_95
0,20.0,9.0,12.0,210.0,0.973393381757,0.0255739460969
