,motion_thresh,age_l,age_u,n,med_rsq,CI_95,med_icc,CI_95_icc
0,40.0,6.0,9.0,300.0,0.958065439989,0.0602869113953,0.979204000066,0.0287256695785
