,motion_thresh,age_l,age_u,n,med_rsq,CI_95,med_icc,CI_95_icc
0,5.0,7.0,10.0,60.0,0.933832941482,0.0659695132774,0.966702065867,0.0345654369375
