,motion_thresh,age_l,age_u,n,med_rsq,CI_95
0,32.0,11.0,14.0,260.0,0.979312472831,0.0208610612212
