,motion_thresh,age_l,age_u,n,med_rsq,CI_95
0,6.0,6.0,9.0,90.0,0.894166938287,0.0305737864869
