,motion_thresh,age_l,age_u,n,med_rsq,CI_95
0,2.0,7.0,10.0,290.0,0.881194045502,0.167462144903
