,motion_thresh,age_l,age_u,n,med_rsq,CI_95
0,26.0,14.0,17.0,100.0,0.9694595598,0.0534071711864
