,motion_thresh,age_l,age_u,n,med_rsq,CI_95
0,2.0,14.0,17.0,120.0,0.948798461855,0.0303883393042
