,motion_thresh,age_l,age_u,n,med_rsq,CI_95
0,10.0,8.0,11.0,190.0,0.959693427823,0.0418119676411
