,motion_thresh,age_l,age_u,n,med_rsq,CI_95,med_icc,CI_95_icc
0,10.0,7.0,10.0,120.0,0.955086665735,0.0453731905739,0.976992880388,0.0215445373104
