,motion_thresh,age_l,age_u,n,med_rsq,CI_95
0,8.0,14.0,17.0,270.0,0.961162857215,0.0455228613311
