,motion_thresh,age_l,age_u,n,med_rsq,CI_95
0,10.0,6.0,9.0,290.0,0.925238203962,0.0927091354843
