,motion_thresh,age_l,age_u,n,med_rsq,CI_95
0,4.0,12.0,15.0,10.0,0.728417259206,0.183506032415
