,motion_thresh,age_l,age_u,n,med_rsq,CI_95
0,38.0,7.0,10.0,290.0,0.963679546321,0.0345513817661
