,motion_thresh,age_l,age_u,n,med_rsq,CI_95
0,44.0,10.0,13.0,20.0,0.844165448829,0.258505076197
