,motion_thresh,age_l,age_u,n,med_rsq,CI_95
0,2.0,13.0,16.0,260.0,0.938086189028,0.0830937168451
