,motion_thresh,age_l,age_u,n,med_rsq,CI_95,med_icc,CI_95_icc
0,45.0,6.0,9.0,270.0,0.95646376883,0.0671693178041,0.978296684791,0.0304087374618
