,motion_thresh,age_l,age_u,n,med_rsq,CI_95
0,40.0,8.0,11.0,220.0,0.974127114192,0.0275872362009
