,motion_thresh,age_l,age_u,n,med_rsq,CI_95
0,40.0,9.0,12.0,50.0,0.937298463425,0.0883025749717
