,motion_thresh,age_l,age_u,n,med_rsq,CI_95,med_icc,CI_95_icc
0,20.0,14.0,17.0,150.0,0.972875562985,0.0449033012982,0.986524257593,0.0216180278389
