,motion_thresh,age_l,age_u,n,med_rsq,CI_95
0,48.0,8.0,11.0,10.0,0.674455626646,0.534570801423
