,motion_thresh,age_l,age_u,n,med_rsq,CI_95
0,34.0,15.0,18.0,300.0,0.968620310666,0.032772482328
