,motion_thresh,age_l,age_u,n,med_rsq,CI_95
0,44.0,13.0,16.0,70.0,0.956019756218,0.0548911155015
