,motion_thresh,age_l,age_u,n,med_rsq,CI_95
0,10.0,8.0,11.0,60.0,0.947699171999,0.0599064331866
