,motion_thresh,age_l,age_u,n,med_rsq,CI_95
0,42.0,11.0,14.0,180.0,0.980700062439,0.0254266382253
