,motion_thresh,age_l,age_u,n,med_rsq,CI_95
0,42.0,11.0,14.0,220.0,0.980850191944,0.0298442931529
