,motion_thresh,age_l,age_u,n,med_rsq,CI_95
0,48.0,15.0,18.0,300.0,0.969335475928,0.051864746789
