,motion_thresh,age_l,age_u,n,med_rsq,CI_95
0,4.0,6.0,9.0,250.0,0.900695015762,0.0398228168413
