,motion_thresh,age_l,age_u,n,med_rsq,CI_95
0,40.0,11.0,14.0,90.0,0.966091278198,0.0444774821842
