,motion_thresh,age_l,age_u,n,med_rsq,CI_95
0,44.0,14.0,17.0,40.0,0.924592723854,0.130758986278
