,motion_thresh,age_l,age_u,n,med_rsq,CI_95
0,4.0,14.0,17.0,260.0,0.95196734066,0.0358019201368
