,motion_thresh,age_l,age_u,n,med_rsq,CI_95
0,14.0,11.0,14.0,80.0,0.962935126813,0.034266489415
