,motion_thresh,age_l,age_u,n,med_rsq,CI_95
0,26.0,15.0,18.0,60.0,0.950312858336,0.091985432498
