,motion_thresh,age_l,age_u,n,med_rsq,CI_95
0,14.0,14.0,17.0,250.0,0.966581408916,0.0530403791588
