,motion_thresh,age_l,age_u,n,med_rsq,CI_95,med_icc,CI_95_icc
0,5.0,13.0,16.0,270.0,0.968869645398,0.0353631760036,0.984187333304,0.0183525325951
