,motion_thresh,age_l,age_u,n,med_rsq,CI_95
0,6.0,11.0,14.0,10.0,0.713343311002,0.345762738258
