,motion_thresh,age_l,age_u,n,med_rsq,CI_95
0,46.0,15.0,18.0,10.0,0.740526434972,0.276561328163
