,motion_thresh,age_l,age_u,n,med_rsq,CI_95
0,50.0,10.0,13.0,60.0,0.950730253738,0.0752885855413
