,motion_thresh,age_l,age_u,n,med_rsq,CI_95
0,24.0,11.0,14.0,30.0,0.9033252444,0.17060252597
