,motion_thresh,age_l,age_u,n,med_rsq,CI_95
0,2.0,10.0,13.0,80.0,0.936392587365,0.0353709548002
