,motion_thresh,age_l,age_u,n,med_rsq,CI_95,med_icc,CI_95_icc
0,20.0,15.0,18.0,210.0,0.966262604445,0.0391056377129,0.983055052901,0.0184183177834
