,motion_thresh,age_l,age_u,n,med_rsq,CI_95
0,42.0,14.0,17.0,210.0,0.976498239152,0.0216085702569
