,motion_thresh,age_l,age_u,n,med_rsq,CI_95
0,4.0,11.0,14.0,70.0,0.962476878391,0.0178977627917
