,motion_thresh,age_l,age_u,n,med_rsq,CI_95
0,44.0,8.0,11.0,290.0,0.974147445343,0.0257241665373
