,motion_thresh,age_l,age_u,n,med_rsq,CI_95
0,2.0,12.0,15.0,200.0,0.94600800558,0.0276284148501
