,motion_thresh,age_l,age_u,n,med_rsq,CI_95
0,28.0,12.0,15.0,130.0,0.977103408502,0.0346018966298
