,motion_thresh,age_l,age_u,n,med_rsq,CI_95
0,2.0,9.0,12.0,300.0,0.909308221566,0.0527669549589
