,motion_thresh,age_l,age_u,n,med_rsq,CI_95
0,2.0,8.0,11.0,60.0,0.90783314906,0.0367202269644
