,motion_thresh,age_l,age_u,n,med_rsq,CI_95
0,14.0,10.0,13.0,30.0,0.900450893354,0.105369491386
