,motion_thresh,age_l,age_u,n,med_rsq,CI_95
0,46.0,10.0,13.0,80.0,0.959322454892,0.0499407263075
