,motion_thresh,age_l,age_u,n,med_rsq,CI_95
0,4.0,15.0,18.0,220.0,0.938426139457,0.0719788170061
