,motion_thresh,age_l,age_u,n,med_rsq,CI_95
0,8.0,7.0,10.0,190.0,0.942686710641,0.0488240939579
