,motion_thresh,age_l,age_u,n,med_rsq,CI_95
0,20.0,6.0,9.0,130.0,0.941256511817,0.0652828663011
