,motion_thresh,age_l,age_u,n,med_rsq,CI_95
0,34.0,12.0,15.0,70.0,0.95814988424,0.0679644236305
