,motion_thresh,age_l,age_u,n,med_rsq,CI_95
0,26.0,8.0,11.0,210.0,0.970466111013,0.0395452578697
