,motion_thresh,age_l,age_u,n,med_rsq,CI_95
0,20.0,7.0,10.0,290.0,0.962147499527,0.0355840573013
