,motion_thresh,age_l,age_u,n,med_rsq,CI_95
0,2.0,12.0,15.0,150.0,0.949388399908,0.0171421773684
