,motion_thresh,age_l,age_u,n,med_rsq,CI_95
0,48.0,11.0,14.0,170.0,0.981027609204,0.0186011175958
