,motion_thresh,age_l,age_u,n,med_rsq,CI_95
0,6.0,15.0,18.0,130.0,0.950467794756,0.0208797634375
