,motion_thresh,age_l,age_u,n,med_rsq,CI_95
0,30.0,6.0,9.0,150.0,0.947174831269,0.0517217603973
