,motion_thresh,age_l,age_u,n,med_rsq,CI_95
0,34.0,8.0,11.0,280.0,0.974630275057,0.0281483123096
