,motion_thresh,age_l,age_u,n,med_rsq,CI_95
0,48.0,11.0,14.0,140.0,0.977854687929,0.0426400278605
