,motion_thresh,age_l,age_u,n,med_rsq,CI_95
0,22.0,14.0,17.0,80.0,0.960843748582,0.0428915788015
