,motion_thresh,age_l,age_u,n,med_rsq,CI_95,med_icc,CI_95_icc
0,50.0,10.0,13.0,30.0,0.910590387258,0.144043485127,0.954817082679,0.0713342822573
