,motion_thresh,age_l,age_u,n,med_rsq,CI_95
0,28.0,7.0,10.0,260.0,0.94319979451,0.109819410767
