,motion_thresh,age_l,age_u,n,med_rsq,CI_95
0,8.0,12.0,15.0,170.0,0.972839946249,0.024656157866
