,motion_thresh,age_l,age_u,n,med_rsq,CI_95
0,26.0,10.0,13.0,200.0,0.975726905761,0.0361400328777
