,motion_thresh,age_l,age_u,n,med_rsq,CI_95
0,10.0,12.0,15.0,130.0,0.973626988622,0.0279405694293
