,motion_thresh,age_l,age_u,n,med_rsq,CI_95
0,22.0,8.0,11.0,250.0,0.968321332547,0.0317619618656
