,motion_thresh,age_l,age_u,n,med_rsq,CI_95
0,26.0,12.0,15.0,90.0,0.965755969523,0.0595470592911
