,motion_thresh,age_l,age_u,n,med_rsq,CI_95
0,26.0,15.0,18.0,30.0,0.899000072248,0.131148682001
