,motion_thresh,age_l,age_u,n,med_rsq,CI_95,med_icc,CI_95_icc
0,45.0,11.0,14.0,240.0,0.983289301818,0.0173942418703,0.991625795002,0.00856143111546
