,motion_thresh,age_l,age_u,n,med_rsq,CI_95,med_icc,CI_95_icc
0,25.0,9.0,12.0,90.0,0.969899795766,0.066795377921,0.984787478291,0.0303044330292
