,motion_thresh,age_l,age_u,n,med_rsq,CI_95
0,50.0,9.0,12.0,230.0,0.979568054029,0.017761337385
