,motion_thresh,age_l,age_u,n,med_rsq,CI_95
0,44.0,15.0,18.0,240.0,0.968209574862,0.0433739101816
