,motion_thresh,age_l,age_u,n,med_rsq,CI_95,med_icc,CI_95_icc
0,35.0,14.0,17.0,180.0,0.977855684761,0.0200687703833,0.98905271022,0.00945002216952
