,motion_thresh,age_l,age_u,n,med_rsq,CI_95,med_icc,CI_95_icc
0,25.0,11.0,14.0,60.0,0.957368950723,0.0407937537626,0.978758106542,0.0198561187522
