,motion_thresh,age_l,age_u,n,med_rsq,CI_95
0,10.0,14.0,17.0,180.0,0.953685155587,0.0982155865318
