,motion_thresh,age_l,age_u,n,med_rsq,CI_95
0,4.0,12.0,15.0,110.0,0.942770169112,0.063015187887
