,motion_thresh,age_l,age_u,n,med_rsq,CI_95
0,12.0,6.0,9.0,80.0,0.932103771435,0.0712751584567
