,motion_thresh,age_l,age_u,n,med_rsq,CI_95,med_icc,CI_95_icc
0,20.0,11.0,14.0,150.0,0.98130017482,0.0221084586532,0.990565566636,0.0115226910358
