,motion_thresh,age_l,age_u,n,med_rsq,CI_95
0,14.0,6.0,9.0,280.0,0.934812269369,0.0773507397023
