,motion_thresh,age_l,age_u,n,med_rsq,CI_95
0,6.0,6.0,9.0,230.0,0.896684909521,0.0285190432454
