,motion_thresh,age_l,age_u,n,med_rsq,CI_95
0,2.0,13.0,16.0,230.0,0.926735284429,0.066515393983
