,motion_thresh,age_l,age_u,n,med_rsq,CI_95
0,2.0,9.0,12.0,180.0,0.912167838436,0.0628377783609
