,motion_thresh,age_l,age_u,n,med_rsq,CI_95
0,4.0,6.0,9.0,290.0,0.900218373329,0.0382340978566
