,motion_thresh,age_l,age_u,n,med_rsq,CI_95
0,8.0,8.0,11.0,120.0,0.954038791946,0.0558187656707
