,motion_thresh,age_l,age_u,n,med_rsq,CI_95
0,6.0,13.0,16.0,160.0,0.96830945456,0.0161888999948
