,motion_thresh,age_l,age_u,n,med_rsq,CI_95
0,24.0,15.0,18.0,40.0,0.924992139001,0.115887099064
