,motion_thresh,age_l,age_u,n,med_rsq,CI_95
0,42.0,10.0,13.0,90.0,0.967162755248,0.0412965691443
