,motion_thresh,age_l,age_u,n,med_rsq,CI_95
0,16.0,7.0,10.0,140.0,0.944112662357,0.0914706581284
