,motion_thresh,age_l,age_u,n,med_rsq,CI_95
0,28.0,12.0,15.0,80.0,0.964560523426,0.0432199780131
