,motion_thresh,age_l,age_u,n,med_rsq,CI_95
0,50.0,14.0,17.0,250.0,0.975972025007,0.0308581617383
