,motion_thresh,age_l,age_u,n,med_rsq,CI_95
0,4.0,13.0,16.0,140.0,0.964533697577,0.00613160593276
