,motion_thresh,age_l,age_u,n,med_rsq,CI_95
0,12.0,8.0,11.0,10.0,0.720154660931,0.381121519235
