,motion_thresh,age_l,age_u,n,med_rsq,CI_95
0,2.0,10.0,13.0,210.0,0.938425726735,0.0400448934247
