,motion_thresh,age_l,age_u,n,med_rsq,CI_95
0,40.0,7.0,10.0,200.0,0.963753751719,0.0404471894237
