,motion_thresh,age_l,age_u,n,med_rsq,CI_95
0,16.0,10.0,13.0,20.0,0.8521347677,0.149515742415
