,motion_thresh,age_l,age_u,n,med_rsq,CI_95
0,6.0,15.0,18.0,50.0,0.940014458199,0.0643647552716
