,motion_thresh,age_l,age_u,n,med_rsq,CI_95,med_icc,CI_95_icc
0,10.0,7.0,10.0,30.0,0.908015518522,0.127380137079,0.95399241107,0.058368626549
