,motion_thresh,age_l,age_u,n,med_rsq,CI_95
0,38.0,8.0,11.0,220.0,0.973969016325,0.0222501051547
