,motion_thresh,age_l,age_u,n,med_rsq,CI_95
0,48.0,11.0,14.0,80.0,0.96081492182,0.0690876709279
