,motion_thresh,age_l,age_u,n,med_rsq,CI_95
0,14.0,14.0,17.0,60.0,0.950624806957,0.0772519588415
