,motion_thresh,age_l,age_u,n,med_rsq,CI_95
0,32.0,8.0,11.0,20.0,0.850611212549,0.181738199697
