,motion_thresh,age_l,age_u,n,med_rsq,CI_95,med_icc,CI_95_icc
0,50.0,12.0,15.0,120.0,0.977967135058,0.0305927587881,0.989062806384,0.0154871994829
