,motion_thresh,age_l,age_u,n,med_rsq,CI_95
0,34.0,11.0,14.0,170.0,0.978898272218,0.030057765361
