,motion_thresh,age_l,age_u,n,med_rsq,CI_95
0,2.0,8.0,11.0,300.0,0.906637951766,0.0652734852494
