,motion_thresh,age_l,age_u,n,med_rsq,CI_95
0,6.0,10.0,13.0,190.0,0.958894964979,0.0444825765916
