,motion_thresh,age_l,age_u,n,med_rsq,CI_95,med_icc,CI_95_icc
0,10.0,12.0,15.0,150.0,0.977880280177,0.0196798500648,0.988701942951,0.0100034887241
