,motion_thresh,age_l,age_u,n,med_rsq,CI_95
0,2.0,6.0,9.0,180.0,0.86707769761,0.0672781143643
