,motion_thresh,age_l,age_u,n,med_rsq,CI_95
0,24.0,8.0,11.0,210.0,0.967751024814,0.04792741365
