,motion_thresh,age_l,age_u,n,med_rsq,CI_95
0,26.0,10.0,13.0,120.0,0.975509353504,0.024417416858
