,motion_thresh,age_l,age_u,n,med_rsq,CI_95
0,42.0,9.0,12.0,290.0,0.977267229296,0.027151283409
