,motion_thresh,age_l,age_u,n,med_rsq,CI_95,med_icc,CI_95_icc
0,50.0,8.0,11.0,240.0,0.974842991963,0.0392694971918,0.987291705333,0.0205370876393
