,motion_thresh,age_l,age_u,n,med_rsq,CI_95
0,44.0,14.0,17.0,200.0,0.976312428376,0.0232423278634
