,motion_thresh,age_l,age_u,n,med_rsq,CI_95
0,6.0,12.0,15.0,90.0,0.967208515237,0.0173115456095
