,motion_thresh,age_l,age_u,n,med_rsq,CI_95
0,44.0,8.0,11.0,80.0,0.957905241688,0.0584663581377
