,motion_thresh,age_l,age_u,n,med_rsq,CI_95
0,46.0,11.0,14.0,10.0,0.727690588596,0.414527454025
