,motion_thresh,age_l,age_u,n,med_rsq,CI_95
0,2.0,12.0,15.0,200.0,0.944288477948,0.0273610239427
