,motion_thresh,age_l,age_u,n,med_rsq,CI_95
0,2.0,13.0,16.0,50.0,0.941938995555,0.0350344623032
