,motion_thresh,age_l,age_u,n,med_rsq,CI_95
0,26.0,7.0,10.0,300.0,0.930844555518,0.153186960712
