,motion_thresh,age_l,age_u,n,med_rsq,CI_95
0,44.0,13.0,16.0,280.0,0.978072806242,0.0237896393936
