,motion_thresh,age_l,age_u,n,med_rsq,CI_95
0,22.0,13.0,16.0,80.0,0.962645196578,0.0555871996366
