,motion_thresh,age_l,age_u,n,med_rsq,CI_95
0,6.0,15.0,18.0,10.0,0.720446908979,0.173382794828
