,motion_thresh,age_l,age_u,n,med_rsq,CI_95,med_icc,CI_95_icc
0,25.0,12.0,15.0,270.0,0.980935260538,0.0167538547252,0.990519069657,0.00835432379761
