,motion_thresh,age_l,age_u,n,med_rsq,CI_95
0,16.0,13.0,16.0,290.0,0.973889005847,0.0307340598736
