,motion_thresh,age_l,age_u,n,med_rsq,CI_95,med_icc,CI_95_icc
0,5.0,9.0,12.0,120.0,0.955657899326,0.0393971770829,0.97767937638,0.0182999283993
