,motion_thresh,age_l,age_u,n,med_rsq,CI_95
0,44.0,13.0,16.0,220.0,0.977377885338,0.0226500554024
