,motion_thresh,age_l,age_u,n,med_rsq,CI_95
0,22.0,12.0,15.0,10.0,0.711277148289,0.529579102691
