,motion_thresh,age_l,age_u,n,med_rsq,CI_95
0,6.0,10.0,13.0,240.0,0.956674525223,0.0142375153297
