,motion_thresh,age_l,age_u,n,med_rsq,CI_95
0,46.0,14.0,17.0,180.0,0.976211675082,0.0232066669087
