,motion_thresh,age_l,age_u,n,med_rsq,CI_95
0,20.0,10.0,13.0,260.0,0.973024929355,0.0446627177246
