,motion_thresh,age_l,age_u,n,med_rsq,CI_95
0,16.0,6.0,9.0,80.0,0.941090182043,0.0943664593761
