,motion_thresh,age_l,age_u,n,med_rsq,CI_95
0,24.0,15.0,18.0,80.0,0.962725168196,0.099110558201
