,motion_thresh,age_l,age_u,n,med_rsq,CI_95
0,2.0,10.0,13.0,250.0,0.941815882658,0.0212942274674
