,motion_thresh,age_l,age_u,n,med_rsq,CI_95
0,24.0,6.0,9.0,140.0,0.945923272654,0.0510424057872
