,motion_thresh,age_l,age_u,n,med_rsq,CI_95
0,2.0,14.0,17.0,100.0,0.947601438501,0.024297484808
