,motion_thresh,age_l,age_u,n,med_rsq,CI_95
0,46.0,9.0,12.0,170.0,0.977534838889,0.0270229025483
