,motion_thresh,age_l,age_u,n,med_rsq,CI_95
0,46.0,9.0,12.0,90.0,0.965151526173,0.0681172089899
