,motion_thresh,age_l,age_u,n,med_rsq,CI_95
0,22.0,11.0,14.0,110.0,0.973728085111,0.0371639275094
