,motion_thresh,age_l,age_u,n,med_rsq,CI_95
0,50.0,9.0,12.0,170.0,0.978953650562,0.0253861223733
