,motion_thresh,age_l,age_u,n,med_rsq,CI_95
0,18.0,8.0,11.0,210.0,0.965374978766,0.0441613396435
