,motion_thresh,age_l,age_u,n,med_rsq,CI_95
0,12.0,6.0,9.0,100.0,0.930996714331,0.0497750558739
