,motion_thresh,age_l,age_u,n,med_rsq,CI_95,med_icc,CI_95_icc
0,15.0,10.0,13.0,180.0,0.977033081336,0.0258683761697,0.988155366028,0.013413864247
