,motion_thresh,age_l,age_u,n,med_rsq,CI_95
0,2.0,9.0,12.0,100.0,0.915270149847,0.0473018411235
