,motion_thresh,age_l,age_u,n,med_rsq,CI_95
0,12.0,8.0,11.0,30.0,0.90128069536,0.130207745892
