,motion_thresh,age_l,age_u,n,med_rsq,CI_95
0,42.0,9.0,12.0,50.0,0.938668782397,0.0827271715051
