,motion_thresh,age_l,age_u,n,med_rsq,CI_95
0,8.0,9.0,12.0,160.0,0.955823371901,0.0473808271487
