,motion_thresh,age_l,age_u,n,med_rsq,CI_95
0,10.0,9.0,12.0,210.0,0.963670475311,0.033108623059
