,motion_thresh,age_l,age_u,n,med_rsq,CI_95
0,22.0,12.0,15.0,150.0,0.976425510875,0.0326799584894
