,motion_thresh,age_l,age_u,n,med_rsq,CI_95
0,22.0,14.0,17.0,180.0,0.969078808611,0.0470700089506
