,motion_thresh,age_l,age_u,n,med_rsq,CI_95
0,42.0,12.0,15.0,10.0,0.718644847429,0.323916652744
