,motion_thresh,age_l,age_u,n,med_rsq,CI_95
0,48.0,10.0,13.0,70.0,0.955936068731,0.0815853886664
