,motion_thresh,age_l,age_u,n,med_rsq,CI_95,med_icc,CI_95_icc
0,50.0,13.0,16.0,90.0,0.970638970123,0.0360525582924,0.985380546068,0.0177687989078
