,motion_thresh,age_l,age_u,n,med_rsq,CI_95
0,8.0,9.0,12.0,10.0,0.706642498119,0.263377152942
