,motion_thresh,age_l,age_u,n,med_rsq,CI_95
0,12.0,10.0,13.0,60.0,0.949509632379,0.0595848271256
