,motion_thresh,age_l,age_u,n,med_rsq,CI_95
0,18.0,8.0,11.0,150.0,0.965197713818,0.0404949754654
