,motion_thresh,age_l,age_u,n,med_rsq,CI_95
0,8.0,7.0,10.0,260.0,0.943209113489,0.046651956683
