,motion_thresh,age_l,age_u,n,med_rsq,CI_95
0,46.0,10.0,13.0,20.0,0.842966982654,0.272140427136
