,motion_thresh,age_l,age_u,n,med_rsq,CI_95
0,34.0,7.0,10.0,220.0,0.964932631144,0.0431943724248
