,motion_thresh,age_l,age_u,n,med_rsq,CI_95
0,48.0,12.0,15.0,120.0,0.975871955905,0.0333169692255
