,motion_thresh,age_l,age_u,n,med_rsq,CI_95,med_icc,CI_95_icc
0,15.0,8.0,11.0,270.0,0.967260215717,0.0382186743193,0.983115714756,0.020137840208
