,motion_thresh,age_l,age_u,n,med_rsq,CI_95
0,10.0,14.0,17.0,260.0,0.951168813254,0.0794169524041
