,motion_thresh,age_l,age_u,n,med_rsq,CI_95
0,2.0,6.0,9.0,20.0,0.851547025971,0.154380024708
