,motion_thresh,age_l,age_u,n,med_rsq,CI_95
0,18.0,6.0,9.0,130.0,0.944309798298,0.0593441130305
