,motion_thresh,age_l,age_u,n,med_rsq,CI_95
0,26.0,13.0,16.0,240.0,0.975875027993,0.0225054851706
