,motion_thresh,age_l,age_u,n,med_rsq,CI_95
0,36.0,9.0,12.0,240.0,0.976701505727,0.0314139867016
