,motion_thresh,age_l,age_u,n,med_rsq,CI_95
0,40.0,6.0,9.0,40.0,0.920895257129,0.0993026528172
