,motion_thresh,age_l,age_u,n,med_rsq,CI_95
0,50.0,12.0,15.0,260.0,0.980519008978,0.0279660602796
