,motion_thresh,age_l,age_u,n,med_rsq,CI_95,med_icc,CI_95_icc
0,15.0,15.0,18.0,180.0,0.965029253249,0.052882949283,0.982482397352,0.0251151341707
