,motion_thresh,age_l,age_u,n,med_rsq,CI_95,med_icc,CI_95_icc
0,40.0,15.0,18.0,120.0,0.971862370785,0.0444184727658,0.985905141881,0.0222858845908
