,motion_thresh,age_l,age_u,n,med_rsq,CI_95
0,6.0,13.0,16.0,130.0,0.968779490568,0.0315503198758
