,motion_thresh,age_l,age_u,n,med_rsq,CI_95,med_icc,CI_95_icc
0,40.0,11.0,14.0,150.0,0.982682262335,0.0221312429592,0.991353435235,0.0113589696346
