,motion_thresh,age_l,age_u,n,med_rsq,CI_95
0,4.0,12.0,15.0,160.0,0.93813070197,0.0540152441133
