,motion_thresh,age_l,age_u,n,med_rsq,CI_95
0,14.0,7.0,10.0,160.0,0.955633632598,0.0465372599622
