,motion_thresh,age_l,age_u,n,med_rsq,CI_95
0,16.0,7.0,10.0,170.0,0.941127242385,0.0962969816819
