,motion_thresh,age_l,age_u,n,med_rsq,CI_95
0,48.0,13.0,16.0,150.0,0.977429830909,0.035184593452
