,motion_thresh,age_l,age_u,n,med_rsq,CI_95
0,48.0,15.0,18.0,60.0,0.946614864567,0.0669640687407
