,motion_thresh,age_l,age_u,n,med_rsq,CI_95
0,44.0,15.0,18.0,180.0,0.969446397345,0.0455442223867
