,motion_thresh,age_l,age_u,n,med_rsq,CI_95
0,20.0,6.0,9.0,170.0,0.939879161388,0.0523490614166
