,motion_thresh,age_l,age_u,n,med_rsq,CI_95
0,8.0,13.0,16.0,200.0,0.970584356108,0.0261513623584
