,motion_thresh,age_l,age_u,n,med_rsq,CI_95
0,14.0,7.0,10.0,140.0,0.954119118784,0.0664932243984
