,motion_thresh,age_l,age_u,n,med_rsq,CI_95
0,4.0,13.0,16.0,150.0,0.962707882928,0.0248180322506
