,motion_thresh,age_l,age_u,n,med_rsq,CI_95
0,14.0,11.0,14.0,120.0,0.975058150013,0.0316405399813
