,motion_thresh,age_l,age_u,n,med_rsq,CI_95
0,2.0,13.0,16.0,30.0,0.899667461134,0.0736854612487
