,motion_thresh,age_l,age_u,n,med_rsq,CI_95
0,24.0,8.0,11.0,150.0,0.966864470485,0.0394002472233
