,motion_thresh,age_l,age_u,n,med_rsq,CI_95
0,34.0,14.0,17.0,90.0,0.964551831371,0.0459095891976
