,motion_thresh,age_l,age_u,n,med_rsq,CI_95
0,16.0,15.0,18.0,120.0,0.963416383798,0.0378820385854
