,motion_thresh,age_l,age_u,n,med_rsq,CI_95
0,12.0,15.0,18.0,290.0,0.959952655603,0.0371114340408
