,motion_thresh,age_l,age_u,n,med_rsq,CI_95
0,42.0,6.0,9.0,180.0,0.947876170438,0.060468279225
