,motion_thresh,age_l,age_u,n,med_rsq,CI_95,med_icc,CI_95_icc
0,25.0,12.0,15.0,30.0,0.911502031577,0.131309275582,0.956255441673,0.0594199894737
