,motion_thresh,age_l,age_u,n,med_rsq,CI_95
0,4.0,6.0,9.0,190.0,0.898829453958,0.0354952573596
