,motion_thresh,age_l,age_u,n,med_rsq,CI_95
0,32.0,13.0,16.0,20.0,0.850478846007,0.187613953906
