,motion_thresh,age_l,age_u,n,med_rsq,CI_95
0,4.0,15.0,18.0,180.0,0.934790166313,0.0503096285471
