,motion_thresh,age_l,age_u,n,med_rsq,CI_95
0,12.0,7.0,10.0,170.0,0.951583721711,0.0564143460535
