,motion_thresh,age_l,age_u,n,med_rsq,CI_95
0,22.0,9.0,12.0,240.0,0.968797366331,0.0426219634045
