,motion_thresh,age_l,age_u,n,med_rsq,CI_95
0,30.0,10.0,13.0,40.0,0.922258758189,0.092150276549
