,motion_thresh,age_l,age_u,n,med_rsq,CI_95
0,36.0,9.0,12.0,80.0,0.962621484024,0.0612056381234
