,motion_thresh,age_l,age_u,n,med_rsq,CI_95,med_icc,CI_95_icc
0,10.0,9.0,12.0,300.0,0.968524108907,0.0238515807148,0.984361925021,0.0119395463531
