,motion_thresh,age_l,age_u,n,med_rsq,CI_95
0,22.0,14.0,17.0,140.0,0.968891536511,0.0517478884376
