,motion_thresh,age_l,age_u,n,med_rsq,CI_95
0,40.0,6.0,9.0,280.0,0.947409393967,0.0675594575636
