,motion_thresh,age_l,age_u,n,med_rsq,CI_95
0,8.0,8.0,11.0,10.0,0.715743092234,0.319664535745
