,motion_thresh,age_l,age_u,n,med_rsq,CI_95
0,8.0,15.0,18.0,200.0,0.951149382451,0.0673279026881
