,motion_thresh,age_l,age_u,n,med_rsq,CI_95
0,32.0,12.0,15.0,280.0,0.97714176294,0.0296503752781
