,motion_thresh,age_l,age_u,n,med_rsq,CI_95
0,14.0,6.0,9.0,80.0,0.930929870801,0.100548266634
