,motion_thresh,age_l,age_u,n,med_rsq,CI_95
0,44.0,9.0,12.0,230.0,0.97721325977,0.0325352271228
