,motion_thresh,age_l,age_u,n,med_rsq,CI_95
0,38.0,8.0,11.0,130.0,0.974133652551,0.0284428678803
