,motion_thresh,age_l,age_u,n,med_rsq,CI_95
0,34.0,7.0,10.0,250.0,0.965619315459,0.0333058875269
