,motion_thresh,age_l,age_u,n,med_rsq,CI_95
0,46.0,12.0,15.0,130.0,0.976570527687,0.0351642174373
