,motion_thresh,age_l,age_u,n,med_rsq,CI_95
0,2.0,6.0,9.0,30.0,0.858227976501,0.0665091248815
