,motion_thresh,age_l,age_u,n,med_rsq,CI_95
0,38.0,13.0,16.0,190.0,0.974467642943,0.0420333131365
