,motion_thresh,age_l,age_u,n,med_rsq,CI_95
0,14.0,6.0,9.0,230.0,0.931970001209,0.0883834254015
