,motion_thresh,age_l,age_u,n,med_rsq,CI_95
0,40.0,6.0,9.0,20.0,0.839004488001,0.173670839091
