,motion_thresh,age_l,age_u,n,med_rsq,CI_95
0,30.0,11.0,14.0,120.0,0.975028724796,0.0293972257389
