,motion_thresh,age_l,age_u,n,med_rsq,CI_95
0,2.0,9.0,12.0,220.0,0.91959028684,0.0201450375938
