,motion_thresh,age_l,age_u,n,med_rsq,CI_95
0,38.0,9.0,12.0,160.0,0.977873214649,0.0242180121707
