,motion_thresh,age_l,age_u,n,med_rsq,CI_95
0,2.0,9.0,12.0,140.0,0.914259386581,0.0422456487795
