,motion_thresh,age_l,age_u,n,med_rsq,CI_95
0,38.0,7.0,10.0,200.0,0.963197236167,0.03307677072
