,motion_thresh,age_l,age_u,n,med_rsq,CI_95
0,28.0,11.0,14.0,70.0,0.957309999945,0.0538102776926
