,motion_thresh,age_l,age_u,n,med_rsq,CI_95,med_icc,CI_95_icc
0,35.0,11.0,14.0,270.0,0.982677745308,0.0212155294398,0.991301590698,0.0109191875355
