,motion_thresh,age_l,age_u,n,med_rsq,CI_95
0,20.0,13.0,16.0,140.0,0.975486951034,0.0265922624764
