,motion_thresh,age_l,age_u,n,med_rsq,CI_95
0,16.0,11.0,14.0,100.0,0.971725678635,0.0463266481903
