,motion_thresh,age_l,age_u,n,med_rsq,CI_95
0,10.0,9.0,12.0,160.0,0.962396100137,0.0311878284291
