,motion_thresh,age_l,age_u,n,med_rsq,CI_95
0,34.0,10.0,13.0,30.0,0.893004967577,0.141690944383
