,motion_thresh,age_l,age_u,n,med_rsq,CI_95
0,34.0,12.0,15.0,100.0,0.969259619696,0.0293608053684
