,motion_thresh,age_l,age_u,n,med_rsq,CI_95
0,10.0,13.0,16.0,220.0,0.968990675764,0.0432228607602
