,motion_thresh,age_l,age_u,n,med_rsq,CI_95
0,50.0,11.0,14.0,30.0,0.899857860982,0.140915323743
