,motion_thresh,age_l,age_u,n,med_rsq,CI_95
0,24.0,15.0,18.0,170.0,0.963988164259,0.076593178622
