,motion_thresh,age_l,age_u,n,med_rsq,CI_95,med_icc,CI_95_icc
0,40.0,8.0,11.0,60.0,0.955223189469,0.0766223449287,0.977399383869,0.0405181661844
