,motion_thresh,age_l,age_u,n,med_rsq,CI_95,med_icc,CI_95_icc
0,15.0,14.0,17.0,210.0,0.973470113727,0.0272181103329,0.986612182401,0.0133267694159
