,motion_thresh,age_l,age_u,n,med_rsq,CI_95
0,16.0,15.0,18.0,30.0,0.90304160803,0.200943135527
