,motion_thresh,age_l,age_u,n,med_rsq,CI_95,med_icc,CI_95_icc
0,25.0,8.0,11.0,180.0,0.969424045735,0.0461128098071,0.985081686237,0.0212533725146
