,motion_thresh,age_l,age_u,n,med_rsq,CI_95
0,14.0,15.0,18.0,170.0,0.958034723327,0.052570165504
