,motion_thresh,age_l,age_u,n,med_rsq,CI_95
0,42.0,6.0,9.0,280.0,0.950559532871,0.0628936675891
