,motion_thresh,age_l,age_u,n,med_rsq,CI_95,med_icc,CI_95_icc
0,50.0,10.0,13.0,120.0,0.977814634243,0.043556485998,0.988777924017,0.0222490305005
