,motion_thresh,age_l,age_u,n,med_rsq,CI_95
0,44.0,12.0,15.0,50.0,0.941579362603,0.0832843600697
