,motion_thresh,age_l,age_u,n,med_rsq,CI_95,med_icc,CI_95_icc
0,10.0,9.0,12.0,150.0,0.96783030696,0.0303350988358,0.983812863333,0.014876972189
