,motion_thresh,age_l,age_u,n,med_rsq,CI_95
0,50.0,9.0,12.0,120.0,0.974000617916,0.0450729604776
