,motion_thresh,age_l,age_u,n,med_rsq,CI_95
0,26.0,9.0,12.0,170.0,0.975750634149,0.0232390984115
