,motion_thresh,age_l,age_u,n,med_rsq,CI_95
0,4.0,8.0,11.0,30.0,0.881211237005,0.0658593281303
