,motion_thresh,age_l,age_u,n,med_rsq,CI_95
0,4.0,10.0,13.0,130.0,0.952199811913,0.0391683878661
