,motion_thresh,age_l,age_u,n,med_rsq,CI_95,med_icc,CI_95_icc
0,30.0,9.0,12.0,300.0,0.978986900836,0.0179263024559,0.989482778683,0.00914557169106
