,motion_thresh,age_l,age_u,n,med_rsq,CI_95,med_icc,CI_95_icc
0,25.0,10.0,13.0,210.0,0.97613084972,0.0427176455795,0.987937070652,0.0218834276096
