,motion_thresh,age_l,age_u,n,med_rsq,CI_95
0,26.0,7.0,10.0,90.0,0.933201266173,0.118393996196
