,motion_thresh,age_l,age_u,n,med_rsq,CI_95
0,22.0,7.0,10.0,180.0,0.959381969107,0.060489067319
