,motion_thresh,age_l,age_u,n,med_rsq,CI_95
0,28.0,10.0,13.0,90.0,0.964665517993,0.0471548664
