,motion_thresh,age_l,age_u,n,med_rsq,CI_95
0,40.0,9.0,12.0,20.0,0.849959178253,0.296353672545
