,motion_thresh,age_l,age_u,n,med_rsq,CI_95
0,30.0,7.0,10.0,40.0,0.923196604257,0.119266026714
