,motion_thresh,age_l,age_u,n,med_rsq,CI_95
0,38.0,14.0,17.0,270.0,0.969709595824,0.0477334667225
