,motion_thresh,age_l,age_u,n,med_rsq,CI_95
0,12.0,14.0,17.0,40.0,0.922740004773,0.110809017776
