,motion_thresh,age_l,age_u,n,med_rsq,CI_95
0,12.0,10.0,13.0,140.0,0.971623316117,0.0283512417856
