,motion_thresh,age_l,age_u,n,med_rsq,CI_95
0,44.0,14.0,17.0,210.0,0.975417229137,0.0316246962815
