,motion_thresh,age_l,age_u,n,med_rsq,CI_95,med_icc,CI_95_icc
0,15.0,8.0,11.0,180.0,0.966441612341,0.0474545474935,0.982791188251,0.0251688335429
