,motion_thresh,age_l,age_u,n,med_rsq,CI_95
0,34.0,15.0,18.0,170.0,0.970985230402,0.0411403366706
