,motion_thresh,age_l,age_u,n,med_rsq,CI_95
0,30.0,12.0,15.0,120.0,0.976024005974,0.0226927745647
