,motion_thresh,age_l,age_u,n,med_rsq,CI_95
0,24.0,12.0,15.0,170.0,0.978140936037,0.0217055356458
