,motion_thresh,age_l,age_u,n,med_rsq,CI_95
0,42.0,6.0,9.0,270.0,0.950235754563,0.0404148177682
