,motion_thresh,age_l,age_u,n,med_rsq,CI_95,med_icc,CI_95_icc
0,35.0,11.0,14.0,150.0,0.982589044415,0.0219600007148,0.991256564047,0.0112165563653
