,motion_thresh,age_l,age_u,n,med_rsq,CI_95,med_icc,CI_95_icc
0,20.0,12.0,15.0,300.0,0.981839733353,0.0153478618358,0.99073928126,0.00815205441691
