,motion_thresh,age_l,age_u,n,med_rsq,CI_95
0,36.0,12.0,15.0,60.0,0.948234965556,0.0885060091357
