,motion_thresh,age_l,age_u,n,med_rsq,CI_95
0,46.0,14.0,17.0,10.0,0.726290633053,0.338738531341
