,motion_thresh,age_l,age_u,n,med_rsq,CI_95
0,46.0,14.0,17.0,80.0,0.960818156623,0.0799176152921
