,motion_thresh,age_l,age_u,n,med_rsq,CI_95
0,4.0,12.0,15.0,150.0,0.938841907554,0.0524554914471
