,motion_thresh,age_l,age_u,n,med_rsq,CI_95
0,10.0,9.0,12.0,200.0,0.964316308076,0.0280131427524
