,motion_thresh,age_l,age_u,n,med_rsq,CI_95
0,10.0,13.0,16.0,120.0,0.969368692143,0.0276282078031
