,motion_thresh,age_l,age_u,n,med_rsq,CI_95,med_icc,CI_95_icc
0,40.0,15.0,18.0,270.0,0.973077305046,0.0378304443929,0.986489618703,0.0192678660226
