,motion_thresh,age_l,age_u,n,med_rsq,CI_95
0,42.0,12.0,15.0,250.0,0.980222036928,0.0231322265193
