,motion_thresh,age_l,age_u,n,med_rsq,CI_95
0,14.0,9.0,12.0,290.0,0.952571819417,0.0629512202895
