,motion_thresh,age_l,age_u,n,med_rsq,CI_95
0,14.0,9.0,12.0,100.0,0.94733839024,0.0814999076306
