,motion_thresh,age_l,age_u,n,med_rsq,CI_95,med_icc,CI_95_icc
0,5.0,11.0,14.0,150.0,0.971158771359,0.021477690491,0.985696708677,0.0104338945462
