,motion_thresh,age_l,age_u,n,med_rsq,CI_95
0,2.0,9.0,12.0,160.0,0.91737650595,0.0246883402037
