,motion_thresh,age_l,age_u,n,med_rsq,CI_95
0,18.0,6.0,9.0,140.0,0.940127140385,0.0669585002538
