,motion_thresh,age_l,age_u,n,med_rsq,CI_95
0,22.0,6.0,9.0,180.0,0.937890340712,0.0616415607645
