,motion_thresh,age_l,age_u,n,med_rsq,CI_95
0,46.0,10.0,13.0,180.0,0.974641393398,0.0464301509036
