,motion_thresh,age_l,age_u,n,med_rsq,CI_95
0,26.0,10.0,13.0,190.0,0.977334787184,0.0363702860182
