,motion_thresh,age_l,age_u,n,med_rsq,CI_95
0,4.0,12.0,15.0,270.0,0.949366353764,0.0438715768863
