,motion_thresh,age_l,age_u,n,med_rsq,CI_95
0,10.0,12.0,15.0,190.0,0.973305064662,0.0192256685656
