,motion_thresh,age_l,age_u,n,med_rsq,CI_95
0,4.0,7.0,10.0,30.0,0.894349337203,0.129431038846
