,motion_thresh,age_l,age_u,n,med_rsq,CI_95
0,22.0,15.0,18.0,120.0,0.962913909242,0.0478760648163
