,motion_thresh,age_l,age_u,n,med_rsq,CI_95
0,30.0,12.0,15.0,70.0,0.958374723663,0.0550453736871
