,motion_thresh,age_l,age_u,n,med_rsq,CI_95
0,50.0,7.0,10.0,250.0,0.965795718821,0.0505222324531
