,motion_thresh,age_l,age_u,n,med_rsq,CI_95
0,26.0,15.0,18.0,180.0,0.964257211469,0.0457631556044
