,motion_thresh,age_l,age_u,n,med_rsq,CI_95
0,2.0,15.0,18.0,140.0,0.926918877227,0.0513897909075
