,motion_thresh,age_l,age_u,n,med_rsq,CI_95
0,26.0,13.0,16.0,110.0,0.971816830897,0.0332186215576
