,motion_thresh,age_l,age_u,n,med_rsq,CI_95
0,14.0,8.0,11.0,170.0,0.96405596249,0.026907194007
