,motion_thresh,age_l,age_u,n,med_rsq,CI_95
0,18.0,7.0,10.0,260.0,0.955277315056,0.111465119437
