,motion_thresh,age_l,age_u,n,med_rsq,CI_95
0,46.0,11.0,14.0,130.0,0.976798939559,0.0265235750107
