,motion_thresh,age_l,age_u,n,med_rsq,CI_95
0,10.0,6.0,9.0,30.0,0.898880149323,0.129221842563
