,motion_thresh,age_l,age_u,n,med_rsq,CI_95
0,42.0,9.0,12.0,250.0,0.977792833878,0.0312436702202
