,motion_thresh,age_l,age_u,n,med_rsq,CI_95
0,18.0,11.0,14.0,210.0,0.978491511119,0.0199029523244
