,motion_thresh,age_l,age_u,n,med_rsq,CI_95
0,34.0,14.0,17.0,160.0,0.975096766761,0.042885172569
