,motion_thresh,age_l,age_u,n,med_rsq,CI_95
0,44.0,15.0,18.0,110.0,0.967315156058,0.0418358211369
