,motion_thresh,age_l,age_u,n,med_rsq,CI_95
0,6.0,12.0,15.0,250.0,0.968724888414,0.0378676140374
