,motion_thresh,age_l,age_u,n,med_rsq,CI_95
0,48.0,8.0,11.0,300.0,0.975682469816,0.0236641176708
