,motion_thresh,age_l,age_u,n,med_rsq,CI_95
0,6.0,6.0,9.0,280.0,0.895644496941,0.0808938684662
