,motion_thresh,age_l,age_u,n,med_rsq,CI_95
0,16.0,8.0,11.0,200.0,0.964789606105,0.034937641983
