,motion_thresh,age_l,age_u,n,med_rsq,CI_95
0,20.0,10.0,13.0,140.0,0.972769644164,0.0344026017175
