,motion_thresh,age_l,age_u,n,med_rsq,CI_95
0,34.0,10.0,13.0,280.0,0.976639582762,0.031797958326
