,motion_thresh,age_l,age_u,n,med_rsq,CI_95
0,8.0,14.0,17.0,100.0,0.964282049718,0.0400009222238
