,motion_thresh,age_l,age_u,n,med_rsq,CI_95
0,38.0,6.0,9.0,130.0,0.951534918119,0.0601656899363
