,motion_thresh,age_l,age_u,n,med_rsq,CI_95
0,28.0,7.0,10.0,190.0,0.942875655641,0.0935499131291
