,motion_thresh,age_l,age_u,n,med_rsq,CI_95
0,32.0,11.0,14.0,110.0,0.972989033575,0.0409587383094
