,motion_thresh,age_l,age_u,n,med_rsq,CI_95
0,32.0,10.0,13.0,180.0,0.978814057512,0.0183449193381
