,motion_thresh,age_l,age_u,n,med_rsq,CI_95
0,46.0,6.0,9.0,10.0,0.708150032339,0.483274810248
