,motion_thresh,age_l,age_u,n,med_rsq,CI_95
0,40.0,14.0,17.0,230.0,0.974219764622,0.0373102824702
