,motion_thresh,age_l,age_u,n,med_rsq,CI_95
0,32.0,8.0,11.0,50.0,0.937369598316,0.0861681767027
