,motion_thresh,age_l,age_u,n,med_rsq,CI_95
0,34.0,6.0,9.0,220.0,0.952539055055,0.0502677248851
