,motion_thresh,age_l,age_u,n,med_rsq,CI_95,med_icc,CI_95_icc
0,45.0,7.0,10.0,300.0,0.969646668477,0.0295830400148,0.985053377675,0.0150107430288
