,motion_thresh,age_l,age_u,n,med_rsq,CI_95
0,12.0,7.0,10.0,30.0,0.893578418232,0.145536824135
