,motion_thresh,age_l,age_u,n,med_rsq,CI_95
0,36.0,6.0,9.0,210.0,0.951487235153,0.0412753234252
