,motion_thresh,age_l,age_u,n,med_rsq,CI_95,med_icc,CI_95_icc
0,30.0,11.0,14.0,180.0,0.981764557346,0.0198800907938,0.99094131769,0.00983251117181
