,motion_thresh,age_l,age_u,n,med_rsq,CI_95
0,26.0,10.0,13.0,250.0,0.976597314636,0.0331370134264
