,motion_thresh,age_l,age_u,n,med_rsq,CI_95,med_icc,CI_95_icc
0,35.0,10.0,13.0,210.0,0.979634447841,0.0343848350458,0.989741236868,0.0176985391717
