,motion_thresh,age_l,age_u,n,med_rsq,CI_95
0,6.0,15.0,18.0,30.0,0.900896878495,0.096890222594
