,motion_thresh,age_l,age_u,n,med_rsq,CI_95,med_icc,CI_95_icc
0,30.0,10.0,13.0,180.0,0.980288732557,0.0248158443892,0.990105968601,0.0123101395571
