,motion_thresh,age_l,age_u,n,med_rsq,CI_95
0,6.0,15.0,18.0,220.0,0.951306637547,0.0709529424374
