,motion_thresh,age_l,age_u,n,med_rsq,CI_95
0,44.0,14.0,17.0,90.0,0.966327922731,0.0422041696329
