,motion_thresh,age_l,age_u,n,med_rsq,CI_95
0,32.0,7.0,10.0,190.0,0.965759888329,0.0692559462304
