,motion_thresh,age_l,age_u,n,med_rsq,CI_95
0,40.0,10.0,13.0,300.0,0.980632550883,0.0285026934517
