,motion_thresh,age_l,age_u,n,med_rsq,CI_95
0,4.0,15.0,18.0,190.0,0.942907264811,0.0533674850954
