,motion_thresh,age_l,age_u,n,med_rsq,CI_95
0,6.0,15.0,18.0,100.0,0.941643379822,0.0427840013056
