,motion_thresh,age_l,age_u,n,med_rsq,CI_95
0,30.0,12.0,15.0,80.0,0.964234218907,0.0771037006634
