,motion_thresh,age_l,age_u,n,med_rsq,CI_95
0,26.0,15.0,18.0,300.0,0.965862948105,0.0558636169056
