,motion_thresh,age_l,age_u,n,med_rsq,CI_95
0,32.0,12.0,15.0,40.0,0.924470711007,0.0870071069269
