,motion_thresh,age_l,age_u,n,med_rsq,CI_95
0,20.0,15.0,18.0,100.0,0.957632381302,0.0671579525349
