,motion_thresh,age_l,age_u,n,med_rsq,CI_95
0,34.0,15.0,18.0,230.0,0.969792961531,0.0484504078485
