,motion_thresh,age_l,age_u,n,med_rsq,CI_95
0,32.0,13.0,16.0,190.0,0.977620246355,0.0291076162192
