,motion_thresh,age_l,age_u,n,med_rsq,CI_95,med_icc,CI_95_icc
0,25.0,15.0,18.0,90.0,0.969666283536,0.0787852353691,0.98475370852,0.0396561377955
