,motion_thresh,age_l,age_u,n,med_rsq,CI_95,med_icc,CI_95_icc
0,5.0,11.0,14.0,120.0,0.969907122436,0.0245946856536,0.985053482734,0.0118635692619
