,motion_thresh,age_l,age_u,n,med_rsq,CI_95
0,28.0,11.0,14.0,120.0,0.975374849344,0.0305209156472
