,motion_thresh,age_l,age_u,n,med_rsq,CI_95
0,46.0,15.0,18.0,270.0,0.968725243956,0.036115143026
