,motion_thresh,age_l,age_u,n,med_rsq,CI_95
0,18.0,9.0,12.0,40.0,0.926379158815,0.134904476074
