,motion_thresh,age_l,age_u,n,med_rsq,CI_95
0,8.0,12.0,15.0,140.0,0.972858474775,0.0240691766573
