,motion_thresh,age_l,age_u,n,med_rsq,CI_95
0,46.0,14.0,17.0,100.0,0.970034669844,0.0791105464488
