,motion_thresh,age_l,age_u,n,med_rsq,CI_95
0,28.0,11.0,14.0,10.0,0.732035503759,0.416687587398
