,motion_thresh,age_l,age_u,n,med_rsq,CI_95
0,46.0,13.0,16.0,230.0,0.978635793372,0.0188352467127
