,motion_thresh,age_l,age_u,n,med_rsq,CI_95
0,46.0,8.0,11.0,10.0,0.703490438749,0.339419499744
