,motion_thresh,age_l,age_u,n,med_rsq,CI_95
0,48.0,6.0,9.0,230.0,0.94251315112,0.159881414983
