,motion_thresh,age_l,age_u,n,med_rsq,CI_95
0,4.0,10.0,13.0,60.0,0.950363716117,0.0521204590156
