,motion_thresh,age_l,age_u,n,med_rsq,CI_95
0,10.0,9.0,12.0,140.0,0.963892912082,0.0306691601878
