,motion_thresh,age_l,age_u,n,med_rsq,CI_95
0,2.0,12.0,15.0,10.0,0.736336136855,0.275440506542
