,motion_thresh,age_l,age_u,n,med_rsq,CI_95
0,14.0,15.0,18.0,280.0,0.95750164167,0.042146459053
