,motion_thresh,age_l,age_u,n,med_rsq,CI_95,med_icc,CI_95_icc
0,30.0,6.0,9.0,60.0,0.953547268634,0.0480102523164,0.976955435305,0.0248601955607
