,motion_thresh,age_l,age_u,n,med_rsq,CI_95
0,6.0,10.0,13.0,100.0,0.963135422084,0.0209092535931
