,motion_thresh,age_l,age_u,n,med_rsq,CI_95
0,10.0,12.0,15.0,110.0,0.973197180567,0.0205295444125
