,motion_thresh,age_l,age_u,n,med_rsq,CI_95
0,4.0,15.0,18.0,130.0,0.928956885152,0.0500090973188
