,motion_thresh,age_l,age_u,n,med_rsq,CI_95
0,30.0,6.0,9.0,70.0,0.947791264685,0.0492280553772
