,motion_thresh,age_l,age_u,n,med_rsq,CI_95
0,28.0,8.0,11.0,20.0,0.85069370937,0.220857510993
