,motion_thresh,age_l,age_u,n,med_rsq,CI_95
0,6.0,6.0,9.0,140.0,0.899718032949,0.0718669109678
