,motion_thresh,age_l,age_u,n,med_rsq,CI_95,med_icc,CI_95_icc
0,20.0,9.0,12.0,90.0,0.971218179441,0.0395694556115,0.985644582947,0.0196221423814
