,motion_thresh,age_l,age_u,n,med_rsq,CI_95
0,50.0,14.0,17.0,70.0,0.956870773054,0.0559463631887
