,motion_thresh,age_l,age_u,n,med_rsq,CI_95
0,14.0,10.0,13.0,180.0,0.973078161349,0.0207070701979
