,motion_thresh,age_l,age_u,n,med_rsq,CI_95
0,40.0,6.0,9.0,140.0,0.950185726623,0.0477304342787
