,motion_thresh,age_l,age_u,n,med_rsq,CI_95
0,14.0,11.0,14.0,30.0,0.904175121012,0.0922124089902
