,motion_thresh,age_l,age_u,n,med_rsq,CI_95
0,24.0,15.0,18.0,90.0,0.963314969617,0.0714838298981
