,motion_thresh,age_l,age_u,n,med_rsq,CI_95
0,44.0,9.0,12.0,290.0,0.977059409379,0.0253375095883
