,motion_thresh,age_l,age_u,n,med_rsq,CI_95
0,28.0,11.0,14.0,60.0,0.950209025947,0.0615266826745
