,motion_thresh,age_l,age_u,n,med_rsq,CI_95
0,12.0,14.0,17.0,170.0,0.966678909382,0.0410563436642
