,motion_thresh,age_l,age_u,n,med_rsq,CI_95
0,2.0,6.0,9.0,270.0,0.869336033695,0.0701928597645
