,motion_thresh,age_l,age_u,n,med_rsq,CI_95
0,30.0,15.0,18.0,290.0,0.96645935044,0.0356139269606
