,motion_thresh,age_l,age_u,n,med_rsq,CI_95
0,32.0,10.0,13.0,10.0,0.724198434712,0.449767300373
