,motion_thresh,age_l,age_u,n,med_rsq,CI_95
0,34.0,15.0,18.0,250.0,0.970811985708,0.0301321597726
