,motion_thresh,age_l,age_u,n,med_rsq,CI_95
0,48.0,10.0,13.0,180.0,0.97841268317,0.0341294669401
