,motion_thresh,age_l,age_u,n,med_rsq,CI_95,med_icc,CI_95_icc
0,25.0,8.0,11.0,270.0,0.971288802035,0.0602763415985,0.985980638455,0.0278499692456
