,motion_thresh,age_l,age_u,n,med_rsq,CI_95
0,6.0,12.0,15.0,150.0,0.969079685696,0.0258900915548
