,motion_thresh,age_l,age_u,n,med_rsq,CI_95
0,34.0,6.0,9.0,120.0,0.948382034889,0.0523526230371
