,motion_thresh,age_l,age_u,n,med_rsq,CI_95
0,28.0,14.0,17.0,280.0,0.97242526582,0.0263935878136
