,motion_thresh,age_l,age_u,n,med_rsq,CI_95
0,4.0,9.0,12.0,40.0,0.915584531729,0.0515182235081
