,motion_thresh,age_l,age_u,n,med_rsq,CI_95
0,50.0,6.0,9.0,100.0,0.954108207489,0.0263663291819
