,motion_thresh,age_l,age_u,n,med_rsq,CI_95
0,26.0,14.0,17.0,260.0,0.973451511092,0.0239399567381
