,motion_thresh,age_l,age_u,n,med_rsq,CI_95
0,42.0,15.0,18.0,150.0,0.968155834212,0.0381307688342
