,motion_thresh,age_l,age_u,n,med_rsq,CI_95
0,32.0,9.0,12.0,110.0,0.972776597137,0.0421009048483
