,motion_thresh,age_l,age_u,n,med_rsq,CI_95
0,32.0,10.0,13.0,200.0,0.978751688732,0.0246189682049
