,motion_thresh,age_l,age_u,n,med_rsq,CI_95
0,22.0,13.0,16.0,190.0,0.977173018072,0.0266903543946
