,motion_thresh,age_l,age_u,n,med_rsq,CI_95
0,28.0,12.0,15.0,250.0,0.978313780719,0.0327943613926
