,motion_thresh,age_l,age_u,n,med_rsq,CI_95,med_icc,CI_95_icc
0,45.0,10.0,13.0,90.0,0.970671177746,0.0537531127876,0.985293062965,0.0269593617475
