,motion_thresh,age_l,age_u,n,med_rsq,CI_95
0,40.0,11.0,14.0,20.0,0.846619891682,0.218376398667
