,motion_thresh,age_l,age_u,n,med_rsq,CI_95
0,4.0,11.0,14.0,110.0,0.963265958965,0.021448320912
