,motion_thresh,age_l,age_u,n,med_rsq,CI_95
0,50.0,10.0,13.0,70.0,0.957932627459,0.0575069306411
