,motion_thresh,age_l,age_u,n,med_rsq,CI_95
0,10.0,10.0,13.0,20.0,0.854798138138,0.178501779659
