,motion_thresh,age_l,age_u,n,med_rsq,CI_95
0,4.0,11.0,14.0,30.0,0.902885475535,0.124704263547
