,motion_thresh,age_l,age_u,n,med_rsq,CI_95
0,30.0,11.0,14.0,200.0,0.979422764415,0.0240017552164
