,motion_thresh,age_l,age_u,n,med_rsq,CI_95
0,8.0,10.0,13.0,220.0,0.96589128794,0.025650973347
