,motion_thresh,age_l,age_u,n,med_rsq,CI_95
0,12.0,9.0,12.0,260.0,0.96616981131,0.0288114043739
