,motion_thresh,age_l,age_u,n,med_rsq,CI_95
0,20.0,10.0,13.0,90.0,0.965919727995,0.0459112722656
