,motion_thresh,age_l,age_u,n,med_rsq,CI_95,med_icc,CI_95_icc
0,40.0,12.0,15.0,30.0,0.913980890549,0.12887970706,0.957235789875,0.0556488823564
