,motion_thresh,age_l,age_u,n,med_rsq,CI_95
0,2.0,15.0,18.0,110.0,0.924229994244,0.0525249391404
