,motion_thresh,age_l,age_u,n,med_rsq,CI_95
0,10.0,9.0,12.0,190.0,0.964066590388,0.0302787234723
