,motion_thresh,age_l,age_u,n,med_rsq,CI_95
0,16.0,7.0,10.0,60.0,0.945321660827,0.0549253795711
