,motion_thresh,age_l,age_u,n,med_rsq,CI_95
0,2.0,10.0,13.0,10.0,0.723175011499,0.324865304352
