,motion_thresh,age_l,age_u,n,med_rsq,CI_95,med_icc,CI_95_icc
0,25.0,15.0,18.0,300.0,0.970146631233,0.0452325371305,0.985045517461,0.0233699641376
