,motion_thresh,age_l,age_u,n,med_rsq,CI_95
0,46.0,15.0,18.0,30.0,0.898429304111,0.136843088251
