,motion_thresh,age_l,age_u,n,med_rsq,CI_95
0,28.0,8.0,11.0,180.0,0.968605716004,0.0352064837105
