,motion_thresh,age_l,age_u,n,med_rsq,CI_95
0,28.0,8.0,11.0,280.0,0.970106273814,0.0338813247504
