,motion_thresh,age_l,age_u,n,med_rsq,CI_95
0,2.0,14.0,17.0,90.0,0.948799377178,0.0344150263053
