,motion_thresh,age_l,age_u,n,med_rsq,CI_95,med_icc,CI_95_icc
0,50.0,10.0,13.0,180.0,0.978886916199,0.0384927992513,0.98932288163,0.0196433270245
