,motion_thresh,age_l,age_u,n,med_rsq,CI_95,med_icc,CI_95_icc
0,35.0,12.0,15.0,150.0,0.981578103857,0.0273089265541,0.990833445232,0.0135174578534
