,motion_thresh,age_l,age_u,n,med_rsq,CI_95
0,10.0,13.0,16.0,70.0,0.958540910161,0.0509377240293
