,motion_thresh,age_l,age_u,n,med_rsq,CI_95
0,32.0,8.0,11.0,200.0,0.971173475201,0.0343574533777
