,motion_thresh,age_l,age_u,n,med_rsq,CI_95
0,48.0,12.0,15.0,190.0,0.980188925641,0.02209293097
