,motion_thresh,age_l,age_u,n,med_rsq,CI_95
0,4.0,15.0,18.0,80.0,0.938022950585,0.0563232244795
