,motion_thresh,age_l,age_u,n,med_rsq,CI_95
0,6.0,14.0,17.0,10.0,0.71891617307,0.410126260868
