,motion_thresh,age_l,age_u,n,med_rsq,CI_95
0,6.0,7.0,10.0,260.0,0.929054987318,0.062777811932
