,motion_thresh,age_l,age_u,n,med_rsq,CI_95
0,14.0,14.0,17.0,120.0,0.967122624795,0.0417518855328
