,motion_thresh,age_l,age_u,n,med_rsq,CI_95
0,18.0,8.0,11.0,180.0,0.964608030442,0.0349520957843
