,motion_thresh,age_l,age_u,n,med_rsq,CI_95
0,38.0,14.0,17.0,200.0,0.969879053324,0.0398668065217
