,motion_thresh,age_l,age_u,n,med_rsq,CI_95,med_icc,CI_95_icc
0,40.0,10.0,13.0,120.0,0.978443873759,0.0359492130941,0.989110288791,0.0178041708806
