,motion_thresh,age_l,age_u,n,med_rsq,CI_95
0,6.0,10.0,13.0,90.0,0.961554047584,0.0433481390751
