,motion_thresh,age_l,age_u,n,med_rsq,CI_95
0,4.0,9.0,12.0,130.0,0.940298780919,0.0641923064792
