,motion_thresh,age_l,age_u,n,med_rsq,CI_95,med_icc,CI_95_icc
0,5.0,9.0,12.0,180.0,0.955719522643,0.0479409212514,0.977584975048,0.0229239798977
