,motion_thresh,age_l,age_u,n,med_rsq,CI_95,med_icc,CI_95_icc
0,10.0,10.0,13.0,30.0,0.912965476461,0.10811070321,0.95588981544,0.0480844294787
