,motion_thresh,age_l,age_u,n,med_rsq,CI_95
0,6.0,7.0,10.0,10.0,0.688625731205,0.349165988595
