,motion_thresh,age_l,age_u,n,med_rsq,CI_95
0,46.0,10.0,13.0,300.0,0.972894510992,0.0491852292904
