,motion_thresh,age_l,age_u,n,med_rsq,CI_95
0,22.0,12.0,15.0,290.0,0.976608321636,0.0229439593232
