,motion_thresh,age_l,age_u,n,med_rsq,CI_95
0,36.0,15.0,18.0,60.0,0.947881689652,0.0757757826762
