,motion_thresh,age_l,age_u,n,med_rsq,CI_95
0,14.0,15.0,18.0,260.0,0.958753776229,0.0505073198487
