,motion_thresh,age_l,age_u,n,med_rsq,CI_95
0,42.0,13.0,16.0,170.0,0.977309773486,0.0265189065506
