,motion_thresh,age_l,age_u,n,med_rsq,CI_95
0,38.0,9.0,12.0,50.0,0.939321513864,0.105031093423
