,motion_thresh,age_l,age_u,n,med_rsq,CI_95
0,26.0,11.0,14.0,80.0,0.964289628747,0.0411740323748
