,motion_thresh,age_l,age_u,n,med_rsq,CI_95
0,16.0,14.0,17.0,120.0,0.969208727559,0.043544429801
