,motion_thresh,age_l,age_u,n,med_rsq,CI_95,med_icc,CI_95_icc
0,50.0,6.0,9.0,30.0,0.90470358907,0.218240280622,0.953364825941,0.0970937459909
