,motion_thresh,age_l,age_u,n,med_rsq,CI_95
0,10.0,15.0,18.0,210.0,0.953232319345,0.0502777238108
