,motion_thresh,age_l,age_u,n,med_rsq,CI_95
0,30.0,15.0,18.0,40.0,0.9255681626,0.121071904893
