,motion_thresh,age_l,age_u,n,med_rsq,CI_95
0,18.0,15.0,18.0,180.0,0.958444130465,0.0819309836765
