,motion_thresh,age_l,age_u,n,med_rsq,CI_95
0,44.0,6.0,9.0,150.0,0.947443994883,0.0604802347805
