,motion_thresh,age_l,age_u,n,med_rsq,CI_95
0,44.0,12.0,15.0,30.0,0.901968048337,0.140390072413
