,motion_thresh,age_l,age_u,n,med_rsq,CI_95
0,2.0,7.0,10.0,50.0,0.879362310578,0.125996382259
