,motion_thresh,age_l,age_u,n,med_rsq,CI_95
0,4.0,14.0,17.0,90.0,0.950158827303,0.0465796001835
