,motion_thresh,age_l,age_u,n,med_rsq,CI_95
0,20.0,15.0,18.0,250.0,0.961386680077,0.0502043784818
