,motion_thresh,age_l,age_u,n,med_rsq,CI_95
0,28.0,12.0,15.0,220.0,0.978632797561,0.0222818753502
