,motion_thresh,age_l,age_u,n,med_rsq,CI_95
0,4.0,11.0,14.0,20.0,0.831736003346,0.130856109134
