,motion_thresh,age_l,age_u,n,med_rsq,CI_95
0,30.0,8.0,11.0,230.0,0.974140483054,0.0294763609088
