,motion_thresh,age_l,age_u,n,med_rsq,CI_95,med_icc,CI_95_icc
0,30.0,13.0,16.0,90.0,0.969047927273,0.04199576758,0.984475026681,0.0208902899376
