,motion_thresh,age_l,age_u,n,med_rsq,CI_95,med_icc,CI_95_icc
0,30.0,15.0,18.0,120.0,0.970603419624,0.0336640343892,0.985429413861,0.0172146412135
