,motion_thresh,age_l,age_u,n,med_rsq,CI_95
0,6.0,15.0,18.0,140.0,0.953548890559,0.0363562672361
