,motion_thresh,age_l,age_u,n,med_rsq,CI_95
0,46.0,10.0,13.0,190.0,0.974318869736,0.0474156414832
