,motion_thresh,age_l,age_u,n,med_rsq,CI_95
0,24.0,14.0,17.0,290.0,0.968441493553,0.0438344468885
