,motion_thresh,age_l,age_u,n,med_rsq,CI_95,med_icc,CI_95_icc
0,10.0,14.0,17.0,270.0,0.955637270634,0.0764154750556,0.978262823692,0.0361378096226
