,motion_thresh,age_l,age_u,n,med_rsq,CI_95
0,42.0,12.0,15.0,180.0,0.979632368532,0.035739138925
