,motion_thresh,age_l,age_u,n,med_rsq,CI_95
0,8.0,9.0,12.0,20.0,0.84939897332,0.158196570331
