,motion_thresh,age_l,age_u,n,med_rsq,CI_95
0,4.0,8.0,11.0,240.0,0.934170233988,0.0657844443002
