,motion_thresh,age_l,age_u,n,med_rsq,CI_95
0,36.0,8.0,11.0,230.0,0.974019316672,0.0221228398556
