,motion_thresh,age_l,age_u,n,med_rsq,CI_95
0,6.0,11.0,14.0,80.0,0.964614216125,0.0400604732842
