,motion_thresh,age_l,age_u,n,med_rsq,CI_95
0,22.0,14.0,17.0,130.0,0.970006727393,0.0476440647972
