,motion_thresh,age_l,age_u,n,med_rsq,CI_95
0,32.0,9.0,12.0,250.0,0.976466691025,0.0212237530845
