,motion_thresh,age_l,age_u,n,med_rsq,CI_95,med_icc,CI_95_icc
0,25.0,15.0,18.0,30.0,0.913173278512,0.126248781685,0.956815512914,0.0583230825594
