,motion_thresh,age_l,age_u,n,med_rsq,CI_95
0,38.0,13.0,16.0,20.0,0.851436513454,0.149284321602
