,motion_thresh,age_l,age_u,n,med_rsq,CI_95
0,14.0,12.0,15.0,230.0,0.976077272745,0.0157698640859
