,motion_thresh,age_l,age_u,n,med_rsq,CI_95
0,24.0,9.0,12.0,60.0,0.944051808083,0.0923366936888
