,motion_thresh,age_l,age_u,n,med_rsq,CI_95
0,22.0,9.0,12.0,280.0,0.971368787674,0.0422000222253
