,motion_thresh,age_l,age_u,n,med_rsq,CI_95
0,8.0,13.0,16.0,150.0,0.970794416062,0.0237031054448
