,motion_thresh,age_l,age_u,n,med_rsq,CI_95
0,38.0,10.0,13.0,180.0,0.979633060681,0.0334814367435
