,motion_thresh,age_l,age_u,n,med_rsq,CI_95
0,48.0,12.0,15.0,200.0,0.980201280786,0.0274146556127
