,motion_thresh,age_l,age_u,n,med_rsq,CI_95
0,28.0,7.0,10.0,20.0,0.834859771379,0.206663637328
