,motion_thresh,age_l,age_u,n,med_rsq,CI_95
0,10.0,9.0,12.0,30.0,0.898055861148,0.131812445418
