,motion_thresh,age_l,age_u,n,med_rsq,CI_95
0,50.0,13.0,16.0,230.0,0.977748991068,0.0234421528598
