,motion_thresh,age_l,age_u,n,med_rsq,CI_95,med_icc,CI_95_icc
0,20.0,13.0,16.0,120.0,0.978351060382,0.0226044385841,0.989087365373,0.0107350157454
