,motion_thresh,age_l,age_u,n,med_rsq,CI_95
0,24.0,8.0,11.0,160.0,0.970526218419,0.0478208949669
