,motion_thresh,age_l,age_u,n,med_rsq,CI_95
0,10.0,10.0,13.0,240.0,0.969089704929,0.0249367920872
