,motion_thresh,age_l,age_u,n,med_rsq,CI_95
0,24.0,14.0,17.0,110.0,0.972312790124,0.0348683210652
