,motion_thresh,age_l,age_u,n,med_rsq,CI_95
0,2.0,14.0,17.0,180.0,0.944693642663,0.0290876302592
