,motion_thresh,age_l,age_u,n,med_rsq,CI_95
0,32.0,11.0,14.0,70.0,0.956811599919,0.0534772930033
