,motion_thresh,age_l,age_u,n,med_rsq,CI_95
0,6.0,12.0,15.0,10.0,0.725476942505,0.226648995898
