,motion_thresh,age_l,age_u,n,med_rsq,CI_95
0,10.0,12.0,15.0,300.0,0.973909084918,0.0282492203107
