,motion_thresh,age_l,age_u,n,med_rsq,CI_95
0,26.0,8.0,11.0,290.0,0.970734496856,0.0344454077335
