,motion_thresh,age_l,age_u,n,med_rsq,CI_95
0,50.0,15.0,18.0,80.0,0.964256675169,0.0519595108071
