,motion_thresh,age_l,age_u,n,med_rsq,CI_95
0,46.0,8.0,11.0,190.0,0.974692820508,0.0308182073219
