,motion_thresh,age_l,age_u,n,med_rsq,CI_95
0,2.0,11.0,14.0,70.0,0.94674083897,0.0137463595128
