,motion_thresh,age_l,age_u,n,med_rsq,CI_95
0,8.0,13.0,16.0,160.0,0.9707598961,0.0248907500363
