,motion_thresh,age_l,age_u,n,med_rsq,CI_95
0,2.0,7.0,10.0,300.0,0.850765218155,0.162654293011
