,motion_thresh,age_l,age_u,n,med_rsq,CI_95
0,38.0,14.0,17.0,190.0,0.973816575177,0.0513420508922
