,motion_thresh,age_l,age_u,n,med_rsq,CI_95
0,20.0,7.0,10.0,100.0,0.962924208584,0.0372172332593
