,motion_thresh,age_l,age_u,n,med_rsq,CI_95
0,46.0,13.0,16.0,180.0,0.977836028262,0.0240357596604
