,motion_thresh,age_l,age_u,n,med_rsq,CI_95
0,44.0,12.0,15.0,250.0,0.979659052113,0.0288855958346
