,motion_thresh,age_l,age_u,n,med_rsq,CI_95
0,46.0,9.0,12.0,190.0,0.978726804767,0.0236178526238
