,motion_thresh,age_l,age_u,n,med_rsq,CI_95
0,20.0,9.0,12.0,120.0,0.973346666005,0.0321218599817
