,motion_thresh,age_l,age_u,n,med_rsq,CI_95
0,18.0,8.0,11.0,270.0,0.966742920051,0.0446712065265
