,motion_thresh,age_l,age_u,n,med_rsq,CI_95
0,6.0,7.0,10.0,30.0,0.88991912958,0.0900746649902
