,motion_thresh,age_l,age_u,n,med_rsq,CI_95,med_icc,CI_95_icc
0,5.0,10.0,13.0,180.0,0.959228322352,0.0454259891542,0.97956185963,0.0232532913888
