,motion_thresh,age_l,age_u,n,med_rsq,CI_95
0,32.0,13.0,16.0,150.0,0.976783485358,0.0262269021349
