,motion_thresh,age_l,age_u,n,med_rsq,CI_95
0,4.0,7.0,10.0,270.0,0.918786482664,0.0659304774268
