,motion_thresh,age_l,age_u,n,med_rsq,CI_95
0,8.0,9.0,12.0,70.0,0.958114794714,0.0477899274402
