,motion_thresh,age_l,age_u,n,med_rsq,CI_95
0,30.0,10.0,13.0,140.0,0.976452475476,0.0222496029523
