,motion_thresh,age_l,age_u,n,med_rsq,CI_95
0,2.0,7.0,10.0,90.0,0.882040498676,0.164952026183
