,motion_thresh,age_l,age_u,n,med_rsq,CI_95
0,44.0,8.0,11.0,30.0,0.898175021064,0.116001036936
