,motion_thresh,age_l,age_u,n,med_rsq,CI_95
0,36.0,12.0,15.0,130.0,0.976832357647,0.0417008926556
