,motion_thresh,age_l,age_u,n,med_rsq,CI_95
0,10.0,7.0,10.0,100.0,0.948035941404,0.0482463146844
