,motion_thresh,age_l,age_u,n,med_rsq,CI_95
0,22.0,9.0,12.0,170.0,0.966211717109,0.0722625267039
