,motion_thresh,age_l,age_u,n,med_rsq,CI_95
0,10.0,14.0,17.0,200.0,0.951425803507,0.0867248398934
