,motion_thresh,age_l,age_u,n,med_rsq,CI_95
0,4.0,12.0,15.0,80.0,0.951523482712,0.0512665966135
