,motion_thresh,age_l,age_u,n,med_rsq,CI_95
0,2.0,14.0,17.0,20.0,0.856107440625,0.117318536717
