,motion_thresh,age_l,age_u,n,med_rsq,CI_95
0,48.0,11.0,14.0,20.0,0.852435180948,0.175860592049
