,motion_thresh,age_l,age_u,n,med_rsq,CI_95
0,18.0,7.0,10.0,70.0,0.953916015846,0.0760365568482
