,motion_thresh,age_l,age_u,n,med_rsq,CI_95
0,20.0,10.0,13.0,290.0,0.974389886341,0.0239441202369
