,motion_thresh,age_l,age_u,n,med_rsq,CI_95,med_icc,CI_95_icc
0,45.0,12.0,15.0,240.0,0.982805140671,0.0183428667966,0.991364741237,0.00895324569954
