,motion_thresh,age_l,age_u,n,med_rsq,CI_95
0,2.0,13.0,16.0,200.0,0.93964582107,0.0586683677548
