,motion_thresh,age_l,age_u,n,med_rsq,CI_95,med_icc,CI_95_icc
0,50.0,9.0,12.0,150.0,0.981675147077,0.0270106118196,0.990817951635,0.0134926717756
