,motion_thresh,age_l,age_u,n,med_rsq,CI_95
0,4.0,14.0,17.0,120.0,0.953352359622,0.0309768474129
