,motion_thresh,age_l,age_u,n,med_rsq,CI_95
0,44.0,14.0,17.0,130.0,0.976149594733,0.0293386516184
