,motion_thresh,age_l,age_u,n,med_rsq,CI_95
0,42.0,15.0,18.0,240.0,0.967037433956,0.0603222184871
