,motion_thresh,age_l,age_u,n,med_rsq,CI_95
0,40.0,12.0,15.0,20.0,0.843358664227,0.169763865085
