,motion_thresh,age_l,age_u,n,med_rsq,CI_95
0,2.0,13.0,16.0,290.0,0.935638634964,0.067847467876
