,motion_thresh,age_l,age_u,n,med_rsq,CI_95
0,40.0,8.0,11.0,230.0,0.972696038696,0.0231943768987
