,motion_thresh,age_l,age_u,n,med_rsq,CI_95
0,12.0,8.0,11.0,130.0,0.957681038012,0.0536262674256
