,motion_thresh,age_l,age_u,n,med_rsq,CI_95
0,50.0,14.0,17.0,150.0,0.975260008655,0.0229189614953
