,motion_thresh,age_l,age_u,n,med_rsq,CI_95
0,36.0,6.0,9.0,20.0,0.846485873664,0.20844902914
