,motion_thresh,age_l,age_u,n,med_rsq,CI_95
0,2.0,8.0,11.0,300.0,0.903927837809,0.0527050178146
