,motion_thresh,age_l,age_u,n,med_rsq,CI_95
0,4.0,14.0,17.0,220.0,0.95530990059,0.0183868086914
