,motion_thresh,age_l,age_u,n,med_rsq,CI_95
0,4.0,9.0,12.0,270.0,0.940756308707,0.0513868164665
