,motion_thresh,age_l,age_u,n,med_rsq,CI_95
0,28.0,15.0,18.0,200.0,0.968130076562,0.044644652312
