,motion_thresh,age_l,age_u,n,med_rsq,CI_95
0,26.0,15.0,18.0,130.0,0.965677331404,0.0664763369478
