,motion_thresh,age_l,age_u,n,med_rsq,CI_95
0,14.0,14.0,17.0,130.0,0.965930449014,0.046493117529
