,motion_thresh,age_l,age_u,n,med_rsq,CI_95
0,42.0,11.0,14.0,100.0,0.96997370455,0.0625853328134
