,motion_thresh,age_l,age_u,n,med_rsq,CI_95
0,22.0,14.0,17.0,60.0,0.944445847876,0.106342684806
