,motion_thresh,age_l,age_u,n,med_rsq,CI_95
0,4.0,8.0,11.0,100.0,0.933108840583,0.0758051701663
