,motion_thresh,age_l,age_u,n,med_rsq,CI_95,med_icc,CI_95_icc
0,25.0,15.0,18.0,180.0,0.969221131249,0.0479255873314,0.984471924506,0.0240230269477
