,motion_thresh,age_l,age_u,n,med_rsq,CI_95
0,14.0,9.0,12.0,170.0,0.953630185593,0.0631127661153
