,motion_thresh,age_l,age_u,n,med_rsq,CI_95,med_icc,CI_95_icc
0,25.0,14.0,17.0,120.0,0.977483717563,0.0234927775237,0.98890084958,0.0119655284404
