,motion_thresh,age_l,age_u,n,med_rsq,CI_95
0,42.0,15.0,18.0,90.0,0.965537594557,0.0404394628434
