,motion_thresh,age_l,age_u,n,med_rsq,CI_95
0,46.0,6.0,9.0,80.0,0.951073358748,0.0608171366774
