,motion_thresh,age_l,age_u,n,med_rsq,CI_95
0,36.0,13.0,16.0,250.0,0.976957820037,0.0261031271662
