,motion_thresh,age_l,age_u,n,med_rsq,CI_95
0,48.0,14.0,17.0,200.0,0.975027474652,0.0271182625012
