,motion_thresh,age_l,age_u,n,med_rsq,CI_95
0,36.0,14.0,17.0,90.0,0.965660290622,0.0525409278934
