,motion_thresh,age_l,age_u,n,med_rsq,CI_95
0,30.0,8.0,11.0,210.0,0.973119569951,0.0343310699806
