,motion_thresh,age_l,age_u,n,med_rsq,CI_95
0,38.0,13.0,16.0,50.0,0.936183676106,0.0950166102888
