,motion_thresh,age_l,age_u,n,med_rsq,CI_95
0,6.0,8.0,11.0,70.0,0.940794149069,0.0401272993611
