,motion_thresh,age_l,age_u,n,med_rsq,CI_95
0,24.0,15.0,18.0,300.0,0.962989205214,0.0685551956206
