,motion_thresh,age_l,age_u,n,med_rsq,CI_95
0,46.0,12.0,15.0,220.0,0.980615343013,0.0226043392235
