,motion_thresh,age_l,age_u,n,med_rsq,CI_95
0,22.0,13.0,16.0,270.0,0.976458660358,0.0193167940045
