,motion_thresh,age_l,age_u,n,med_rsq,CI_95
0,4.0,9.0,12.0,140.0,0.944052500116,0.0509459199614
