,motion_thresh,age_l,age_u,n,med_rsq,CI_95
0,10.0,10.0,13.0,170.0,0.969717463877,0.0238379980495
