,motion_thresh,age_l,age_u,n,med_rsq,CI_95
0,44.0,8.0,11.0,10.0,0.690801538632,0.359494766982
