,motion_thresh,age_l,age_u,n,med_rsq,CI_95
0,10.0,7.0,10.0,240.0,0.94664372012,0.0514117345822
