,motion_thresh,age_l,age_u,n,med_rsq,CI_95
0,2.0,9.0,12.0,130.0,0.919145167814,0.0306029042917
