,motion_thresh,age_l,age_u,n,med_rsq,CI_95
0,22.0,6.0,9.0,230.0,0.940677452591,0.0685106129835
