,motion_thresh,age_l,age_u,n,med_rsq,CI_95
0,44.0,6.0,9.0,200.0,0.950048682653,0.044630222173
