,motion_thresh,age_l,age_u,n,med_rsq,CI_95
0,8.0,10.0,13.0,30.0,0.896138025511,0.1322866675
