,motion_thresh,age_l,age_u,n,med_rsq,CI_95,med_icc,CI_95_icc
0,35.0,15.0,18.0,120.0,0.971476130723,0.042357545018,0.985558651103,0.0224930670835
