,motion_thresh,age_l,age_u,n,med_rsq,CI_95,med_icc,CI_95_icc
0,5.0,6.0,9.0,180.0,0.919206279541,0.0827818688888,0.959378691772,0.0434656621604
