,motion_thresh,age_l,age_u,n,med_rsq,CI_95
0,44.0,11.0,14.0,260.0,0.981231674849,0.0245149519997
