,motion_thresh,age_l,age_u,n,med_rsq,CI_95
0,30.0,10.0,13.0,240.0,0.97778396822,0.0257146521773
