,motion_thresh,age_l,age_u,n,med_rsq,CI_95
0,14.0,11.0,14.0,90.0,0.966305494104,0.0518677803354
