,motion_thresh,age_l,age_u,n,med_rsq,CI_95
0,40.0,6.0,9.0,270.0,0.951065947839,0.0574364726412
