,motion_thresh,age_l,age_u,n,med_rsq,CI_95
0,14.0,8.0,11.0,260.0,0.962397264817,0.0279275160655
