,motion_thresh,age_l,age_u,n,med_rsq,CI_95
0,10.0,15.0,18.0,270.0,0.951197051236,0.0551584661667
