,motion_thresh,age_l,age_u,n,med_rsq,CI_95
0,4.0,7.0,10.0,30.0,0.897626909921,0.0880846834288
