,motion_thresh,age_l,age_u,n,med_rsq,CI_95
0,38.0,6.0,9.0,220.0,0.951089923354,0.0598615037374
