,motion_thresh,age_l,age_u,n,med_rsq,CI_95
0,32.0,10.0,13.0,260.0,0.979348130803,0.0303740611424
