,motion_thresh,age_l,age_u,n,med_rsq,CI_95,med_icc,CI_95_icc
0,45.0,9.0,12.0,120.0,0.97753853789,0.0443939401983,0.988819484047,0.0209995994972
