,motion_thresh,age_l,age_u,n,med_rsq,CI_95
0,4.0,14.0,17.0,210.0,0.950610325283,0.0391224188261
