,motion_thresh,age_l,age_u,n,med_rsq,CI_95
0,20.0,12.0,15.0,130.0,0.979319915533,0.0213398552473
