,motion_thresh,age_l,age_u,n,med_rsq,CI_95,med_icc,CI_95_icc
0,25.0,10.0,13.0,300.0,0.978338837321,0.0327499772049,0.989027269305,0.0171010084409
