,motion_thresh,age_l,age_u,n,med_rsq,CI_95
0,46.0,15.0,18.0,50.0,0.941136762403,0.0938340053531
