,motion_thresh,age_l,age_u,n,med_rsq,CI_95,med_icc,CI_95_icc
0,5.0,6.0,9.0,210.0,0.91624669733,0.0795766551517,0.958384682123,0.0403463578163
