,motion_thresh,age_l,age_u,n,med_rsq,CI_95
0,18.0,13.0,16.0,190.0,0.974371494192,0.0236113703346
