,motion_thresh,age_l,age_u,n,med_rsq,CI_95
0,44.0,9.0,12.0,130.0,0.97677025762,0.0479638607242
