,motion_thresh,age_l,age_u,n,med_rsq,CI_95
0,32.0,8.0,11.0,130.0,0.974460541112,0.0300275835504
