,motion_thresh,age_l,age_u,n,med_rsq,CI_95
0,6.0,6.0,9.0,250.0,0.899178068364,0.0358228234989
