,motion_thresh,age_l,age_u,n,med_rsq,CI_95,med_icc,CI_95_icc
0,50.0,14.0,17.0,300.0,0.978765858052,0.0304649472011,0.989344702167,0.0151689564302
