,motion_thresh,age_l,age_u,n,med_rsq,CI_95
0,2.0,9.0,12.0,190.0,0.912899042701,0.0677651015607
