,motion_thresh,age_l,age_u,n,med_rsq,CI_95,med_icc,CI_95_icc
0,15.0,9.0,12.0,90.0,0.968994307066,0.0474810056196,0.984230979052,0.0247601559874
