,motion_thresh,age_l,age_u,n,med_rsq,CI_95
0,6.0,9.0,12.0,180.0,0.953335863691,0.0334793916377
