,motion_thresh,age_l,age_u,n,med_rsq,CI_95
0,44.0,6.0,9.0,160.0,0.948534477651,0.0549185644717
