,motion_thresh,age_l,age_u,n,med_rsq,CI_95
0,26.0,11.0,14.0,270.0,0.979968208334,0.0231028780237
