,motion_thresh,age_l,age_u,n,med_rsq,CI_95
0,40.0,10.0,13.0,220.0,0.980243467192,0.0267688531285
