,motion_thresh,age_l,age_u,n,med_rsq,CI_95
0,48.0,13.0,16.0,210.0,0.976567192928,0.0288500748464
