,motion_thresh,age_l,age_u,n,med_rsq,CI_95,med_icc,CI_95_icc
0,20.0,7.0,10.0,150.0,0.966990441572,0.0417865942062,0.983401579054,0.0196779846179
