,motion_thresh,age_l,age_u,n,med_rsq,CI_95
0,40.0,10.0,13.0,240.0,0.978876885222,0.0227999065612
