,motion_thresh,age_l,age_u,n,med_rsq,CI_95
0,20.0,15.0,18.0,240.0,0.959428603258,0.0604072907046
