,motion_thresh,age_l,age_u,n,med_rsq,CI_95
0,4.0,12.0,15.0,70.0,0.958206977293,0.0184094394952
