,motion_thresh,age_l,age_u,n,med_rsq,CI_95
0,36.0,6.0,9.0,150.0,0.95168784227,0.0523689348306
