,motion_thresh,age_l,age_u,n,med_rsq,CI_95
0,22.0,15.0,18.0,10.0,0.713239163035,0.257500203839
