,motion_thresh,age_l,age_u,n,med_rsq,CI_95,med_icc,CI_95_icc
0,10.0,15.0,18.0,180.0,0.96029466951,0.0489674826187,0.979907876901,0.0251802249831
