,motion_thresh,age_l,age_u,n,med_rsq,CI_95,med_icc,CI_95_icc
0,15.0,15.0,18.0,150.0,0.966412610192,0.0548191683114,0.983046141436,0.0260273484365
