,motion_thresh,age_l,age_u,n,med_rsq,CI_95
0,10.0,9.0,12.0,60.0,0.949148425468,0.0867385596647
