,motion_thresh,age_l,age_u,n,med_rsq,CI_95
0,38.0,8.0,11.0,110.0,0.971702916776,0.0408576807626
