,motion_thresh,age_l,age_u,n,med_rsq,CI_95
0,14.0,15.0,18.0,220.0,0.958641052228,0.0352324557689
