,motion_thresh,age_l,age_u,n,med_rsq,CI_95
0,20.0,14.0,17.0,180.0,0.968756109374,0.0430585116866
