,motion_thresh,age_l,age_u,n,med_rsq,CI_95
0,40.0,14.0,17.0,180.0,0.971612870052,0.0488555439689
