,motion_thresh,age_l,age_u,n,med_rsq,CI_95
0,44.0,15.0,18.0,260.0,0.969704669153,0.0426375654545
