,motion_thresh,age_l,age_u,n,med_rsq,CI_95
0,16.0,11.0,14.0,40.0,0.923898606358,0.0910140183696
