,motion_thresh,age_l,age_u,n,med_rsq,CI_95
0,18.0,13.0,16.0,20.0,0.847288493879,0.173076650688
