,motion_thresh,age_l,age_u,n,med_rsq,CI_95
0,2.0,15.0,18.0,90.0,0.927569737797,0.047744740182
