,motion_thresh,age_l,age_u,n,med_rsq,CI_95
0,34.0,13.0,16.0,130.0,0.976731782004,0.0187694423231
