,motion_thresh,age_l,age_u,n,med_rsq,CI_95,med_icc,CI_95_icc
0,35.0,7.0,10.0,60.0,0.95285478719,0.0815979075029,0.976001526649,0.0395651304342
