,motion_thresh,age_l,age_u,n,med_rsq,CI_95
0,28.0,15.0,18.0,50.0,0.941186333263,0.0748435753005
