,motion_thresh,age_l,age_u,n,med_rsq,CI_95
0,20.0,14.0,17.0,120.0,0.969163681504,0.0442637737821
