,motion_thresh,age_l,age_u,n,med_rsq,CI_95
0,20.0,14.0,17.0,10.0,0.714808662474,0.54352948114
