,motion_thresh,age_l,age_u,n,med_rsq,CI_95
0,30.0,8.0,11.0,250.0,0.970886373129,0.0345725858263
