,motion_thresh,age_l,age_u,n,med_rsq,CI_95
0,38.0,12.0,15.0,300.0,0.98083359946,0.0175230726609
