,motion_thresh,age_l,age_u,n,med_rsq,CI_95
0,40.0,11.0,14.0,150.0,0.979253729427,0.0268122638045
