,motion_thresh,age_l,age_u,n,med_rsq,CI_95
0,20.0,14.0,17.0,100.0,0.969117897594,0.0619492252582
