,motion_thresh,age_l,age_u,n,med_rsq,CI_95
0,42.0,6.0,9.0,190.0,0.947495136108,0.0638868547162
