,motion_thresh,age_l,age_u,n,med_rsq,CI_95
0,6.0,8.0,11.0,100.0,0.938503023484,0.0755996870523
