,motion_thresh,age_l,age_u,n,med_rsq,CI_95
0,26.0,6.0,9.0,110.0,0.948718200084,0.0477287928835
