,motion_thresh,age_l,age_u,n,med_rsq,CI_95,med_icc,CI_95_icc
0,10.0,9.0,12.0,90.0,0.96794030657,0.0326114480687,0.984014219806,0.0169861607591
