,motion_thresh,age_l,age_u,n,med_rsq,CI_95
0,26.0,9.0,12.0,200.0,0.975530195073,0.0222297788699
