,motion_thresh,age_l,age_u,n,med_rsq,CI_95,med_icc,CI_95_icc
0,45.0,6.0,9.0,150.0,0.956157735897,0.0640193131129,0.978267645934,0.0296170004962
