,motion_thresh,age_l,age_u,n,med_rsq,CI_95
0,36.0,15.0,18.0,50.0,0.940315371196,0.0665011911695
