,motion_thresh,age_l,age_u,n,med_rsq,CI_95
0,24.0,14.0,17.0,240.0,0.968223620958,0.0698009757514
