,motion_thresh,age_l,age_u,n,med_rsq,CI_95
0,48.0,7.0,10.0,60.0,0.942722518512,0.0816607176348
