,motion_thresh,age_l,age_u,n,med_rsq,CI_95
0,4.0,7.0,10.0,90.0,0.924485995244,0.0357030909304
