,motion_thresh,age_l,age_u,n,med_rsq,CI_95,med_icc,CI_95_icc
0,10.0,11.0,14.0,150.0,0.977485580588,0.0124396874773,0.988717963043,0.0060809322943
