,motion_thresh,age_l,age_u,n,med_rsq,CI_95
0,26.0,13.0,16.0,300.0,0.976101254274,0.0319170030317
