,motion_thresh,age_l,age_u,n,med_rsq,CI_95,med_icc,CI_95_icc
0,45.0,15.0,18.0,300.0,0.971163475529,0.0396305059709,0.985516721131,0.0204892195772
