,motion_thresh,age_l,age_u,n,med_rsq,CI_95
0,32.0,9.0,12.0,60.0,0.947913143426,0.0944788075389
