,motion_thresh,age_l,age_u,n,med_rsq,CI_95
0,20.0,9.0,12.0,70.0,0.956737751247,0.0656362476385
