,motion_thresh,age_l,age_u,n,med_rsq,CI_95
0,6.0,9.0,12.0,280.0,0.951559231503,0.0409918175173
