,motion_thresh,age_l,age_u,n,med_rsq,CI_95
0,44.0,12.0,15.0,190.0,0.980453112934,0.0218026418497
