,motion_thresh,age_l,age_u,n,med_rsq,CI_95
0,48.0,13.0,16.0,50.0,0.936357352145,0.102518370522
