,motion_thresh,age_l,age_u,n,med_rsq,CI_95
0,34.0,9.0,12.0,290.0,0.976405537027,0.0295806258721
