,motion_thresh,age_l,age_u,n,med_rsq,CI_95
0,26.0,7.0,10.0,100.0,0.929930277884,0.148978543019
