,motion_thresh,age_l,age_u,n,med_rsq,CI_95
0,34.0,10.0,13.0,110.0,0.973476281698,0.0331154784104
