,motion_thresh,age_l,age_u,n,med_rsq,CI_95
0,36.0,7.0,10.0,160.0,0.96263038105,0.0390769205609
