,motion_thresh,age_l,age_u,n,med_rsq,CI_95
0,24.0,8.0,11.0,290.0,0.968250123856,0.0380163577165
