,motion_thresh,age_l,age_u,n,med_rsq,CI_95
0,8.0,9.0,12.0,120.0,0.954901196421,0.0503646355055
