,motion_thresh,age_l,age_u,n,med_rsq,CI_95
0,30.0,12.0,15.0,30.0,0.903836733567,0.140619877831
