,motion_thresh,age_l,age_u,n,med_rsq,CI_95
0,30.0,8.0,11.0,130.0,0.971000602689,0.0232105717615
