,motion_thresh,age_l,age_u,n,med_rsq,CI_95
0,12.0,9.0,12.0,140.0,0.966983919852,0.022619343269
