,motion_thresh,age_l,age_u,n,med_rsq,CI_95
0,8.0,6.0,9.0,290.0,0.918192207537,0.0451392406658
