,motion_thresh,age_l,age_u,n,med_rsq,CI_95
0,48.0,8.0,11.0,150.0,0.973850605163,0.0303219877377
