,motion_thresh,age_l,age_u,n,med_rsq,CI_95
0,46.0,8.0,11.0,200.0,0.974149838211,0.0248721282095
