,motion_thresh,age_l,age_u,n,med_rsq,CI_95
0,10.0,15.0,18.0,180.0,0.954331571957,0.0475392658835
