,motion_thresh,age_l,age_u,n,med_rsq,CI_95
0,38.0,6.0,9.0,270.0,0.950314890497,0.0606840653649
