,motion_thresh,age_l,age_u,n,med_rsq,CI_95
0,8.0,13.0,16.0,260.0,0.970153790792,0.0206318649042
