,motion_thresh,age_l,age_u,n,med_rsq,CI_95
0,8.0,11.0,14.0,240.0,0.969584993873,0.0287386285917
