,motion_thresh,age_l,age_u,n,med_rsq,CI_95
0,12.0,15.0,18.0,210.0,0.961029074735,0.0256089107534
