,motion_thresh,age_l,age_u,n,med_rsq,CI_95
0,24.0,15.0,18.0,200.0,0.965996625167,0.0560993124688
