,motion_thresh,age_l,age_u,n,med_rsq,CI_95
0,32.0,11.0,14.0,240.0,0.979614158666,0.0362074736759
