,motion_thresh,age_l,age_u,n,med_rsq,CI_95
0,48.0,8.0,11.0,210.0,0.975940308933,0.0248365643683
