,motion_thresh,age_l,age_u,n,med_rsq,CI_95
0,32.0,8.0,11.0,120.0,0.972908494741,0.0249905087221
