,motion_thresh,age_l,age_u,n,med_rsq,CI_95,med_icc,CI_95_icc
0,5.0,15.0,18.0,270.0,0.955909691784,0.0642850045178,0.977809738505,0.0317245025555
