,motion_thresh,age_l,age_u,n,med_rsq,CI_95,med_icc,CI_95_icc
0,15.0,14.0,17.0,240.0,0.975077392195,0.0200297570004,0.9873629375,0.0099494414623
