,motion_thresh,age_l,age_u,n,med_rsq,CI_95
0,44.0,11.0,14.0,270.0,0.981401957512,0.0235992021836
