,motion_thresh,age_l,age_u,n,med_rsq,CI_95
0,24.0,8.0,11.0,190.0,0.967443060645,0.0499130316278
