,motion_thresh,age_l,age_u,n,med_rsq,CI_95
0,26.0,9.0,12.0,90.0,0.966607747673,0.0425629507668
