,motion_thresh,age_l,age_u,n,med_rsq,CI_95
0,40.0,13.0,16.0,230.0,0.976239602355,0.0207385814188
