,motion_thresh,age_l,age_u,n,med_rsq,CI_95
0,28.0,9.0,12.0,300.0,0.973873062203,0.0267696744327
