,motion_thresh,age_l,age_u,n,med_rsq,CI_95,med_icc,CI_95_icc
0,5.0,8.0,11.0,240.0,0.952776987276,0.055910674306,0.976490119489,0.0283243182481
