,motion_thresh,age_l,age_u,n,med_rsq,CI_95
0,26.0,11.0,14.0,70.0,0.957483720868,0.0444752968931
