,motion_thresh,age_l,age_u,n,med_rsq,CI_95
0,44.0,15.0,18.0,290.0,0.968559291835,0.0369577847814
