,motion_thresh,age_l,age_u,n,med_rsq,CI_95,med_icc,CI_95_icc
0,50.0,8.0,11.0,210.0,0.974412763322,0.0321488942235,0.987098511546,0.0165979106528
