,motion_thresh,age_l,age_u,n,med_rsq,CI_95
0,24.0,6.0,9.0,80.0,0.947066644107,0.0532625849412
