,motion_thresh,age_l,age_u,n,med_rsq,CI_95
0,18.0,14.0,17.0,230.0,0.969383873561,0.0689927843959
