,motion_thresh,age_l,age_u,n,med_rsq,CI_95
0,50.0,10.0,13.0,270.0,0.976917806353,0.0272295957569
