,motion_thresh,age_l,age_u,n,med_rsq,CI_95
0,6.0,12.0,15.0,200.0,0.968418191175,0.0258161852368
