,motion_thresh,age_l,age_u,n,med_rsq,CI_95,med_icc,CI_95_icc
0,5.0,11.0,14.0,180.0,0.971613133559,0.0173810434009,0.985891232392,0.00859747367405
