,motion_thresh,age_l,age_u,n,med_rsq,CI_95
0,10.0,12.0,15.0,290.0,0.9742399028,0.0242657001608
