,motion_thresh,age_l,age_u,n,med_rsq,CI_95
0,46.0,10.0,13.0,280.0,0.974546282287,0.0441781238722
