,motion_thresh,age_l,age_u,n,med_rsq,CI_95
0,50.0,7.0,10.0,230.0,0.967671259425,0.0383177410849
