,motion_thresh,age_l,age_u,n,med_rsq,CI_95,med_icc,CI_95_icc
0,45.0,15.0,18.0,30.0,0.912708486073,0.131785990967,0.95574705444,0.0634607830562
