,motion_thresh,age_l,age_u,n,med_rsq,CI_95
0,16.0,13.0,16.0,200.0,0.971246000723,0.0299203035104
