,motion_thresh,age_l,age_u,n,med_rsq,CI_95
0,4.0,8.0,11.0,70.0,0.939381748241,0.0351580392618
