,motion_thresh,age_l,age_u,n,med_rsq,CI_95
0,8.0,13.0,16.0,50.0,0.942233413529,0.0656388301182
