,motion_thresh,age_l,age_u,n,med_rsq,CI_95
0,16.0,6.0,9.0,270.0,0.940117582874,0.0552617642676
