,motion_thresh,age_l,age_u,n,med_rsq,CI_95
0,22.0,14.0,17.0,300.0,0.966609164054,0.0569456563031
