,motion_thresh,age_l,age_u,n,med_rsq,CI_95
0,34.0,11.0,14.0,130.0,0.977294298736,0.0366382489464
