,motion_thresh,age_l,age_u,n,med_rsq,CI_95
0,26.0,14.0,17.0,170.0,0.973970969601,0.0343749317
