,motion_thresh,age_l,age_u,n,med_rsq,CI_95
0,34.0,8.0,11.0,80.0,0.962316800632,0.0361045156863
