,motion_thresh,age_l,age_u,n,med_rsq,CI_95
0,32.0,15.0,18.0,110.0,0.968123243079,0.0375174490651
