,motion_thresh,age_l,age_u,n,med_rsq,CI_95
0,40.0,9.0,12.0,90.0,0.965222633602,0.0477322741423
