,motion_thresh,age_l,age_u,n,med_rsq,CI_95
0,18.0,7.0,10.0,30.0,0.898129492549,0.125645400997
