,motion_thresh,age_l,age_u,n,med_rsq,CI_95
0,32.0,9.0,12.0,280.0,0.975540057701,0.0267361414193
