,motion_thresh,age_l,age_u,n,med_rsq,CI_95
0,50.0,9.0,12.0,110.0,0.971985910319,0.0553168130113
