,motion_thresh,age_l,age_u,n,med_rsq,CI_95
0,12.0,9.0,12.0,10.0,0.707468193242,0.395529291341
