,motion_thresh,age_l,age_u,n,med_rsq,CI_95
0,20.0,7.0,10.0,60.0,0.945127856315,0.105652578142
