,motion_thresh,age_l,age_u,n,med_rsq,CI_95
0,4.0,7.0,10.0,290.0,0.90825092471,0.0997125709655
