,motion_thresh,age_l,age_u,n,med_rsq,CI_95
0,26.0,10.0,13.0,60.0,0.950670481387,0.0655751331027
