,motion_thresh,age_l,age_u,n,med_rsq,CI_95
0,6.0,14.0,17.0,100.0,0.964346314691,0.0252358950502
