,motion_thresh,age_l,age_u,n,med_rsq,CI_95
0,26.0,8.0,11.0,240.0,0.970323409167,0.0436289547024
