,motion_thresh,age_l,age_u,n,med_rsq,CI_95
0,50.0,14.0,17.0,240.0,0.974841055509,0.0219887140982
