,motion_thresh,age_l,age_u,n,med_rsq,CI_95
0,30.0,12.0,15.0,280.0,0.978426249568,0.0223548064734
