,motion_thresh,age_l,age_u,n,med_rsq,CI_95
0,6.0,15.0,18.0,200.0,0.947017921569,0.0243859995416
