,motion_thresh,age_l,age_u,n,med_rsq,CI_95
0,28.0,14.0,17.0,80.0,0.959481139092,0.0423892101589
