,motion_thresh,age_l,age_u,n,med_rsq,CI_95
0,38.0,6.0,9.0,10.0,0.706235007062,0.493714361005
