,motion_thresh,age_l,age_u,n,med_rsq,CI_95
0,12.0,6.0,9.0,50.0,0.932673450189,0.0392677340108
