,motion_thresh,age_l,age_u,n,med_rsq,CI_95
0,44.0,6.0,9.0,70.0,0.949809913679,0.0509259270205
