,motion_thresh,age_l,age_u,n,med_rsq,CI_95
0,32.0,8.0,11.0,10.0,0.718040884146,0.355379006446
