,motion_thresh,age_l,age_u,n,med_rsq,CI_95
0,30.0,6.0,9.0,50.0,0.938653783112,0.0762758692894
