,motion_thresh,age_l,age_u,n,med_rsq,CI_95
0,22.0,11.0,14.0,100.0,0.970354198509,0.0338796788037
