,motion_thresh,age_l,age_u,n,med_rsq,CI_95
0,4.0,11.0,14.0,140.0,0.963047202024,0.0212766888347
