,motion_thresh,age_l,age_u,n,med_rsq,CI_95
0,16.0,7.0,10.0,40.0,0.923579118433,0.098050341973
