,motion_thresh,age_l,age_u,n,med_rsq,CI_95
0,36.0,14.0,17.0,10.0,0.718842070981,0.413250915977
