,motion_thresh,age_l,age_u,n,med_rsq,CI_95
0,38.0,7.0,10.0,10.0,0.712431500061,0.403802270707
