,motion_thresh,age_l,age_u,n,med_rsq,CI_95
0,8.0,8.0,11.0,90.0,0.954776322738,0.036196556927
