,motion_thresh,age_l,age_u,n,med_rsq,CI_95
0,18.0,9.0,12.0,300.0,0.968328925587,0.0403492786917
