,motion_thresh,age_l,age_u,n,med_rsq,CI_95,med_icc,CI_95_icc
0,35.0,6.0,9.0,150.0,0.956678524704,0.0673071458833,0.978710164018,0.0349613472976
