,motion_thresh,age_l,age_u,n,med_rsq,CI_95
0,48.0,6.0,9.0,180.0,0.944246370575,0.0887000294903
