,motion_thresh,age_l,age_u,n,med_rsq,CI_95
0,12.0,11.0,14.0,130.0,0.976024818392,0.0159702383547
