,motion_thresh,age_l,age_u,n,med_rsq,CI_95
0,12.0,12.0,15.0,60.0,0.951763638699,0.0368065676258
