,motion_thresh,age_l,age_u,n,med_rsq,CI_95,med_icc,CI_95_icc
0,30.0,12.0,15.0,180.0,0.980454271888,0.0273579984573,0.990324778659,0.013983795274
