,motion_thresh,age_l,age_u,n,med_rsq,CI_95
0,6.0,15.0,18.0,280.0,0.949879886311,0.0534073087194
