,motion_thresh,age_l,age_u,n,med_rsq,CI_95,med_icc,CI_95_icc
0,5.0,15.0,18.0,30.0,0.911569747891,0.143539400227,0.956078992042,0.0717514536035
