,motion_thresh,age_l,age_u,n,med_rsq,CI_95
0,20.0,12.0,15.0,150.0,0.978384068484,0.0190214785689
