,motion_thresh,age_l,age_u,n,med_rsq,CI_95
0,50.0,6.0,9.0,130.0,0.950967982977,0.054029414133
