,motion_thresh,age_l,age_u,n,med_rsq,CI_95
0,14.0,14.0,17.0,230.0,0.966442642338,0.0536514881874
