,motion_thresh,age_l,age_u,n,med_rsq,CI_95,med_icc,CI_95_icc
0,35.0,13.0,16.0,300.0,0.979975361557,0.0250413235013,0.98991612812,0.0126531684937
