,motion_thresh,age_l,age_u,n,med_rsq,CI_95
0,30.0,7.0,10.0,90.0,0.965303791988,0.0358121511813
