,motion_thresh,age_l,age_u,n,med_rsq,CI_95
0,4.0,14.0,17.0,20.0,0.854104375697,0.151195959977
