,motion_thresh,age_l,age_u,n,med_rsq,CI_95,med_icc,CI_95_icc
0,30.0,7.0,10.0,30.0,0.909801421945,0.130825946852,0.955065389833,0.0645529782663
