,motion_thresh,age_l,age_u,n,med_rsq,CI_95
0,2.0,9.0,12.0,290.0,0.912490309775,0.0582195937668
