,motion_thresh,age_l,age_u,n,med_rsq,CI_95
0,12.0,11.0,14.0,250.0,0.974966061106,0.0202943104198
