,motion_thresh,age_l,age_u,n,med_rsq,CI_95
0,24.0,12.0,15.0,130.0,0.977642832624,0.0332374701633
