,motion_thresh,age_l,age_u,n,med_rsq,CI_95
0,48.0,13.0,16.0,220.0,0.977389617451,0.0353608987701
