,motion_thresh,age_l,age_u,n,med_rsq,CI_95
0,30.0,7.0,10.0,200.0,0.964534050984,0.0593669264683
