,motion_thresh,age_l,age_u,n,med_rsq,CI_95
0,6.0,12.0,15.0,20.0,0.869995757961,0.0920712999839
