,motion_thresh,age_l,age_u,n,med_rsq,CI_95
0,4.0,7.0,10.0,300.0,0.917083160808,0.0722033114025
