,motion_thresh,age_l,age_u,n,med_rsq,CI_95,med_icc,CI_95_icc
0,30.0,15.0,18.0,210.0,0.971739378069,0.032877641163,0.985987889888,0.0168383422175
