,motion_thresh,age_l,age_u,n,med_rsq,CI_95
0,24.0,12.0,15.0,290.0,0.978737924843,0.0209150655982
