,motion_thresh,age_l,age_u,n,med_rsq,CI_95
0,12.0,15.0,18.0,100.0,0.959125066459,0.0295334081195
