,motion_thresh,age_l,age_u,n,med_rsq,CI_95
0,6.0,11.0,14.0,220.0,0.970869062274,0.00837758587784
