,motion_thresh,age_l,age_u,n,med_rsq,CI_95
0,4.0,14.0,17.0,170.0,0.943882305617,0.0207974988917
