,motion_thresh,age_l,age_u,n,med_rsq,CI_95,med_icc,CI_95_icc
0,30.0,14.0,17.0,300.0,0.976132044715,0.0327401208634,0.988099342243,0.0155386620188
