,motion_thresh,age_l,age_u,n,med_rsq,CI_95
0,46.0,9.0,12.0,200.0,0.977568983493,0.0214918031631
