,motion_thresh,age_l,age_u,n,med_rsq,CI_95
0,30.0,15.0,18.0,140.0,0.968613822435,0.0293307294259
