,motion_thresh,age_l,age_u,n,med_rsq,CI_95
0,2.0,7.0,10.0,80.0,0.88445764211,0.146027825712
