,motion_thresh,age_l,age_u,n,med_rsq,CI_95
0,4.0,11.0,14.0,270.0,0.961337841916,0.0213886209563
