,motion_thresh,age_l,age_u,n,med_rsq,CI_95
0,34.0,10.0,13.0,230.0,0.975846934283,0.0356235690457
