,motion_thresh,age_l,age_u,n,med_rsq,CI_95
0,18.0,10.0,13.0,150.0,0.971807912898,0.0379244888906
