,motion_thresh,age_l,age_u,n,med_rsq,CI_95,med_icc,CI_95_icc
0,25.0,9.0,12.0,60.0,0.9547988858,0.0523676618823,0.977734145258,0.0251731529104
