,motion_thresh,age_l,age_u,n,med_rsq,CI_95,med_icc,CI_95_icc
0,15.0,14.0,17.0,150.0,0.974426665899,0.0251432248204,0.986960298533,0.012943619868
