,motion_thresh,age_l,age_u,n,med_rsq,CI_95
0,38.0,8.0,11.0,30.0,0.901046998477,0.126382822696
