,motion_thresh,age_l,age_u,n,med_rsq,CI_95
0,12.0,12.0,15.0,220.0,0.975018556377,0.0185421689352
