,motion_thresh,age_l,age_u,n,med_rsq,CI_95
0,46.0,10.0,13.0,170.0,0.975793211076,0.0609441335884
