,motion_thresh,age_l,age_u,n,med_rsq,CI_95
0,26.0,10.0,13.0,280.0,0.977591924885,0.0366617316485
