,motion_thresh,age_l,age_u,n,med_rsq,CI_95
0,36.0,13.0,16.0,30.0,0.897190350171,0.101167025762
