,motion_thresh,age_l,age_u,n,med_rsq,CI_95
0,38.0,12.0,15.0,220.0,0.979792326756,0.0161824958411
