,motion_thresh,age_l,age_u,n,med_rsq,CI_95
0,36.0,12.0,15.0,100.0,0.96999700302,0.0403596705612
