,motion_thresh,age_l,age_u,n,med_rsq,CI_95
0,42.0,8.0,11.0,250.0,0.973155167303,0.0228034804162
