,motion_thresh,age_l,age_u,n,med_rsq,CI_95
0,24.0,14.0,17.0,270.0,0.966224202739,0.0734771780765
