,motion_thresh,age_l,age_u,n,med_rsq,CI_95
0,48.0,8.0,11.0,200.0,0.974954654424,0.0329477142504
