,motion_thresh,age_l,age_u,n,med_rsq,CI_95
0,28.0,6.0,9.0,100.0,0.94320714904,0.060287976094
