,motion_thresh,age_l,age_u,n,med_rsq,CI_95
0,20.0,7.0,10.0,220.0,0.962267723372,0.0401291191306
