,motion_thresh,age_l,age_u,n,med_rsq,CI_95
0,36.0,6.0,9.0,200.0,0.952217610389,0.062372688979
