,motion_thresh,age_l,age_u,n,med_rsq,CI_95
0,48.0,8.0,11.0,90.0,0.965892027536,0.0428216498713
