,motion_thresh,age_l,age_u,n,med_rsq,CI_95,med_icc,CI_95_icc
0,40.0,10.0,13.0,90.0,0.969754158159,0.0390231688541,0.985011587586,0.0188202306561
