,motion_thresh,age_l,age_u,n,med_rsq,CI_95
0,6.0,11.0,14.0,260.0,0.969628726923,0.01825718182
