,motion_thresh,age_l,age_u,n,med_rsq,CI_95
0,18.0,10.0,13.0,290.0,0.972741074725,0.0342897318616
