,motion_thresh,age_l,age_u,n,med_rsq,CI_95
0,8.0,7.0,10.0,240.0,0.941517986421,0.0431695641634
