,motion_thresh,age_l,age_u,n,med_rsq,CI_95
0,8.0,11.0,14.0,20.0,0.857233322268,0.126850634265
