,motion_thresh,age_l,age_u,n,med_rsq,CI_95
0,40.0,7.0,10.0,40.0,0.92385846856,0.11547134339
