,motion_thresh,age_l,age_u,n,med_rsq,CI_95
0,14.0,7.0,10.0,90.0,0.953252703139,0.0553077687942
