,motion_thresh,age_l,age_u,n,med_rsq,CI_95
0,6.0,14.0,17.0,150.0,0.963355765833,0.0371773800554
