,motion_thresh,age_l,age_u,n,med_rsq,CI_95
0,46.0,6.0,9.0,230.0,0.950148672666,0.0652537981418
