,motion_thresh,age_l,age_u,n,med_rsq,CI_95
0,30.0,15.0,18.0,130.0,0.966808255073,0.0328018503809
