,motion_thresh,age_l,age_u,n,med_rsq,CI_95
0,34.0,11.0,14.0,210.0,0.979549804778,0.0194914132177
