,motion_thresh,age_l,age_u,n,med_rsq,CI_95
0,48.0,15.0,18.0,200.0,0.969894346378,0.037549741598
