,motion_thresh,age_l,age_u,n,med_rsq,CI_95,med_icc,CI_95_icc
0,5.0,12.0,15.0,300.0,0.970511617887,0.0261375472697,0.985261539504,0.013623545584
