,motion_thresh,age_l,age_u,n,med_rsq,CI_95
0,30.0,12.0,15.0,230.0,0.979188015272,0.0231618283204
