,motion_thresh,age_l,age_u,n,med_rsq,CI_95
0,42.0,8.0,11.0,130.0,0.973030119824,0.0339300541448
