,motion_thresh,age_l,age_u,n,med_rsq,CI_95
0,30.0,10.0,13.0,100.0,0.971252315957,0.0299304241993
