,motion_thresh,age_l,age_u,n,med_rsq,CI_95,med_icc,CI_95_icc
0,10.0,13.0,16.0,30.0,0.912007477361,0.116571857116,0.955129822252,0.0560708153247
