,motion_thresh,age_l,age_u,n,med_rsq,CI_95
0,38.0,13.0,16.0,170.0,0.972713271228,0.0620455693394
