,motion_thresh,age_l,age_u,n,med_rsq,CI_95
0,40.0,10.0,13.0,100.0,0.967618251888,0.051208831435
