,motion_thresh,age_l,age_u,n,med_rsq,CI_95
0,36.0,12.0,15.0,120.0,0.975579368677,0.0298450561242
