,motion_thresh,age_l,age_u,n,med_rsq,CI_95,med_icc,CI_95_icc
0,40.0,7.0,10.0,90.0,0.971305236064,0.0525806837566,0.985830944478,0.0259687338349
