,motion_thresh,age_l,age_u,n,med_rsq,CI_95
0,32.0,7.0,10.0,140.0,0.966512717039,0.0500699755112
