,motion_thresh,age_l,age_u,n,med_rsq,CI_95
0,50.0,7.0,10.0,110.0,0.967494016049,0.0357671436108
