,motion_thresh,age_l,age_u,n,med_rsq,CI_95
0,38.0,11.0,14.0,230.0,0.978901159955,0.0194302736394
