,motion_thresh,age_l,age_u,n,med_rsq,CI_95,med_icc,CI_95_icc
0,40.0,15.0,18.0,30.0,0.912820911121,0.0830689888826,0.955918326632,0.0403571118404
