,motion_thresh,age_l,age_u,n,med_rsq,CI_95
0,28.0,7.0,10.0,30.0,0.898747513965,0.0990350886833
