,motion_thresh,age_l,age_u,n,med_rsq,CI_95,med_icc,CI_95_icc
0,15.0,12.0,15.0,210.0,0.975990237452,0.0247096698036,0.987845594519,0.0124839526341
