,motion_thresh,age_l,age_u,n,med_rsq,CI_95
0,32.0,7.0,10.0,40.0,0.922176460874,0.126473257199
