,motion_thresh,age_l,age_u,n,med_rsq,CI_95
0,50.0,8.0,11.0,150.0,0.973895275384,0.0336604256467
