,motion_thresh,age_l,age_u,n,med_rsq,CI_95
0,50.0,7.0,10.0,260.0,0.968195265717,0.0295444772308
