,motion_thresh,age_l,age_u,n,med_rsq,CI_95,med_icc,CI_95_icc
0,40.0,7.0,10.0,150.0,0.969717597904,0.0309086044241,0.985166466023,0.0154145449581
