,motion_thresh,age_l,age_u,n,med_rsq,CI_95
0,24.0,10.0,13.0,270.0,0.973444608999,0.0370160786871
