,motion_thresh,age_l,age_u,n,med_rsq,CI_95
0,22.0,6.0,9.0,270.0,0.940954099031,0.0801184637547
