,motion_thresh,age_l,age_u,n,med_rsq,CI_95
0,20.0,10.0,13.0,120.0,0.972555229205,0.0326681669223
