,motion_thresh,age_l,age_u,n,med_rsq,CI_95
0,26.0,7.0,10.0,260.0,0.922835561962,0.116232478396
