,motion_thresh,age_l,age_u,n,med_rsq,CI_95
0,18.0,8.0,11.0,190.0,0.964838799479,0.0446923397434
