,motion_thresh,age_l,age_u,n,med_rsq,CI_95
0,20.0,13.0,16.0,230.0,0.975803925546,0.0359845374389
