,motion_thresh,age_l,age_u,n,med_rsq,CI_95
0,48.0,7.0,10.0,40.0,0.920516454857,0.103412972191
