,motion_thresh,age_l,age_u,n,med_rsq,CI_95
0,26.0,13.0,16.0,40.0,0.923586470328,0.072895250996
