,motion_thresh,age_l,age_u,n,med_rsq,CI_95
0,6.0,15.0,18.0,290.0,0.951061311138,0.0605272561414
