,motion_thresh,age_l,age_u,n,med_rsq,CI_95
0,40.0,13.0,16.0,240.0,0.977446736502,0.0258265851029
