,motion_thresh,age_l,age_u,n,med_rsq,CI_95
0,30.0,7.0,10.0,290.0,0.965129472088,0.0593475800101
