,motion_thresh,age_l,age_u,n,med_rsq,CI_95,med_icc,CI_95_icc
0,20.0,9.0,12.0,30.0,0.910260328397,0.116364731558,0.956676325461,0.0536565842591
