,motion_thresh,age_l,age_u,n,med_rsq,CI_95
0,8.0,7.0,10.0,30.0,0.897985794851,0.103073197526
