,motion_thresh,age_l,age_u,n,med_rsq,CI_95
0,44.0,11.0,14.0,190.0,0.980534546957,0.0215456511412
