,motion_thresh,age_l,age_u,n,med_rsq,CI_95
0,38.0,11.0,14.0,300.0,0.979426925355,0.0248534443696
