,motion_thresh,age_l,age_u,n,med_rsq,CI_95
0,42.0,10.0,13.0,250.0,0.970651812307,0.0507409651806
