,motion_thresh,age_l,age_u,n,med_rsq,CI_95
0,40.0,8.0,11.0,210.0,0.973261345332,0.0327641856127
