,motion_thresh,age_l,age_u,n,med_rsq,CI_95
0,42.0,12.0,15.0,130.0,0.974666236742,0.0395086145753
