,motion_thresh,age_l,age_u,n,med_rsq,CI_95
0,6.0,15.0,18.0,300.0,0.950754154539,0.047854655509
