,motion_thresh,age_l,age_u,n,med_rsq,CI_95
0,30.0,7.0,10.0,150.0,0.964954918543,0.0422249739315
