,motion_thresh,age_l,age_u,n,med_rsq,CI_95
0,50.0,7.0,10.0,170.0,0.967167973697,0.0387156491557
