,motion_thresh,age_l,age_u,n,med_rsq,CI_95
0,22.0,13.0,16.0,60.0,0.950474865024,0.0595750136616
