,motion_thresh,age_l,age_u,n,med_rsq,CI_95
0,16.0,8.0,11.0,110.0,0.96556932069,0.0317749529153
