,motion_thresh,age_l,age_u,n,med_rsq,CI_95
0,2.0,9.0,12.0,10.0,0.75326318709,0.0556963960859
