,motion_thresh,age_l,age_u,n,med_rsq,CI_95
0,12.0,13.0,16.0,40.0,0.926526470266,0.101801861717
