,motion_thresh,age_l,age_u,n,med_rsq,CI_95
0,28.0,9.0,12.0,10.0,0.710316993763,0.381804329587
