,motion_thresh,age_l,age_u,n,med_rsq,CI_95,med_icc,CI_95_icc
0,45.0,15.0,18.0,60.0,0.953484018164,0.0534505594269,0.976701085741,0.0267725897577
