,motion_thresh,age_l,age_u,n,med_rsq,CI_95
0,8.0,9.0,12.0,30.0,0.897598243242,0.131854715047
