,motion_thresh,age_l,age_u,n,med_rsq,CI_95
0,28.0,15.0,18.0,280.0,0.967383221486,0.0416475289018
