,motion_thresh,age_l,age_u,n,med_rsq,CI_95,med_icc,CI_95_icc
0,35.0,13.0,16.0,240.0,0.979900261435,0.0239386437988,0.989971281608,0.0123442285072
