,motion_thresh,age_l,age_u,n,med_rsq,CI_95
0,48.0,12.0,15.0,180.0,0.979661584778,0.0274632233042
