,motion_thresh,age_l,age_u,n,med_rsq,CI_95
0,20.0,8.0,11.0,200.0,0.960936688463,0.0701987967066
