,motion_thresh,age_l,age_u,n,med_rsq,CI_95
0,40.0,9.0,12.0,200.0,0.97749290619,0.0368136585365
