,motion_thresh,age_l,age_u,n,med_rsq,CI_95
0,4.0,15.0,18.0,210.0,0.940961741093,0.0594877923745
