,motion_thresh,age_l,age_u,n,med_rsq,CI_95
0,8.0,13.0,16.0,110.0,0.97015062244,0.0230511884393
