,motion_thresh,age_l,age_u,n,med_rsq,CI_95
0,22.0,6.0,9.0,260.0,0.940814876136,0.0705444544791
