,motion_thresh,age_l,age_u,n,med_rsq,CI_95
0,30.0,15.0,18.0,30.0,0.89455512958,0.175869670119
