,motion_thresh,age_l,age_u,n,med_rsq,CI_95
0,18.0,13.0,16.0,90.0,0.963946879068,0.0393567688819
