,motion_thresh,age_l,age_u,n,med_rsq,CI_95
0,10.0,10.0,13.0,60.0,0.950533377694,0.052057408124
