,motion_thresh,age_l,age_u,n,med_rsq,CI_95
0,46.0,6.0,9.0,40.0,0.918898277367,0.141516612546
