,motion_thresh,age_l,age_u,n,med_rsq,CI_95
0,28.0,15.0,18.0,230.0,0.96688192953,0.04216163654
