,motion_thresh,age_l,age_u,n,med_rsq,CI_95
0,32.0,14.0,17.0,10.0,0.721545708679,0.322829567253
