,motion_thresh,age_l,age_u,n,med_rsq,CI_95
0,26.0,14.0,17.0,190.0,0.974063828975,0.0285189613569
