,motion_thresh,age_l,age_u,n,med_rsq,CI_95
0,10.0,8.0,11.0,280.0,0.958659993749,0.0372638799985
