,motion_thresh,age_l,age_u,n,med_rsq,CI_95
0,8.0,7.0,10.0,20.0,0.849469690592,0.126369037498
