,motion_thresh,age_l,age_u,n,med_rsq,CI_95
0,8.0,10.0,13.0,10.0,0.716447898153,0.307190463923
