,motion_thresh,age_l,age_u,n,med_rsq,CI_95
0,4.0,14.0,17.0,120.0,0.950265576606,0.0390235646452
