,motion_thresh,age_l,age_u,n,med_rsq,CI_95
0,8.0,12.0,15.0,20.0,0.85849114796,0.16654921418
