,motion_thresh,age_l,age_u,n,med_rsq,CI_95
0,2.0,8.0,11.0,50.0,0.910041987573,0.0480119512511
