,motion_thresh,age_l,age_u,n,med_rsq,CI_95
0,8.0,10.0,13.0,260.0,0.965674147145,0.0331477662375
