,motion_thresh,age_l,age_u,n,med_rsq,CI_95
0,10.0,12.0,15.0,180.0,0.974625688066,0.0222613483037
