,motion_thresh,age_l,age_u,n,med_rsq,CI_95
0,2.0,11.0,14.0,250.0,0.944844163158,0.0244910181841
