,motion_thresh,age_l,age_u,n,med_rsq,CI_95,med_icc,CI_95_icc
0,50.0,14.0,17.0,270.0,0.978348032545,0.023445522745,0.989084017689,0.0119441636767
