,motion_thresh,age_l,age_u,n,med_rsq,CI_95
0,30.0,6.0,9.0,220.0,0.946530398212,0.057186519029
