,motion_thresh,age_l,age_u,n,med_rsq,CI_95
0,2.0,10.0,13.0,260.0,0.935054752359,0.0442677260268
