,motion_thresh,age_l,age_u,n,med_rsq,CI_95,med_icc,CI_95_icc
0,20.0,12.0,15.0,60.0,0.956039436372,0.0753443158014,0.977768684651,0.0375646570999
