,motion_thresh,age_l,age_u,n,med_rsq,CI_95
0,42.0,9.0,12.0,110.0,0.971684989953,0.0426702469537
