,motion_thresh,age_l,age_u,n,med_rsq,CI_95
0,28.0,6.0,9.0,240.0,0.943507671289,0.070441318173
