,motion_thresh,age_l,age_u,n,med_rsq,CI_95
0,40.0,6.0,9.0,120.0,0.950776298255,0.0512903934214
