,motion_thresh,age_l,age_u,n,med_rsq,CI_95
0,20.0,14.0,17.0,290.0,0.96879909208,0.0495124857644
