,motion_thresh,age_l,age_u,n,med_rsq,CI_95,med_icc,CI_95_icc
0,30.0,6.0,18.0,90.0,0.968099302802,0.0471779655311,0.984185999575,0.0241580305565
