,motion_thresh,age_l,age_u,n,med_rsq,CI_95,med_icc,CI_95_icc
0,45.0,6.0,18.0,90.0,0.967297866091,0.0531336065989,0.983792558795,0.024189085136
