,motion_thresh,age_l,age_u,n,med_rsq,CI_95,med_icc,CI_95_icc
0,60.0,6.0,18.0,90.0,0.967926855434,0.0618617204862,0.984118044756,0.0304086230237
