,motion_thresh,age_l,age_u,n,med_rsq,CI_95,med_icc,CI_95_icc
0,75.0,6.0,18.0,40.0,0.932837019157,0.0938492464415,0.966757788923,0.0461402792121
