,motion_thresh,age_l,age_u,n,med_rsq,CI_95,med_icc,CI_95_icc
0,20.0,6.0,18.0,170.0,0.984022402947,0.0301529687455,0.991971997317,0.0147488720866
