,motion_thresh,age_l,age_u,n,med_rsq,CI_95,med_icc,CI_95_icc
0,15.0,6.0,18.0,60.0,0.954438695649,0.0613971829319,0.977316111159,0.0308296178331
