,motion_thresh,age_l,age_u,n,med_rsq,CI_95,med_icc,CI_95_icc
0,20.0,6.0,18.0,20.0,0.874715714546,0.171219703636,0.937080233673,0.0783754035196
