,motion_thresh,age_l,age_u,n,med_rsq,CI_95,med_icc,CI_95_icc
0,5.0,6.0,18.0,20.0,0.873821351729,0.192913657515,0.937016038726,0.0847762304325
