,motion_thresh,age_l,age_u,n,med_rsq,CI_95,med_icc,CI_95_icc
0,25.0,6.0,18.0,90.0,0.96994662391,0.0292724353257,0.985025869766,0.0136402184258
