,motion_thresh,age_l,age_u,n,med_rsq,CI_95,med_icc,CI_95_icc
0,16.0,6.0,18.0,110.0,0.97523758675,0.0299466321978,0.987574978577,0.0144897175693
