,motion_thresh,age_l,age_u,n,med_rsq,CI_95,med_icc,CI_95_icc
0,35.0,6.0,18.0,50.0,0.947781465018,0.108442719229,0.973975192076,0.0536005103082
