,motion_thresh,age_l,age_u,n,med_rsq,CI_95,med_icc,CI_95_icc
0,18.0,6.0,18.0,120.0,0.977472186853,0.0280485159565,0.988669897682,0.0134246787763
