,motion_thresh,age_l,age_u,n,med_rsq,CI_95,med_icc,CI_95_icc
0,35.0,6.0,18.0,30.0,0.911270595921,0.177765152258,0.956096137943,0.0764895127141
