,motion_thresh,age_l,age_u,n,med_rsq,CI_95,med_icc,CI_95_icc
0,35.0,6.0,18.0,80.0,0.967342355667,0.0529163346841,0.983659083345,0.0250681265937
