,motion_thresh,age_l,age_u,n,med_rsq,CI_95,med_icc,CI_95_icc
0,55.0,6.0,18.0,60.0,0.954384477055,0.0689811668991,0.977401244093,0.0332038293337
