,motion_thresh,age_l,age_u,n,med_rsq,CI_95,med_icc,CI_95_icc
0,10.0,6.0,18.0,40.0,0.933496017433,0.0797070636477,0.966784523878,0.0375935350314
