,motion_thresh,age_l,age_u,n,med_rsq,CI_95,med_icc,CI_95_icc
0,25.0,6.0,18.0,60.0,0.957301081178,0.0483088615655,0.978702963113,0.023889230191
