,motion_thresh,age_l,age_u,n,med_rsq,CI_95,med_icc,CI_95_icc
0,5.0,6.0,18.0,90.0,0.970781438559,0.0407234308643,0.985399129819,0.0196977169487
