,motion_thresh,age_l,age_u,n,med_rsq,CI_95,med_icc,CI_95_icc
0,10.0,6.0,18.0,100.0,0.973087243566,0.0423688856037,0.986621511003,0.0202239506198
