,motion_thresh,age_l,age_u,n,med_rsq,CI_95,med_icc,CI_95_icc
0,80.0,6.0,18.0,80.0,0.965408782641,0.0414785536053,0.982579206827,0.0197197476917
