,motion_thresh,age_l,age_u,n,med_rsq,CI_95,med_icc,CI_95_icc
0,10.0,6.0,18.0,90.0,0.970867586862,0.0294896463522,0.985390630772,0.0150776235918
