,motion_thresh,age_l,age_u,n,med_rsq,CI_95,med_icc,CI_95_icc
0,25.0,6.0,18.0,10.0,0.755239237147,0.378097318503,0.876995620196,0.162594627004
