,motion_thresh,age_l,age_u,n,med_rsq,CI_95,med_icc,CI_95_icc
0,50.0,6.0,18.0,20.0,0.867494872124,0.151403788199,0.934376040726,0.0746091230538
