,motion_thresh,age_l,age_u,n,med_rsq,CI_95,med_icc,CI_95_icc
0,55.0,6.0,18.0,50.0,0.947670036049,0.055619084919,0.973957933878,0.0282026162163
