,motion_thresh,age_l,age_u,n,med_rsq,CI_95,med_icc,CI_95_icc
0,20.0,6.0,18.0,10.0,0.736554447152,0.523537280353,0.870198506897,0.221841046115
