,motion_thresh,age_l,age_u,n,med_rsq,CI_95,med_icc,CI_95_icc
0,30.0,6.0,18.0,60.0,0.953146409732,0.0761064177229,0.977090266599,0.0347580939151
