,motion_thresh,age_l,age_u,n,med_rsq,CI_95,med_icc,CI_95_icc
0,20.0,6.0,18.0,100.0,0.972810455959,0.0616783999053,0.986590829759,0.0308048965453
