,motion_thresh,age_l,age_u,n,med_rsq,CI_95,med_icc,CI_95_icc
0,14.0,6.0,18.0,140.0,0.980135901326,0.0359252990028,0.990079354156,0.017520133805
