,motion_thresh,age_l,age_u,n,med_rsq,CI_95,med_icc,CI_95_icc
0,60.0,6.0,18.0,50.0,0.943405315451,0.0816396043837,0.971536351139,0.036571072765
