,motion_thresh,age_l,age_u,n,med_rsq,CI_95,med_icc,CI_95_icc
0,25.0,6.0,18.0,70.0,0.962426951856,0.0565136256691,0.981362346849,0.0285036468806
