,motion_thresh,age_l,age_u,n,med_rsq,CI_95,med_icc,CI_95_icc
0,50.0,6.0,18.0,30.0,0.90787092869,0.157657073325,0.95450064099,0.0812072540529
