,motion_thresh,age_l,age_u,n,med_rsq,CI_95,med_icc,CI_95_icc
0,65.0,6.0,18.0,60.0,0.952175923315,0.0625030867401,0.976400254745,0.0322239188708
