,motion_thresh,age_l,age_u,n,med_rsq,CI_95,med_icc,CI_95_icc
0,70.0,6.0,18.0,90.0,0.970513500554,0.0487485435465,0.985213568258,0.0244325660014
