,motion_thresh,age_l,age_u,n,med_rsq,CI_95,med_icc,CI_95_icc
0,10.0,6.0,18.0,150.0,0.981809967483,0.0198607742062,0.990967406313,0.00968718076793
