,motion_thresh,age_l,age_u,n,med_rsq,CI_95,med_icc,CI_95_icc
0,14.0,6.0,18.0,130.0,0.978961249066,0.0244750318779,0.989476306654,0.0120872362956
