,motion_thresh,age_l,age_u,n,med_rsq,CI_95,med_icc,CI_95_icc
0,75.0,6.0,18.0,20.0,0.861090340334,0.192418302252,0.932072520536,0.0957944823475
