,motion_thresh,age_l,age_u,n,med_rsq,CI_95,med_icc,CI_95_icc
0,45.0,6.0,18.0,60.0,0.956559983611,0.0740470219189,0.977917795001,0.0365042154019
