,motion_thresh,age_l,age_u,n,med_rsq,CI_95,med_icc,CI_95_icc
0,75.0,6.0,18.0,50.0,0.947501900515,0.0630120608116,0.973566187516,0.0273649116162
