,motion_thresh,age_l,age_u,n,med_rsq,CI_95,med_icc,CI_95_icc
0,60.0,6.0,18.0,80.0,0.962596955802,0.081796365104,0.981576392536,0.0409770700269
