,motion_thresh,age_l,age_u,n,med_rsq,CI_95,med_icc,CI_95_icc
0,70.0,6.0,18.0,100.0,0.972354194328,0.0490364863918,0.986217997175,0.0242207597368
