,motion_thresh,age_l,age_u,n,med_rsq,CI_95,med_icc,CI_95_icc
0,20.0,6.0,18.0,50.0,0.948222154751,0.0776220745656,0.974197114903,0.0380196472125
