,motion_thresh,age_l,age_u,n,med_rsq,CI_95,med_icc,CI_95_icc
0,50.0,6.0,18.0,50.0,0.947776550327,0.0813954983881,0.973778531066,0.0395757724287
