,motion_thresh,age_l,age_u,n,med_rsq,CI_95,med_icc,CI_95_icc
0,80.0,6.0,18.0,90.0,0.971075098578,0.0368014267792,0.985520317212,0.018723741836
