,motion_thresh,age_l,age_u,n,med_rsq,CI_95,med_icc,CI_95_icc
0,15.0,6.0,18.0,50.0,0.947771861004,0.0780156989854,0.973577851252,0.0381816758107
