,motion_thresh,age_l,age_u,n,med_rsq,CI_95,med_icc,CI_95_icc
0,45.0,6.0,18.0,100.0,0.973521427051,0.0408734590356,0.98667600291,0.0205807752398
