,motion_thresh,age_l,age_u,n,med_rsq,CI_95,med_icc,CI_95_icc
0,75.0,6.0,18.0,60.0,0.952365930705,0.0757697092617,0.976406766546,0.0376275773141
