,motion_thresh,age_l,age_u,n,med_rsq,CI_95,med_icc,CI_95_icc
0,40.0,6.0,18.0,30.0,0.911873771914,0.132069778359,0.955906692511,0.0656282206613
