,motion_thresh,age_l,age_u,n,med_rsq,CI_95,med_icc,CI_95_icc
0,70.0,6.0,18.0,30.0,0.911017304137,0.206717045326,0.956115976369,0.0987461560575
