,motion_thresh,age_l,age_u,n,med_rsq,CI_95,med_icc,CI_95_icc
0,45.0,6.0,18.0,30.0,0.913864487696,0.162954632377,0.957532605943,0.0827481910909
