,motion_thresh,age_l,age_u,n,med_rsq,CI_95,med_icc,CI_95_icc
0,45.0,6.0,18.0,70.0,0.962195470449,0.0676168635721,0.981109958439,0.0346333564763
