,motion_thresh,age_l,age_u,n,med_rsq,CI_95,med_icc,CI_95_icc
0,35.0,6.0,18.0,20.0,0.8680754504,0.219874732971,0.934556779207,0.0923954668764
