,motion_thresh,age_l,age_u,n,med_rsq,CI_95,med_icc,CI_95_icc
0,40.0,6.0,18.0,90.0,0.96991817848,0.0549544315155,0.984982264659,0.0293349908736
