,motion_thresh,age_l,age_u,n,med_rsq,CI_95,med_icc,CI_95_icc
0,40.0,6.0,18.0,70.0,0.960504549203,0.0517687786389,0.980272239076,0.0261308528549
