,motion_thresh,age_l,age_u,n,med_rsq,CI_95,med_icc,CI_95_icc
0,65.0,6.0,18.0,70.0,0.963841032882,0.0557756333834,0.981931320365,0.027466752468
