,motion_thresh,age_l,age_u,n,med_rsq,CI_95,med_icc,CI_95_icc
0,65.0,6.0,18.0,30.0,0.909818417256,0.147217011196,0.955486401666,0.0645394062064
