,motion_thresh,age_l,age_u,n,med_rsq,CI_95,med_icc,CI_95_icc
0,6.0,6.0,18.0,110.0,0.975823358796,0.0435777336483,0.987934401054,0.0221591195535
