,motion_thresh,age_l,age_u,n,med_rsq,CI_95,med_icc,CI_95_icc
0,20.0,6.0,18.0,120.0,0.977942102936,0.0280040757809,0.989005223493,0.0140919886596
