,motion_thresh,age_l,age_u,n,med_rsq,CI_95,med_icc,CI_95_icc
0,12.0,6.0,18.0,90.0,0.970291593237,0.0316522933376,0.985219363573,0.0159283882681
