,motion_thresh,age_l,age_u,n,med_rsq,CI_95,med_icc,CI_95_icc
0,14.0,6.0,18.0,120.0,0.977585989366,0.0278957606643,0.988813456595,0.0136432667613
