,motion_thresh,age_l,age_u,n,med_rsq,CI_95,med_icc,CI_95_icc
0,80.0,6.0,18.0,30.0,0.912054688576,0.165716652301,0.955104714615,0.0751075755567
