,motion_thresh,age_l,age_u,n,med_rsq,CI_95,med_icc,CI_95_icc
0,55.0,6.0,18.0,30.0,0.913654870014,0.0955869189087,0.957167802984,0.0514897038302
