,motion_thresh,age_l,age_u,n,med_rsq,CI_95,med_icc,CI_95_icc
0,20.0,6.0,18.0,130.0,0.979228842891,0.0431562076184,0.989620020409,0.0221721119516
