,motion_thresh,age_l,age_u,n,med_rsq,CI_95,med_icc,CI_95_icc
0,40.0,6.0,18.0,40.0,0.935778241386,0.121377085709,0.967900030344,0.056330563029
