,motion_thresh,age_l,age_u,n,med_rsq,CI_95,med_icc,CI_95_icc
0,70.0,6.0,18.0,70.0,0.961078826826,0.0469989734735,0.980717948287,0.0235450483915
