,motion_thresh,age_l,age_u,n,med_rsq,CI_95,med_icc,CI_95_icc
0,16.0,6.0,18.0,80.0,0.966454352373,0.0553221630086,0.983248621151,0.0277486894095
