,motion_thresh,age_l,age_u,n,med_rsq,CI_95,med_icc,CI_95_icc
0,5.0,6.0,18.0,30.0,0.911389299155,0.13875182903,0.955749113676,0.0656391806905
