,motion_thresh,age_l,age_u,n,med_rsq,CI_95,med_icc,CI_95_icc
0,75.0,6.0,18.0,30.0,0.905510549713,0.247037969151,0.95339399022,0.10220167664
