,motion_thresh,age_l,age_u,n,med_rsq,CI_95,med_icc,CI_95_icc
0,30.0,6.0,18.0,50.0,0.946732297052,0.067516486382,0.973496483537,0.0350825031128
