,motion_thresh,age_l,age_u,n,med_rsq,CI_95,med_icc,CI_95_icc
0,45.0,6.0,18.0,20.0,0.874477941039,0.2359624756,0.937877155088,0.107487803329
