,motion_thresh,age_l,age_u,n,med_rsq,CI_95,med_icc,CI_95_icc
0,40.0,6.0,18.0,20.0,0.865439840494,0.248467527468,0.932879164838,0.113684888588
