,motion_thresh,age_l,age_u,n,med_rsq,CI_95,med_icc,CI_95_icc
0,20.0,6.0,18.0,110.0,0.97537625112,0.0418506008849,0.987669220957,0.0201276628078
