,motion_thresh,age_l,age_u,n,med_rsq,CI_95,med_icc,CI_95_icc
0,80.0,6.0,18.0,10.0,0.725241094667,0.348954965306,0.863598470893,0.139821386566
