,motion_thresh,age_l,age_u,n,med_rsq,CI_95,med_icc,CI_95_icc
0,15.0,6.0,18.0,20.0,0.867736923796,0.202852762863,0.933521520321,0.0911665279938
