,motion_thresh,age_l,age_u,n,med_rsq,CI_95,med_icc,CI_95_icc
0,15.0,6.0,18.0,100.0,0.973679089796,0.0399156450499,0.986927284363,0.0196031378237
