,motion_thresh,age_l,age_u,n,med_rsq,CI_95,med_icc,CI_95_icc
0,65.0,6.0,18.0,10.0,0.735935872489,0.345644176224,0.874861286068,0.134518709599
