,motion_thresh,age_l,age_u,n,med_rsq,CI_95,med_icc,CI_95_icc
0,55.0,6.0,18.0,10.0,0.749228547819,0.513269047941,0.875255863843,0.220892257928
