,motion_thresh,age_l,age_u,n,med_rsq,CI_95,med_icc,CI_95_icc
0,15.0,6.0,18.0,40.0,0.933684427212,0.0994827064269,0.967476493269,0.0482897128194
