,motion_thresh,age_l,age_u,n,med_rsq,CI_95,med_icc,CI_95_icc
0,30.0,6.0,18.0,80.0,0.966467829136,0.0427358890647,0.9832613041,0.0208327577949
