,motion_thresh,age_l,age_u,n,med_rsq,CI_95,med_icc,CI_95_icc
0,45.0,6.0,18.0,50.0,0.946093608037,0.0968815478301,0.97331475229,0.0470955787929
