,motion_thresh,age_l,age_u,n,med_rsq,CI_95,med_icc,CI_95_icc
0,50.0,6.0,18.0,90.0,0.971193156946,0.0431122137147,0.985595708853,0.0217472230284
