,motion_thresh,age_l,age_u,n,med_rsq,CI_95,med_icc,CI_95_icc
0,5.0,6.0,18.0,70.0,0.961690227096,0.0512151045685,0.980767131372,0.02646315475
