,motion_thresh,age_l,age_u,n,med_rsq,CI_95,med_icc,CI_95_icc
0,75.0,6.0,18.0,90.0,0.967737218616,0.042531748778,0.983616233592,0.0208366409269
