,motion_thresh,age_l,age_u,n,med_rsq,CI_95,med_icc,CI_95_icc
0,70.0,6.0,18.0,20.0,0.865448079713,0.2622511319,0.932981001065,0.110504206926
