,motion_thresh,age_l,age_u,n,med_rsq,CI_95,med_icc,CI_95_icc
0,15.0,6.0,18.0,80.0,0.965541405833,0.0664774661123,0.982862031448,0.0310574562404
