,motion_thresh,age_l,age_u,n,med_rsq,CI_95,med_icc,CI_95_icc
0,60.0,6.0,18.0,10.0,0.746018497485,0.413657374725,0.871959353708,0.189949487202
