,motion_thresh,age_l,age_u,n,med_rsq,CI_95,med_icc,CI_95_icc
0,10.0,6.0,18.0,30.0,0.913004061772,0.118073120472,0.956449759447,0.0568480727638
