,motion_thresh,age_l,age_u,n,med_rsq,CI_95,med_icc,CI_95_icc
0,20.0,6.0,18.0,40.0,0.933371405509,0.0807433665372,0.967288948874,0.039223430093
