,motion_thresh,age_l,age_u,n,med_rsq,CI_95,med_icc,CI_95_icc
0,30.0,6.0,18.0,70.0,0.958772612403,0.0652635554792,0.979397093776,0.0311796868191
