,motion_thresh,age_l,age_u,n,med_rsq,CI_95,med_icc,CI_95_icc
0,70.0,6.0,18.0,40.0,0.932666602608,0.0713707071925,0.966216529943,0.038950266894
