,motion_thresh,age_l,age_u,n,med_rsq,CI_95,med_icc,CI_95_icc
0,15.0,6.0,18.0,70.0,0.96197753286,0.0496001185576,0.98116984623,0.0227132766805
