,motion_thresh,age_l,age_u,n,med_rsq,CI_95,med_icc,CI_95_icc
0,30.0,6.0,18.0,30.0,0.907365794494,0.106975069687,0.953528031147,0.0496313117192
