,motion_thresh,age_l,age_u,n,med_rsq,CI_95,med_icc,CI_95_icc
0,15.0,6.0,18.0,10.0,0.748618969639,0.383055555723,0.873830470152,0.159217731992
