,motion_thresh,age_l,age_u,n,med_rsq,CI_95,med_icc,CI_95_icc
0,65.0,6.0,18.0,80.0,0.96362033077,0.0492149947288,0.982201805883,0.0244875804534
