,motion_thresh,age_l,age_u,n,med_rsq,CI_95,med_icc,CI_95_icc
0,30.0,6.0,18.0,20.0,0.87105027783,0.143840074324,0.934478270178,0.0675077572422
