,motion_thresh,age_l,age_u,n,med_rsq,CI_95,med_icc,CI_95_icc
0,14.0,6.0,18.0,110.0,0.976195709524,0.0404241905547,0.988020299059,0.0195981957443
