,motion_thresh,age_l,age_u,n,med_rsq,CI_95,med_icc,CI_95_icc
0,25.0,6.0,18.0,50.0,0.948305102408,0.07186683626,0.974288527843,0.0366595307717
