,motion_thresh,age_l,age_u,n,med_rsq,CI_95,med_icc,CI_95_icc
0,5.0,6.0,18.0,10.0,0.742099986517,0.260270492506,0.874313564011,0.119526931265
