,motion_thresh,age_l,age_u,n,med_rsq,CI_95,med_icc,CI_95_icc
0,10.0,6.0,18.0,80.0,0.966197583509,0.0395022545137,0.983265075686,0.0182282792194
