,motion_thresh,age_l,age_u,n,med_rsq,CI_95,med_icc,CI_95_icc
0,30.0,6.0,18.0,100.0,0.972472973929,0.0451646301555,0.986184163352,0.0225105431586
