,motion_thresh,age_l,age_u,n,med_rsq,CI_95,med_icc,CI_95_icc
0,5.0,6.0,18.0,80.0,0.967101482991,0.0411182703779,0.983687110675,0.0195299817162
