,motion_thresh,age_l,age_u,n,med_rsq,CI_95,med_icc,CI_95_icc
0,50.0,6.0,18.0,70.0,0.960701452212,0.0585825431367,0.98034512692,0.0288246311739
