,motion_thresh,age_l,age_u,n,med_rsq,CI_95,med_icc,CI_95_icc
0,60.0,6.0,18.0,70.0,0.96143035633,0.0706965426871,0.981050692505,0.0322294675327
