,motion_thresh,age_l,age_u,n,med_rsq,CI_95,med_icc,CI_95_icc
0,55.0,6.0,18.0,40.0,0.932613691777,0.108758221562,0.965774662266,0.0516484306011
