,motion_thresh,age_l,age_u,n,med_rsq,CI_95,med_icc,CI_95_icc
0,35.0,6.0,18.0,40.0,0.930765145493,0.119940321043,0.965675479236,0.0609094380894
