,motion_thresh,age_l,age_u,n,med_rsq,CI_95,med_icc,CI_95_icc
0,25.0,6.0,18.0,30.0,0.914105333655,0.130282397317,0.957869876746,0.059116017491
