,motion_thresh,age_l,age_u,n,med_rsq,CI_95,med_icc,CI_95_icc
0,18.0,6.0,18.0,90.0,0.970750394612,0.0409152917998,0.985365978036,0.0195385510898
