,motion_thresh,age_l,age_u,n,med_rsq,CI_95,med_icc,CI_95_icc
0,55.0,6.0,18.0,90.0,0.970018287199,0.0489797037659,0.985096414368,0.025368984545
