,motion_thresh,age_l,age_u,n,med_rsq,CI_95,med_icc,CI_95_icc
0,75.0,6.0,18.0,80.0,0.965047547246,0.0616397208748,0.982428825165,0.0300593147362
