,motion_thresh,age_l,age_u,n,med_rsq,CI_95,med_icc,CI_95_icc
0,18.0,6.0,18.0,110.0,0.974489135556,0.0296254919325,0.987274058037,0.0142877130631
