,motion_thresh,age_l,age_u,n,med_rsq,CI_95,med_icc,CI_95_icc
0,20.0,6.0,18.0,90.0,0.969896041415,0.03984419023,0.985119359206,0.0198363845878
