,motion_thresh,age_l,age_u,n,med_rsq,CI_95,med_icc,CI_95_icc
0,5.0,6.0,18.0,40.0,0.93439740773,0.0929785515924,0.967300825785,0.0424396101742
