,motion_thresh,age_l,age_u,n,med_rsq,CI_95,med_icc,CI_95_icc
0,50.0,6.0,18.0,10.0,0.75838509548,0.392064259996,0.875100916981,0.1704655735
