,motion_thresh,age_l,age_u,n,med_rsq,CI_95,med_icc,CI_95_icc
0,35.0,6.0,18.0,10.0,0.73944868303,0.672498088693,0.87600351601,0.271896501016
