,motion_thresh,age_l,age_u,n,med_rsq,CI_95,med_icc,CI_95_icc
0,20.0,6.0,18.0,80.0,0.967433881496,0.0426802865264,0.983762479098,0.0201198303806
