,motion_thresh,age_l,age_u,n,med_rsq,CI_95,med_icc,CI_95_icc
0,70.0,6.0,18.0,10.0,0.748663570256,0.459194162275,0.873807371406,0.193844442325
