,motion_thresh,age_l,age_u,n,med_rsq,CI_95,med_icc,CI_95_icc
0,10.0,6.0,18.0,70.0,0.959329738109,0.0438224127705,0.979969807203,0.0220558790342
