,motion_thresh,age_l,age_u,n,med_rsq,CI_95,med_icc,CI_95_icc
0,45.0,6.0,18.0,80.0,0.967337646585,0.055910708278,0.983646186889,0.0282053853919
