,motion_thresh,age_l,age_u,n,med_rsq,CI_95,med_icc,CI_95_icc
0,18.0,6.0,18.0,80.0,0.967734179521,0.0383902765165,0.983620119066,0.018789684607
