,motion_thresh,age_l,age_u,n,med_rsq,CI_95,med_icc,CI_95_icc
0,60.0,6.0,18.0,30.0,0.91249062625,0.124973771612,0.956938117879,0.0622869552499
