,motion_thresh,age_l,age_u,n,med_rsq,CI_95,med_icc,CI_95_icc
0,70.0,6.0,18.0,60.0,0.952909976864,0.0842695622367,0.976505654404,0.0402978363953
