,motion_thresh,age_l,age_u,n,med_rsq,CI_95,med_icc,CI_95_icc
0,25.0,6.0,18.0,80.0,0.965188880379,0.0445719066381,0.982681534832,0.0219956455104
