,motion_thresh,age_l,age_u,n,med_rsq,CI_95,med_icc,CI_95_icc
0,10.0,6.0,18.0,50.0,0.945327727452,0.0760857994263,0.973001217144,0.0375621170799
