,motion_thresh,age_l,age_u,n,med_rsq,CI_95,med_icc,CI_95_icc
0,65.0,6.0,18.0,50.0,0.945452406875,0.102964823233,0.972276997775,0.0531449247254
