,motion_thresh,age_l,age_u,n,med_rsq,CI_95,med_icc,CI_95_icc
0,65.0,6.0,18.0,90.0,0.968640713077,0.0532485618316,0.984369227047,0.0251391854379
