,motion_thresh,age_l,age_u,n,med_rsq,CI_95,med_icc,CI_95_icc
0,35.0,6.0,18.0,70.0,0.961761255699,0.0424385047682,0.981027360121,0.0216436509344
