,motion_thresh,age_l,age_u,n,med_rsq,CI_95,med_icc,CI_95_icc
0,55.0,6.0,18.0,80.0,0.96354957033,0.0587279751237,0.9818618509,0.0281936953168
