,motion_thresh,age_l,age_u,n,med_rsq,CI_95,med_icc,CI_95_icc
0,30.0,6.0,18.0,10.0,0.74915226586,0.289599476413,0.872618255131,0.12489581129
