,motion_thresh,age_l,age_u,n,med_rsq,CI_95,med_icc,CI_95_icc
0,15.0,6.0,18.0,90.0,0.969762848367,0.0441924915454,0.984779117301,0.0214174377456
