,motion_thresh,age_l,age_u,n,med_rsq,CI_95,med_icc,CI_95_icc
0,65.0,6.0,18.0,40.0,0.931737769429,0.139406864096,0.965784457265,0.0606537212614
