,motion_thresh,age_l,age_u,n,med_rsq,CI_95,med_icc,CI_95_icc
0,75.0,6.0,18.0,10.0,0.738147435527,0.506628933071,0.871977485267,0.187002966286
