,motion_thresh,age_l,age_u,n,med_rsq,CI_95,med_icc,CI_95_icc
0,70.0,6.0,18.0,50.0,0.948693611018,0.0760017535955,0.974279881426,0.0367820042747
