,motion_thresh,age_l,age_u,n,med_rsq,CI_95,med_icc,CI_95_icc
0,10.0,6.0,18.0,10.0,0.746442111032,0.264697453537,0.871999329607,0.127636482734
