,motion_thresh,age_l,age_u,n,med_rsq,CI_95,med_icc,CI_95_icc
0,10.0,6.0,18.0,60.0,0.955484020851,0.0697624220199,0.977592129151,0.0333549110986
