,motion_thresh,age_l,age_u,n,med_rsq,CI_95,med_icc,CI_95_icc
0,10.0,6.0,18.0,140.0,0.980412002363,0.0215466408606,0.990235281956,0.0104911772791
