,motion_thresh,age_l,age_u,n,med_rsq,CI_95,med_icc,CI_95_icc
0,25.0,6.0,18.0,40.0,0.934077099942,0.0877877904963,0.967611194679,0.0406433139024
