,motion_thresh,age_l,age_u,n,med_rsq,CI_95,med_icc,CI_95_icc
0,35.0,6.0,18.0,100.0,0.972917610295,0.0431337410167,0.986302476315,0.0207763600152
