,motion_thresh,age_l,age_u,n,med_rsq,CI_95,med_icc,CI_95_icc
0,60.0,6.0,18.0,20.0,0.872422499797,0.189452815927,0.936103382618,0.0761295032517
