,motion_thresh,age_l,age_u,n,med_rsq,CI_95,med_icc,CI_95_icc
0,20.0,6.0,18.0,30.0,0.905099885019,0.1261346505,0.952964372934,0.0559485334708
