,motion_thresh,age_l,age_u,n,med_rsq,CI_95,med_icc,CI_95_icc
0,60.0,6.0,18.0,100.0,0.972701795762,0.0376056113455,0.98622421162,0.0171840004283
