,motion_thresh,age_l,age_u,n,med_rsq,CI_95,med_icc,CI_95_icc
0,40.0,6.0,18.0,80.0,0.963902264368,0.0522669795095,0.981930021217,0.024640621169
