,motion_thresh,age_l,age_u,n,med_rsq,CI_95,med_icc,CI_95_icc
0,40.0,6.0,18.0,60.0,0.953359471234,0.0685599237093,0.976543104515,0.0349749505902
