,motion_thresh,age_l,age_u,n,med_rsq,CI_95,med_icc,CI_95_icc
0,40.0,6.0,18.0,100.0,0.971031146143,0.0588949587003,0.985562213082,0.02699408303
