,motion_thresh,age_l,age_u,n,med_rsq,CI_95,med_icc,CI_95_icc
0,30.0,6.0,18.0,40.0,0.935249096332,0.0980417905948,0.968006125686,0.0506984419994
