,motion_thresh,age_l,age_u,n,med_rsq,CI_95,med_icc,CI_95_icc
0,35.0,6.0,18.0,60.0,0.95758517198,0.0671767873416,0.978719436604,0.0319956679677
