,motion_thresh,age_l,age_u,n,med_rsq,CI_95,med_icc,CI_95_icc
0,40.0,6.0,18.0,10.0,0.755545670087,0.47736302178,0.878138061004,0.184547813425
