,motion_thresh,age_l,age_u,n,med_rsq,CI_95,med_icc,CI_95_icc
0,45.0,6.0,18.0,40.0,0.927691372158,0.119331019547,0.9649472821,0.0549832808709
