,motion_thresh,age_l,age_u,n,med_rsq,CI_95,med_icc,CI_95_icc
0,50.0,6.0,18.0,80.0,0.966684120082,0.0462786068253,0.983413547815,0.0222866920228
