,motion_thresh,age_l,age_u,n,med_rsq,CI_95,med_icc,CI_95_icc
0,65.0,6.0,18.0,100.0,0.971621271027,0.0594372239693,0.985716701499,0.0277287639915
