,motion_thresh,age_l,age_u,n,med_rsq,CI_95,med_icc,CI_95_icc
0,80.0,6.0,18.0,20.0,0.856118482092,0.268883936596,0.930452971456,0.113624248941
