,motion_thresh,age_l,age_u,n,med_rsq,CI_95,med_icc,CI_95_icc
0,5.0,6.0,18.0,100.0,0.973750907385,0.0380450706454,0.986889462311,0.0183841388624
