,motion_thresh,age_l,age_u,n,med_rsq,CI_95,med_icc,CI_95_icc
0,80.0,6.0,18.0,70.0,0.961761586539,0.0421487241568,0.980986041661,0.0209935847443
