,motion_thresh,age_l,age_u,n,med_rsq,CI_95,med_icc,CI_95_icc
0,20.0,6.0,18.0,70.0,0.961862857896,0.0456903141906,0.981079047047,0.0234219542536
