,motion_thresh,age_l,age_u,n,med_rsq,CI_95,med_icc,CI_95_icc
0,5.0,6.0,18.0,60.0,0.954247988948,0.05820348772,0.977247860992,0.0280265715039
