,motion_thresh,age_l,age_u,n,med_rsq,CI_95,med_icc,CI_95_icc
0,15.0,6.0,18.0,30.0,0.913145235651,0.168076490518,0.956114957203,0.0749096390787
