,motion_thresh,age_l,age_u,n,med_rsq,CI_95,med_icc,CI_95_icc
0,55.0,6.0,18.0,70.0,0.960279591975,0.0608962425101,0.980224310608,0.0284247280147
