,motion_thresh,age_l,age_u,n,med_rsq,CI_95,med_icc,CI_95_icc
0,55.0,6.0,18.0,100.0,0.972608426361,0.0348739635748,0.986287062595,0.0168069744045
