,motion_thresh,age_l,age_u,n,med_rsq,CI_95,med_icc,CI_95_icc
0,5.0,6.0,18.0,50.0,0.944224444696,0.0591647815711,0.972198373662,0.0274493578764
