,motion_thresh,age_l,age_u,n,med_rsq,CI_95,med_icc,CI_95_icc
0,55.0,6.0,18.0,20.0,0.871717193974,0.153751951127,0.935679013516,0.0760540664072
