,motion_thresh,age_l,age_u,n,med_rsq,CI_95,med_icc,CI_95_icc
0,35.0,6.0,18.0,90.0,0.97111751824,0.0423998714402,0.985613512241,0.0220903527747
