,motion_thresh,age_l,age_u,n,med_rsq,CI_95,med_icc,CI_95_icc
0,10.0,6.0,18.0,20.0,0.868948674806,0.125526238067,0.933629143839,0.0552015257883
