,motion_thresh,age_l,age_u,n,med_rsq,CI_95,med_icc,CI_95_icc
0,75.0,6.0,18.0,70.0,0.960243087271,0.0737102327037,0.980213580539,0.0342591349205
