,motion_thresh,age_l,age_u,n,med_rsq,CI_95,med_icc,CI_95_icc
0,75.0,6.0,18.0,100.0,0.97333276876,0.0328181591958,0.986603834334,0.0163756363108
