,motion_thresh,age_l,age_u,n,med_rsq,CI_95,med_icc,CI_95_icc
0,50.0,6.0,18.0,40.0,0.933885725526,0.123034272841,0.967036558035,0.0550237775436
