,motion_thresh,age_l,age_u,n,med_rsq,CI_95,med_icc,CI_95_icc
0,60.0,6.0,18.0,60.0,0.953668821072,0.076056409767,0.976973492073,0.0359983231686
