,motion_thresh,age_l,age_u,n,med_rsq,CI_95,med_icc,CI_95_icc
0,80.0,6.0,18.0,40.0,0.930908675002,0.133317834808,0.965619432691,0.0582852049431
