,motion_thresh,age_l,age_u,n,med_rsq,CI_95,med_icc,CI_95_icc
0,65.0,6.0,18.0,20.0,0.862311658845,0.276772925952,0.93218249187,0.116983911187
