,motion_thresh,age_l,age_u,n,med_rsq,CI_95,med_icc,CI_95_icc
0,80.0,6.0,18.0,60.0,0.955113271513,0.0847512266428,0.97741468016,0.0420474525431
