,motion_thresh,age_l,age_u,n,med_rsq,CI_95,med_icc,CI_95_icc
0,45.0,6.0,18.0,10.0,0.745941079996,0.358944480083,0.87607106252,0.163350019631
