,motion_thresh,age_l,age_u,n,med_rsq,CI_95,med_icc,CI_95_icc
0,16.0,6.0,18.0,70.0,0.962771228151,0.0367389546312,0.981449258497,0.0178430056589
