,motion_thresh,age_l,age_u,n,med_rsq,CI_95,med_icc,CI_95_icc
0,18.0,6.0,18.0,100.0,0.973327248,0.0473300734379,0.986631798054,0.0239017489135
