,motion_thresh,age_l,age_u,n,med_rsq,CI_95,med_icc,CI_95_icc
0,25.0,6.0,18.0,20.0,0.869814096778,0.190025926722,0.935589778372,0.0826662306441
