,motion_thresh,age_l,age_u,n,med_rsq,CI_95,med_icc,CI_95_icc
0,35.0,6.0,18.0,10.0,0.727992278444,0.31129012213,0.862707271003,0.149681296515
