,motion_thresh,age_l,age_u,n,med_rsq,CI_95,med_icc,CI_95_icc
0,15.0,6.0,18.0,130.0,0.977981646663,0.0222544967249,0.988984160192,0.0108490753903
