,motion_thresh,age_l,age_u,n,med_rsq,CI_95,med_icc,CI_95_icc
0,40.0,6.0,18.0,130.0,0.975523804008,0.0381117581093,0.987935609805,0.0190038500203
