,motion_thresh,age_l,age_u,n,med_rsq,CI_95,med_icc,CI_95_icc
0,35.0,6.0,18.0,110.0,0.973016310898,0.0462120998528,0.986483083573,0.0235389173751
