,motion_thresh,age_l,age_u,n,med_rsq,CI_95,med_icc,CI_95_icc
0,45.0,6.0,18.0,30.0,0.906408384782,0.107467106569,0.952768614739,0.0493241334594
