,motion_thresh,age_l,age_u,n,med_rsq,CI_95,med_icc,CI_95_icc
0,10.0,6.0,18.0,110.0,0.972109049868,0.0455115389798,0.986279700815,0.0223949950426
