,motion_thresh,age_l,age_u,n,med_rsq,CI_95,med_icc,CI_95_icc
0,20.0,6.0,18.0,190.0,0.984533207115,0.0219130591541,0.992206148554,0.010729096943
