,motion_thresh,age_l,age_u,n,med_rsq,CI_95,med_icc,CI_95_icc
0,15.0,6.0,18.0,10.0,0.730137263746,0.2232106863,0.866266747979,0.109615188279
