,motion_thresh,age_l,age_u,n,med_rsq,CI_95,med_icc,CI_95_icc
0,10.0,6.0,18.0,190.0,0.98380367913,0.0203295067756,0.991975643717,0.0103172339722
