,motion_thresh,age_l,age_u,n,med_rsq,CI_95,med_icc,CI_95_icc
0,15.0,6.0,18.0,50.0,0.941914615729,0.101671549125,0.970784710379,0.0479709958835
