,motion_thresh,age_l,age_u,n,med_rsq,CI_95,med_icc,CI_95_icc
0,25.0,6.0,18.0,110.0,0.972871232503,0.0448964684457,0.986573394338,0.0222353092732
