,motion_thresh,age_l,age_u,n,med_rsq,CI_95,med_icc,CI_95_icc
0,35.0,6.0,18.0,190.0,0.984819136294,0.0227404193525,0.992344757386,0.0112734024305
