,motion_thresh,age_l,age_u,n,med_rsq,CI_95,med_icc,CI_95_icc
0,30.0,6.0,18.0,50.0,0.94328779348,0.0879507425265,0.971446883887,0.0454041427987
