,motion_thresh,age_l,age_u,n,med_rsq,CI_95,med_icc,CI_95_icc
0,5.0,6.0,18.0,170.0,0.983026707993,0.0178732542353,0.991512596265,0.00874152521471
