,motion_thresh,age_l,age_u,n,med_rsq,CI_95,med_icc,CI_95_icc
0,50.0,6.0,18.0,10.0,0.713849438999,0.649235577135,0.861997701372,0.27340915205
