,motion_thresh,age_l,age_u,n,med_rsq,CI_95,med_icc,CI_95_icc
0,35.0,6.0,18.0,30.0,0.900970445757,0.132979738561,0.950780827067,0.0686696663478
