,motion_thresh,age_l,age_u,n,med_rsq,CI_95,med_icc,CI_95_icc
0,50.0,6.0,18.0,170.0,0.982414905557,0.0274347229939,0.991248713292,0.0136619004888
