,motion_thresh,age_l,age_u,n,med_rsq,CI_95,med_icc,CI_95_icc
0,35.0,6.0,18.0,70.0,0.957604171621,0.0583299151471,0.978856453612,0.0283290191597
