,motion_thresh,age_l,age_u,n,med_rsq,CI_95,med_icc,CI_95_icc
0,25.0,6.0,18.0,190.0,0.983314623672,0.0232120514731,0.991684325792,0.0115486956007
