,motion_thresh,age_l,age_u,n,med_rsq,CI_95,med_icc,CI_95_icc
0,45.0,6.0,18.0,70.0,0.955334406152,0.099104973617,0.977633682465,0.0484233528268
