,motion_thresh,age_l,age_u,n,med_rsq,CI_95,med_icc,CI_95_icc
0,30.0,6.0,18.0,30.0,0.904414252903,0.211718616135,0.95154902169,0.0965616470789
