,motion_thresh,age_l,age_u,n,med_rsq,CI_95,med_icc,CI_95_icc
0,35.0,6.0,18.0,130.0,0.977696069799,0.0320217360406,0.988979501925,0.0156851674922
