,motion_thresh,age_l,age_u,n,med_rsq,CI_95,med_icc,CI_95_icc
0,15.0,6.0,18.0,190.0,0.984391603627,0.0300114445488,0.992218468246,0.0148802451158
