,motion_thresh,age_l,age_u,n,med_rsq,CI_95,med_icc,CI_95_icc
0,45.0,6.0,18.0,10.0,0.710828178673,0.636722922298,0.858188434006,0.244391525675
