,motion_thresh,age_l,age_u,n,med_rsq,CI_95,med_icc,CI_95_icc
0,10.0,6.0,18.0,130.0,0.976809579751,0.0387296439198,0.988494316176,0.0190321332062
