,motion_thresh,age_l,age_u,n,med_rsq,CI_95,med_icc,CI_95_icc
0,10.0,6.0,18.0,170.0,0.982645833107,0.0211540460123,0.991317653758,0.0105013381628
