,motion_thresh,age_l,age_u,n,med_rsq,CI_95,med_icc,CI_95_icc
0,50.0,6.0,18.0,90.0,0.966075166018,0.0554416453871,0.982956712729,0.026708794179
