,motion_thresh,age_l,age_u,n,med_rsq,CI_95,med_icc,CI_95_icc
0,10.0,6.0,18.0,70.0,0.957925064417,0.0502906154665,0.9789259372,0.0244930835444
