,motion_thresh,age_l,age_u,n,med_rsq,CI_95,med_icc,CI_95_icc
0,5.0,6.0,18.0,110.0,0.971952492664,0.0359078298821,0.986034007045,0.0186477871284
