,motion_thresh,age_l,age_u,n,med_rsq,CI_95,med_icc,CI_95_icc
0,5.0,6.0,18.0,150.0,0.980955284224,0.0177568250895,0.990443036701,0.00876593280463
