,motion_thresh,age_l,age_u,n,med_rsq,CI_95,med_icc,CI_95_icc
0,20.0,6.0,18.0,130.0,0.977436437098,0.0267654708408,0.988804419097,0.0133620083311
