,motion_thresh,age_l,age_u,n,med_rsq,CI_95,med_icc,CI_95_icc
0,5.0,6.0,18.0,90.0,0.967124927321,0.0409500612617,0.983653125845,0.0198327114902
