,motion_thresh,age_l,age_u,n,med_rsq,CI_95,med_icc,CI_95_icc
0,45.0,6.0,18.0,130.0,0.975938122398,0.0362521077009,0.988053846298,0.018191394025
