,motion_thresh,age_l,age_u,n,med_rsq,CI_95,med_icc,CI_95_icc
0,10.0,6.0,18.0,150.0,0.980568448062,0.0267268449566,0.99024256953,0.0133092215714
