,motion_thresh,age_l,age_u,n,med_rsq,CI_95,med_icc,CI_95_icc
0,30.0,6.0,18.0,110.0,0.973116175538,0.0398506111288,0.986684471152,0.0195163827626
