,motion_thresh,age_l,age_u,n,med_rsq,CI_95,med_icc,CI_95_icc
0,45.0,6.0,18.0,170.0,0.98192288661,0.034446339195,0.99091241921,0.0175634234875
