,motion_thresh,age_l,age_u,n,med_rsq,CI_95,med_icc,CI_95_icc
0,40.0,6.0,18.0,150.0,0.980122291744,0.0341033145998,0.990147197093,0.0170722577446
