,motion_thresh,age_l,age_u,n,med_rsq,CI_95,med_icc,CI_95_icc
0,50.0,6.0,18.0,150.0,0.979748372287,0.0378267500236,0.989853102143,0.0184734330979
