,motion_thresh,age_l,age_u,n,med_rsq,CI_95,med_icc,CI_95_icc
0,15.0,6.0,18.0,30.0,0.90259366777,0.111655504162,0.950934754856,0.054278200374
