,motion_thresh,age_l,age_u,n,med_rsq,CI_95,med_icc,CI_95_icc
0,30.0,6.0,18.0,150.0,0.979463414971,0.0249876605492,0.989814316358,0.0121077211302
