,motion_thresh,age_l,age_u,n,med_rsq,CI_95,med_icc,CI_95_icc
0,25.0,6.0,18.0,30.0,0.900285203635,0.14531362287,0.951137111008,0.0669325852111
