,motion_thresh,age_l,age_u,n,med_rsq,CI_95,med_icc,CI_95_icc
0,10.0,6.0,18.0,50.0,0.94367046855,0.0559569211693,0.971494974495,0.0283709088447
