,motion_thresh,age_l,age_u,n,med_rsq,CI_95,med_icc,CI_95_icc
0,15.0,6.0,18.0,170.0,0.981920080314,0.0192647297919,0.990967901057,0.00975083212339
