,motion_thresh,age_l,age_u,n,med_rsq,CI_95,med_icc,CI_95_icc
0,50.0,6.0,18.0,70.0,0.955374649148,0.101863314425,0.977815035575,0.0489549571132
