,motion_thresh,age_l,age_u,n,med_rsq,CI_95,med_icc,CI_95_icc
0,5.0,6.0,18.0,130.0,0.977357879132,0.0296394518319,0.988710504604,0.0151407040716
