,motion_thresh,age_l,age_u,n,med_rsq,CI_95,med_icc,CI_95_icc
0,10.0,6.0,18.0,90.0,0.96524992958,0.0486815629131,0.982714139849,0.0239683239422
