,motion_thresh,age_l,age_u,n,med_rsq,CI_95,med_icc,CI_95_icc
0,5.0,6.0,18.0,30.0,0.902828257179,0.116600990031,0.951304100888,0.055351427946
