,motion_thresh,age_l,age_u,n,med_rsq,CI_95,med_icc,CI_95_icc
0,20.0,6.0,18.0,90.0,0.968415801348,0.0556964230862,0.983813994191,0.0268696981381
