,motion_thresh,age_l,age_u,n,med_rsq,CI_95,med_icc,CI_95_icc
0,25.0,6.0,18.0,130.0,0.976543056113,0.0435210892269,0.988397370907,0.0217220079452
