,motion_thresh,age_l,age_u,n,med_rsq,CI_95,med_icc,CI_95_icc
0,10.0,6.0,18.0,10.0,0.733316847497,0.356056347781,0.867145845467,0.170816705503
