,motion_thresh,age_l,age_u,n,med_rsq,CI_95,med_icc,CI_95_icc
0,15.0,6.0,18.0,110.0,0.971884168853,0.0321631594804,0.985825874039,0.0159868892767
