,motion_thresh,age_l,age_u,n,med_rsq,CI_95,med_icc,CI_95_icc
0,40.0,6.0,18.0,90.0,0.968447648496,0.047771653405,0.984257237359,0.023471569209
