,motion_thresh,age_l,age_u,n,med_rsq,CI_95,med_icc,CI_95_icc
0,20.0,6.0,18.0,30.0,0.902098975943,0.169578533217,0.951381998259,0.0825936725706
