,motion_thresh,age_l,age_u,n,med_rsq,CI_95,med_icc,CI_95_icc
0,20.0,6.0,18.0,10.0,0.727620023438,0.525863934288,0.861722058877,0.216202874657
