,motion_thresh,age_l,age_u,n,med_rsq,CI_95,med_icc,CI_95_icc
0,35.0,6.0,18.0,170.0,0.981480072811,0.0282363296688,0.990747636761,0.0139596571574
