,motion_thresh,age_l,age_u,n,med_rsq,CI_95,med_icc,CI_95_icc
0,35.0,6.0,18.0,150.0,0.980787938705,0.0297740304042,0.990407001932,0.0148444343004
