,motion_thresh,age_l,age_u,n,med_rsq,CI_95,med_icc,CI_95_icc
0,20.0,6.0,18.0,170.0,0.982644205423,0.0228257205419,0.991326227703,0.0111042265681
