,motion_thresh,age_l,age_u,n,med_rsq,CI_95,med_icc,CI_95_icc
0,20.0,6.0,18.0,110.0,0.973224192989,0.0342693965222,0.986596580993,0.0169578545304
