,motion_thresh,age_l,age_u,n,med_rsq,CI_95,med_icc,CI_95_icc
0,45.0,6.0,18.0,150.0,0.980766325674,0.0262905296323,0.990373256955,0.0129859093868
