,motion_thresh,age_l,age_u,n,med_rsq,CI_95,med_icc,CI_95_icc
0,15.0,6.0,18.0,70.0,0.954014937208,0.048927825177,0.976895462147,0.0235237629813
