,motion_thresh,age_l,age_u,n,med_rsq,CI_95,med_icc,CI_95_icc
0,30.0,6.0,18.0,170.0,0.981710135547,0.0270373679305,0.991005234548,0.0128101428301
