,motion_thresh,age_l,age_u,n,med_rsq,CI_95,med_icc,CI_95_icc
0,20.0,6.0,18.0,70.0,0.958196441587,0.0552882837726,0.979463867347,0.0277377313256
