,motion_thresh,age_l,age_u,n,med_rsq,CI_95,med_icc,CI_95_icc
0,30.0,6.0,18.0,190.0,0.984226425293,0.0223139678888,0.992051398115,0.0110364631554
