,motion_thresh,age_l,age_u,n,med_rsq,CI_95,med_icc,CI_95_icc
0,5.0,6.0,18.0,190.0,0.981349421205,0.0148585796789,0.990922735651,0.00715393082432
