,motion_thresh,age_l,age_u,n,med_rsq,CI_95,med_icc,CI_95_icc
0,50.0,6.0,18.0,190.0,0.984539061212,0.0304346698494,0.992245572015,0.0150854138469
