,motion_thresh,age_l,age_u,n,med_rsq,CI_95,med_icc,CI_95_icc
0,25.0,6.0,18.0,90.0,0.965772364984,0.0538681818684,0.982836717699,0.0268647220981
