,motion_thresh,age_l,age_u,n,med_rsq,CI_95,med_icc,CI_95_icc
0,35.0,6.0,18.0,50.0,0.937528398435,0.122046827002,0.969170731271,0.059756183897
