,motion_thresh,age_l,age_u,n,med_rsq,CI_95,med_icc,CI_95_icc
0,40.0,6.0,18.0,70.0,0.955624041977,0.0716032802626,0.97771281444,0.0346126717625
