,motion_thresh,age_l,age_u,n,med_rsq,CI_95,med_icc,CI_95_icc
0,25.0,6.0,18.0,150.0,0.979687427986,0.0312563750491,0.989870159904,0.0153302769111
