,motion_thresh,age_l,age_u,n,med_rsq,CI_95,med_icc,CI_95_icc
0,50.0,6.0,18.0,110.0,0.973856767502,0.0333349170916,0.987124957141,0.0163621602113
