,motion_thresh,age_l,age_u,n,med_rsq,CI_95,med_icc,CI_95_icc
0,5.0,6.0,18.0,10.0,0.722460500839,0.42329346716,0.862988835877,0.189518739927
