,motion_thresh,age_l,age_u,n,med_rsq,CI_95,med_icc,CI_95_icc
0,25.0,6.0,18.0,170.0,0.981000186107,0.0352042261564,0.9905645443,0.0173688584572
