,motion_thresh,age_l,age_u,n,med_rsq,CI_95,med_icc,CI_95_icc
0,30.0,6.0,18.0,130.0,0.977177044067,0.0425383828706,0.988678256985,0.0216125121272
