,motion_thresh,age_l,age_u,n,med_rsq,CI_95,med_icc,CI_95_icc
0,40.0,6.0,18.0,190.0,0.983856585919,0.0330459277344,0.991927049341,0.0162745010093
