,motion_thresh,age_l,age_u,n,med_rsq,CI_95,med_icc,CI_95_icc
0,30.0,6.0,18.0,70.0,0.957927377557,0.0781023375432,0.979141543282,0.0388548764652
