,motion_thresh,age_l,age_u,n,med_rsq,CI_95,med_icc,CI_95_icc
0,15.0,6.0,18.0,90.0,0.966409593337,0.0434771819618,0.983214270266,0.0213642953614
