,motion_thresh,age_l,age_u,n,med_rsq,CI_95,med_icc,CI_95_icc
0,5.0,6.0,18.0,70.0,0.958627624731,0.0401621082055,0.979249360158,0.0190096154529
