,motion_thresh,age_l,age_u,n,med_rsq,CI_95,med_icc,CI_95_icc
0,40.0,6.0,18.0,110.0,0.97357795285,0.047234915755,0.986671064668,0.0236347941615
