,motion_thresh,age_l,age_u,n,med_rsq,CI_95,med_icc,CI_95_icc
0,15.0,6.0,18.0,150.0,0.980035679383,0.0289495328901,0.98999513096,0.0144048614352
