,motion_thresh,age_l,age_u,n,med_rsq,CI_95,med_icc,CI_95_icc
0,5.0,6.0,18.0,50.0,0.941780963913,0.0801600106093,0.970674087438,0.038182285728
