,motion_thresh,age_l,age_u,n,med_rsq,CI_95,med_icc,CI_95_icc
0,45.0,6.0,18.0,90.0,0.967686081599,0.056466510518,0.983714436747,0.028326609889
