,motion_thresh,age_l,age_u,n,med_rsq,CI_95,med_icc,CI_95_icc
0,45.0,6.0,18.0,50.0,0.943565062384,0.11782048921,0.972288236704,0.0565216541567
