,motion_thresh,age_l,age_u,n,med_rsq,CI_95,med_icc,CI_95_icc
0,45.0,6.0,18.0,190.0,0.983011090593,0.029622153435,0.991532222111,0.0146346887565
