,motion_thresh,age_l,age_u,n,med_rsq,CI_95,med_icc,CI_95_icc
0,20.0,6.0,18.0,150.0,0.979279684131,0.0324056407789,0.989746900627,0.0159420456378
