,motion_thresh,age_l,age_u,n,med_rsq,CI_95,med_icc,CI_95_icc
0,10.0,6.0,18.0,30.0,0.901082604006,0.102245952104,0.950880878538,0.0470328089985
