,motion_thresh,age_l,age_u,n,med_rsq,CI_95,med_icc,CI_95_icc
0,40.0,6.0,18.0,30.0,0.902947952552,0.144793913663,0.952263394132,0.0665295100521
