,motion_thresh,age_l,age_u,n,med_rsq,CI_95,med_icc,CI_95_icc
0,30.0,6.0,18.0,90.0,0.966059431567,0.0592373087059,0.983132670333,0.0277561201378
