,motion_thresh,age_l,age_u,n,med_rsq,CI_95,med_icc,CI_95_icc
0,50.0,6.0,18.0,30.0,0.904733764333,0.138614454309,0.952730932948,0.0634058352863
