,motion_thresh,age_l,age_u,n,med_rsq,CI_95,med_icc,CI_95_icc
0,25.0,6.0,18.0,50.0,0.941928972461,0.0807597586758,0.970710596721,0.0379117629774
