,motion_thresh,age_l,age_u,n,med_rsq,CI_95,med_icc,CI_95_icc
0,25.0,6.0,18.0,70.0,0.955938075283,0.0809801858159,0.978033043828,0.0382492428212
