,motion_thresh,age_l,age_u,n,med_rsq,CI_95,med_icc,CI_95_icc
0,45.0,6.0,18.0,110.0,0.972865285158,0.0382429452592,0.986504707422,0.0191377763569
