,motion_thresh,age_l,age_u,n,med_rsq,CI_95,med_icc,CI_95_icc
0,50.0,6.0,18.0,50.0,0.942715756849,0.0871184162451,0.971261865245,0.040071223105
