,motion_thresh,age_l,age_u,n,med_rsq,CI_95,med_icc,CI_95_icc
0,40.0,6.0,18.0,170.0,0.982923676314,0.0276715033251,0.991473890716,0.0137515760368
