,motion_thresh,age_l,age_u,n,med_rsq,CI_95,med_icc,CI_95_icc
0,40.0,6.0,18.0,10.0,0.710621001047,0.381763483772,0.856959371269,0.151073152609
