,motion_thresh,age_l,age_u,n,med_rsq,CI_95,med_icc,CI_95_icc
0,50.0,6.0,18.0,130.0,0.977210909435,0.0300078063554,0.988692461971,0.0147081314331
