,motion_thresh,age_l,age_u,n,med_rsq,CI_95,med_icc,CI_95_icc
0,40.0,6.0,18.0,50.0,0.942920876747,0.0618990321433,0.971836218496,0.0303502579849
