,motion_thresh,age_l,age_u,n,med_rsq,CI_95,med_icc,CI_95_icc
0,25.0,6.0,18.0,10.0,0.72465444971,0.369236468454,0.866603054556,0.167611430949
