,motion_thresh,age_l,age_u,n,med_rsq,CI_95,med_icc,CI_95_icc
0,35.0,6.0,18.0,90.0,0.965316278004,0.0570492600427,0.982671131122,0.0288422324317
