,motion_thresh,age_l,age_u,n,med_rsq,CI_95,med_icc,CI_95_icc
0,45.0,6.0,18.0,100.0,0.97271242695,0.0527515793299,0.986490264894,0.0245505114383
