,motion_thresh,age_l,age_u,n,med_rsq,CI_95,med_icc,CI_95_icc
0,70.0,6.0,18.0,20.0,0.857771734794,0.280438578838,0.930460199869,0.12445969628
