,motion_thresh,age_l,age_u,n,med_rsq,CI_95,med_icc,CI_95_icc
0,15.0,6.0,18.0,80.0,0.966561045206,0.0431028936837,0.983331201296,0.0220302171784
