,motion_thresh,age_l,age_u,n,med_rsq,CI_95,med_icc,CI_95_icc
0,80.0,6.0,18.0,50.0,0.946399743001,0.099318698066,0.973300201515,0.049717757246
