,motion_thresh,age_l,age_u,n,med_rsq,CI_95,med_icc,CI_95_icc
0,60.0,6.0,18.0,40.0,0.929092113276,0.128851028264,0.964350088667,0.061734272989
