,motion_thresh,age_l,age_u,n,med_rsq,CI_95,med_icc,CI_95_icc
0,20.0,6.0,18.0,100.0,0.974248503814,0.0342003305445,0.987218928319,0.0166793510183
