,motion_thresh,age_l,age_u,n,med_rsq,CI_95,med_icc,CI_95_icc
0,60.0,6.0,18.0,70.0,0.961197289497,0.0670358917978,0.980442002822,0.031386324873
