,motion_thresh,age_l,age_u,n,med_rsq,CI_95,med_icc,CI_95_icc
0,75.0,6.0,18.0,100.0,0.971707569297,0.066627127999,0.985756961328,0.0309436119478
