,motion_thresh,age_l,age_u,n,med_rsq,CI_95,med_icc,CI_95_icc
0,80.0,6.0,18.0,80.0,0.96508019429,0.0666139881027,0.982450535191,0.0323136119348
