,motion_thresh,age_l,age_u,n,med_rsq,CI_95,med_icc,CI_95_icc
0,30.0,6.0,18.0,20.0,0.86748577087,0.214962412184,0.933330747819,0.0993361243881
