,motion_thresh,age_l,age_u,n,med_rsq,CI_95,med_icc,CI_95_icc
0,30.0,6.0,18.0,60.0,0.957237487043,0.060944048106,0.978496319201,0.0297871925551
