,motion_thresh,age_l,age_u,n,med_rsq,CI_95,med_icc,CI_95_icc
0,60.0,6.0,18.0,20.0,0.872333684809,0.231710034368,0.936648927136,0.101998618991
