,motion_thresh,age_l,age_u,n,med_rsq,CI_95,med_icc,CI_95_icc
0,45.0,6.0,18.0,50.0,0.947507197291,0.0572931513228,0.973750857093,0.0293556896451
