,motion_thresh,age_l,age_u,n,med_rsq,CI_95,med_icc,CI_95_icc
0,20.0,6.0,18.0,70.0,0.963196835275,0.0600245815061,0.981457455225,0.0305411029368
