,motion_thresh,age_l,age_u,n,med_rsq,CI_95,med_icc,CI_95_icc
0,15.0,6.0,18.0,60.0,0.956670230184,0.0687909473952,0.978335534904,0.0340784731311
