,motion_thresh,age_l,age_u,n,med_rsq,CI_95,med_icc,CI_95_icc
0,25.0,6.0,18.0,40.0,0.929972080193,0.0902137328657,0.965298542829,0.0480140116704
