,motion_thresh,age_l,age_u,n,med_rsq,CI_95,med_icc,CI_95_icc
0,60.0,6.0,18.0,50.0,0.946157227299,0.10699692714,0.97271301584,0.0538880340926
