,motion_thresh,age_l,age_u,n,med_rsq,CI_95,med_icc,CI_95_icc
0,55.0,6.0,18.0,70.0,0.958624361003,0.0690946436807,0.979079143926,0.0342236833307
