,motion_thresh,age_l,age_u,n,med_rsq,CI_95,med_icc,CI_95_icc
0,75.0,6.0,18.0,80.0,0.960994909688,0.0564754157596,0.980426423667,0.0296068324663
