,motion_thresh,age_l,age_u,n,med_rsq,CI_95,med_icc,CI_95_icc
0,5.0,6.0,18.0,80.0,0.966286123434,0.037859492077,0.98326631383,0.0181235661115
