,motion_thresh,age_l,age_u,n,med_rsq,CI_95,med_icc,CI_95_icc
0,20.0,6.0,18.0,60.0,0.956322551058,0.0780085731304,0.978223769634,0.0366602807998
