,motion_thresh,age_l,age_u,n,med_rsq,CI_95,med_icc,CI_95_icc
0,70.0,6.0,18.0,80.0,0.967062946892,0.0570171641977,0.983403736933,0.0292707313764
