,motion_thresh,age_l,age_u,n,med_rsq,CI_95,med_icc,CI_95_icc
0,50.0,6.0,18.0,30.0,0.911642393893,0.13767501027,0.955561691791,0.0627154716476
