,motion_thresh,age_l,age_u,n,med_rsq,CI_95,med_icc,CI_95_icc
0,10.0,6.0,18.0,80.0,0.965862837732,0.0498988654093,0.982816189442,0.0244802492713
