,motion_thresh,age_l,age_u,n,med_rsq,CI_95,med_icc,CI_95_icc
0,55.0,6.0,18.0,30.0,0.911383022322,0.229677112958,0.955441632661,0.107306735715
