,motion_thresh,age_l,age_u,n,med_rsq,CI_95,med_icc,CI_95_icc
0,15.0,6.0,18.0,40.0,0.933776118077,0.081075497084,0.966719143523,0.0405954662964
