,motion_thresh,age_l,age_u,n,med_rsq,CI_95,med_icc,CI_95_icc
0,40.0,6.0,18.0,20.0,0.861847101328,0.19665312955,0.931217648052,0.0896399576879
