,motion_thresh,age_l,age_u,n,med_rsq,CI_95,med_icc,CI_95_icc
0,35.0,6.0,18.0,30.0,0.909403784895,0.127435489635,0.954917808004,0.0598512367938
