,motion_thresh,age_l,age_u,n,med_rsq,CI_95,med_icc,CI_95_icc
0,10.0,6.0,18.0,40.0,0.934115169593,0.0754567928807,0.967362557277,0.0343752069134
