,motion_thresh,age_l,age_u,n,med_rsq,CI_95,med_icc,CI_95_icc
0,60.0,6.0,18.0,80.0,0.964626677787,0.0650124259021,0.982496132341,0.0315814706621
