,motion_thresh,age_l,age_u,n,med_rsq,CI_95,med_icc,CI_95_icc
0,30.0,6.0,18.0,90.0,0.970169522532,0.0476236686393,0.985149849024,0.0246813187961
