,motion_thresh,age_l,age_u,n,med_rsq,CI_95,med_icc,CI_95_icc
0,35.0,6.0,18.0,100.0,0.974218534693,0.0491803631487,0.987023917668,0.0249740164431
