,motion_thresh,age_l,age_u,n,med_rsq,CI_95,med_icc,CI_95_icc
0,70.0,6.0,18.0,40.0,0.934544619344,0.120755290977,0.967438486815,0.0595391690004
