,motion_thresh,age_l,age_u,n,med_rsq,CI_95,med_icc,CI_95_icc
0,45.0,6.0,18.0,20.0,0.866161887932,0.342140723002,0.933143643152,0.155314228635
