,motion_thresh,age_l,age_u,n,med_rsq,CI_95,med_icc,CI_95_icc
0,80.0,6.0,18.0,10.0,0.727153131865,0.584541011481,0.86663306359,0.240900064738
