,motion_thresh,age_l,age_u,n,med_rsq,CI_95,med_icc,CI_95_icc
0,45.0,6.0,18.0,60.0,0.95458615574,0.047417939802,0.977041455116,0.0229299478212
