,motion_thresh,age_l,age_u,n,med_rsq,CI_95,med_icc,CI_95_icc
0,45.0,6.0,18.0,70.0,0.961618721423,0.064887757143,0.981145921651,0.0325572713088
