,motion_thresh,age_l,age_u,n,med_rsq,CI_95,med_icc,CI_95_icc
0,50.0,6.0,18.0,40.0,0.934443514331,0.11839504484,0.966917399515,0.0528707217152
