,motion_thresh,age_l,age_u,n,med_rsq,CI_95,med_icc,CI_95_icc
0,15.0,6.0,18.0,70.0,0.961101203114,0.0581451822701,0.980371943886,0.0268518509886
