,motion_thresh,age_l,age_u,n,med_rsq,CI_95,med_icc,CI_95_icc
0,75.0,6.0,18.0,50.0,0.943704867706,0.0892194081752,0.971827130443,0.0454468219322
