,motion_thresh,age_l,age_u,n,med_rsq,CI_95,med_icc,CI_95_icc
0,55.0,6.0,18.0,10.0,0.73236434138,0.460748790236,0.869055307042,0.187120862771
