,motion_thresh,age_l,age_u,n,med_rsq,CI_95,med_icc,CI_95_icc
0,55.0,6.0,18.0,90.0,0.971434196365,0.049569302315,0.98569616717,0.0254287550251
