,motion_thresh,age_l,age_u,n,med_rsq,CI_95,med_icc,CI_95_icc
0,80.0,6.0,18.0,40.0,0.93141379185,0.0877844786708,0.965414371901,0.0433610573257
