,motion_thresh,age_l,age_u,n,med_rsq,CI_95,med_icc,CI_95_icc
0,20.0,6.0,18.0,20.0,0.870201412436,0.179058267232,0.934844424454,0.0780203644018
