,motion_thresh,age_l,age_u,n,med_rsq,CI_95,med_icc,CI_95_icc
0,70.0,6.0,18.0,70.0,0.961670825696,0.0472406527982,0.98093373717,0.0223814083149
