,motion_thresh,age_l,age_u,n,med_rsq,CI_95,med_icc,CI_95_icc
0,35.0,6.0,18.0,60.0,0.955182771053,0.0733227835698,0.977335981537,0.0335084705231
