,motion_thresh,age_l,age_u,n,med_rsq,CI_95,med_icc,CI_95_icc
0,70.0,6.0,18.0,90.0,0.968547531086,0.0577535035706,0.983990135583,0.026840579487
