,motion_thresh,age_l,age_u,n,med_rsq,CI_95,med_icc,CI_95_icc
0,35.0,6.0,18.0,70.0,0.961650410111,0.0534813787913,0.98065567474,0.0260150546723
