,motion_thresh,age_l,age_u,n,med_rsq,CI_95,med_icc,CI_95_icc
0,55.0,6.0,18.0,100.0,0.973470716925,0.0423545582528,0.986637662622,0.0207597563051
