,motion_thresh,age_l,age_u,n,med_rsq,CI_95,med_icc,CI_95_icc
0,40.0,6.0,18.0,60.0,0.949635414102,0.080074059416,0.974993968463,0.0397090456523
