,motion_thresh,age_l,age_u,n,med_rsq,CI_95,med_icc,CI_95_icc
0,5.0,6.0,18.0,40.0,0.933995782202,0.0595394551494,0.966777774538,0.0313511315782
