,motion_thresh,age_l,age_u,n,med_rsq,CI_95,med_icc,CI_95_icc
0,55.0,6.0,18.0,60.0,0.951209853153,0.0659709189525,0.975819285964,0.0317092814677
