,motion_thresh,age_l,age_u,n,med_rsq,CI_95,med_icc,CI_95_icc
0,70.0,6.0,18.0,10.0,0.735814177145,0.405862457664,0.865672466061,0.162808510924
