,motion_thresh,age_l,age_u,n,med_rsq,CI_95,med_icc,CI_95_icc
0,15.0,6.0,18.0,30.0,0.913573302517,0.0934730266486,0.95633474534,0.0459236325772
