,motion_thresh,age_l,age_u,n,med_rsq,CI_95,med_icc,CI_95_icc
0,45.0,6.0,18.0,90.0,0.968599460561,0.0541208890679,0.984530089575,0.0275010021555
