,motion_thresh,age_l,age_u,n,med_rsq,CI_95,med_icc,CI_95_icc
0,30.0,6.0,18.0,40.0,0.93545533565,0.0839144526589,0.967159251344,0.0415798233966
