,motion_thresh,age_l,age_u,n,med_rsq,CI_95,med_icc,CI_95_icc
0,75.0,6.0,18.0,90.0,0.968647925217,0.0683297755385,0.984356141699,0.0340916076017
