,motion_thresh,age_l,age_u,n,med_rsq,CI_95,med_icc,CI_95_icc
0,20.0,6.0,18.0,80.0,0.964511457555,0.0491911322146,0.982057834441,0.0253573445328
