,motion_thresh,age_l,age_u,n,med_rsq,CI_95,med_icc,CI_95_icc
0,75.0,6.0,18.0,70.0,0.961444343354,0.0528770083204,0.980748244375,0.0257563915445
