,motion_thresh,age_l,age_u,n,med_rsq,CI_95,med_icc,CI_95_icc
0,25.0,6.0,18.0,90.0,0.969498425385,0.0521994157403,0.984409938238,0.0254883858578
