,motion_thresh,age_l,age_u,n,med_rsq,CI_95,med_icc,CI_95_icc
0,15.0,6.0,18.0,50.0,0.946507976383,0.069308184905,0.973379894577,0.0325195990896
