,motion_thresh,age_l,age_u,n,med_rsq,CI_95,med_icc,CI_95_icc
0,5.0,6.0,18.0,60.0,0.955411763376,0.0418793036005,0.977933679916,0.0202989080176
