,motion_thresh,age_l,age_u,n,med_rsq,CI_95,med_icc,CI_95_icc
0,65.0,6.0,18.0,60.0,0.956015993924,0.0795170948819,0.977920384307,0.0375841357379
