,motion_thresh,age_l,age_u,n,med_rsq,CI_95,med_icc,CI_95_icc
0,15.0,6.0,18.0,100.0,0.972162165978,0.0403675573223,0.986186070457,0.0193195906749
