,motion_thresh,age_l,age_u,n,med_rsq,CI_95,med_icc,CI_95_icc
0,40.0,6.0,18.0,40.0,0.932970704473,0.113572743504,0.966615368558,0.0540809063606
