,motion_thresh,age_l,age_u,n,med_rsq,CI_95,med_icc,CI_95_icc
0,65.0,6.0,18.0,20.0,0.855387610297,0.22998522553,0.929155138118,0.0942130103517
