,motion_thresh,age_l,age_u,n,med_rsq,CI_95,med_icc,CI_95_icc
0,30.0,6.0,18.0,70.0,0.960494157638,0.0614026432356,0.98024057077,0.0287592241049
