,motion_thresh,age_l,age_u,n,med_rsq,CI_95,med_icc,CI_95_icc
0,50.0,6.0,18.0,50.0,0.945383728873,0.0969194208216,0.972938232349,0.0453768070554
