,motion_thresh,age_l,age_u,n,med_rsq,CI_95,med_icc,CI_95_icc
0,50.0,6.0,18.0,70.0,0.960500585974,0.0611367398592,0.980484521546,0.0299830983963
