,motion_thresh,age_l,age_u,n,med_rsq,CI_95,med_icc,CI_95_icc
0,5.0,6.0,18.0,70.0,0.960778651463,0.0318861339338,0.980320598198,0.0163328071268
