,motion_thresh,age_l,age_u,n,med_rsq,CI_95,med_icc,CI_95_icc
0,40.0,6.0,18.0,80.0,0.964496210513,0.0606240362324,0.982386120731,0.0314516338068
