,motion_thresh,age_l,age_u,n,med_rsq,CI_95,med_icc,CI_95_icc
0,35.0,6.0,18.0,50.0,0.948316993268,0.0905837466587,0.974119253386,0.0450984815415
