,motion_thresh,age_l,age_u,n,med_rsq,CI_95,med_icc,CI_95_icc
0,75.0,6.0,18.0,40.0,0.929507804583,0.131256565564,0.965201092466,0.0583519009527
