,motion_thresh,age_l,age_u,n,med_rsq,CI_95,med_icc,CI_95_icc
0,55.0,6.0,18.0,80.0,0.965852805579,0.0550765691319,0.98300568375,0.0274192001762
