,motion_thresh,age_l,age_u,n,med_rsq,CI_95,med_icc,CI_95_icc
0,5.0,6.0,18.0,50.0,0.944659879796,0.080111182838,0.97239408135,0.0394005326697
