,motion_thresh,age_l,age_u,n,med_rsq,CI_95,med_icc,CI_95_icc
0,45.0,6.0,18.0,80.0,0.96666467844,0.0684284943368,0.983265802856,0.0318851962786
