,motion_thresh,age_l,age_u,n,med_rsq,CI_95,med_icc,CI_95_icc
0,55.0,6.0,18.0,20.0,0.866081532366,0.195462709602,0.933292796723,0.0926490160852
