,motion_thresh,age_l,age_u,n,med_rsq,CI_95,med_icc,CI_95_icc
0,45.0,6.0,18.0,10.0,0.751659953008,0.377832257859,0.876703083633,0.165593217242
