,motion_thresh,age_l,age_u,n,med_rsq,CI_95,med_icc,CI_95_icc
0,30.0,6.0,18.0,10.0,0.760591171158,0.354904597279,0.879389297209,0.163545677921
