,motion_thresh,age_l,age_u,n,med_rsq,CI_95,med_icc,CI_95_icc
0,60.0,6.0,18.0,60.0,0.954068104127,0.0596447607228,0.977022085008,0.0286166739104
