,motion_thresh,age_l,age_u,n,med_rsq,CI_95,med_icc,CI_95_icc
0,30.0,6.0,18.0,30.0,0.906438392134,0.130897200948,0.953997417408,0.0620199963993
