,motion_thresh,age_l,age_u,n,med_rsq,CI_95,med_icc,CI_95_icc
0,25.0,6.0,18.0,60.0,0.953596070119,0.0647773718719,0.976842049763,0.029437397473
