,motion_thresh,age_l,age_u,n,med_rsq,CI_95,med_icc,CI_95_icc
0,40.0,6.0,18.0,70.0,0.961234398684,0.0471801359596,0.98025995517,0.0234889964985
