,motion_thresh,age_l,age_u,n,med_rsq,CI_95,med_icc,CI_95_icc
0,60.0,6.0,18.0,30.0,0.911496385345,0.181875764499,0.955832558451,0.0860034066623
