,motion_thresh,age_l,age_u,n,med_rsq,CI_95,med_icc,CI_95_icc
0,20.0,6.0,18.0,50.0,0.946425674602,0.054089546449,0.973203094953,0.0264559864438
