,motion_thresh,age_l,age_u,n,med_rsq,CI_95,med_icc,CI_95_icc
0,65.0,6.0,18.0,70.0,0.96206899914,0.0468781792546,0.981304221778,0.024519391554
