,motion_thresh,age_l,age_u,n,med_rsq,CI_95,med_icc,CI_95_icc
0,50.0,6.0,18.0,10.0,0.74106547441,0.396975847569,0.868496177612,0.172819893744
