,motion_thresh,age_l,age_u,n,med_rsq,CI_95,med_icc,CI_95_icc
0,80.0,6.0,18.0,30.0,0.900638551308,0.15445671582,0.951111788038,0.0718227283656
