,motion_thresh,age_l,age_u,n,med_rsq,CI_95,med_icc,CI_95_icc
0,75.0,6.0,18.0,10.0,0.752795016972,0.33148248064,0.874255524502,0.160127915767
