,motion_thresh,age_l,age_u,n,med_rsq,CI_95,med_icc,CI_95_icc
0,60.0,6.0,18.0,90.0,0.969412468788,0.0503865631162,0.984602932727,0.0251687729218
