,motion_thresh,age_l,age_u,n,med_rsq,CI_95,med_icc,CI_95_icc
0,35.0,6.0,18.0,80.0,0.966168424816,0.0522914920908,0.983006488192,0.0237057084047
