,motion_thresh,age_l,age_u,n,med_rsq,CI_95,med_icc,CI_95_icc
0,55.0,6.0,18.0,40.0,0.932590897638,0.10982253095,0.965393143976,0.0499344488715
