,motion_thresh,age_l,age_u,n,med_rsq,CI_95,med_icc,CI_95_icc
0,65.0,6.0,18.0,40.0,0.930638323195,0.135659976425,0.96573283927,0.0603979026663
