,motion_thresh,age_l,age_u,n,med_rsq,CI_95,med_icc,CI_95_icc
0,40.0,6.0,18.0,50.0,0.948221375785,0.0918764578873,0.974164683983,0.0472557674722
