,motion_thresh,age_l,age_u,n,med_rsq,CI_95,med_icc,CI_95_icc
0,65.0,6.0,18.0,10.0,0.73594428338,0.358856475676,0.870174318967,0.136781674343
