,motion_thresh,age_l,age_u,n,med_rsq,CI_95,med_icc,CI_95_icc
0,20.0,6.0,18.0,40.0,0.93393003935,0.0836957022044,0.966728238134,0.0419699550896
