,motion_thresh,age_l,age_u,n,med_rsq,CI_95,med_icc,CI_95_icc
0,70.0,6.0,18.0,60.0,0.954723434906,0.0749681731277,0.977312031192,0.035897010099
