,motion_thresh,age_l,age_u,n,med_rsq,CI_95,med_icc,CI_95_icc
0,30.0,6.0,18.0,100.0,0.973336836073,0.0391681599058,0.986773524083,0.019714419984
