,motion_thresh,age_l,age_u,n,med_rsq,CI_95,med_icc,CI_95_icc
0,75.0,6.0,18.0,20.0,0.86286895424,0.336253986682,0.930124195574,0.15358386007
