,motion_thresh,age_l,age_u,n,med_rsq,CI_95,med_icc,CI_95_icc
0,25.0,6.0,18.0,100.0,0.974026076297,0.0269450854286,0.987006687772,0.0136847411922
