,motion_thresh,age_l,age_u,n,med_rsq,CI_95,med_icc,CI_95_icc
0,65.0,6.0,18.0,50.0,0.947028164761,0.0775450618687,0.97363916159,0.0375443511182
