,motion_thresh,age_l,age_u,n,med_rsq,CI_95,med_icc,CI_95_icc
0,50.0,6.0,18.0,100.0,0.972940347309,0.0401017438962,0.986626154942,0.0198717137048
