,motion_thresh,age_l,age_u,n,med_rsq,CI_95,med_icc,CI_95_icc
0,40.0,6.0,18.0,10.0,0.738289688007,0.340005263532,0.871929973985,0.164648906073
