,motion_thresh,age_l,age_u,n,med_rsq,CI_95,med_icc,CI_95_icc
0,40.0,6.0,18.0,90.0,0.97078799424,0.049302518043,0.985398056357,0.0241055418261
