,motion_thresh,age_l,age_u,n,med_rsq,CI_95,med_icc,CI_95_icc
0,25.0,6.0,18.0,10.0,0.751111330092,0.408981187149,0.875007936247,0.173141181055
