,motion_thresh,age_l,age_u,n,med_rsq,CI_95,med_icc,CI_95_icc
0,25.0,6.0,18.0,20.0,0.868506798617,0.180392756213,0.933970965294,0.0827306910143
