,motion_thresh,age_l,age_u,n,med_rsq,CI_95,med_icc,CI_95_icc
0,80.0,6.0,18.0,20.0,0.860774299453,0.267847499835,0.931211296206,0.126866651596
