,motion_thresh,age_l,age_u,n,med_rsq,CI_95,med_icc,CI_95_icc
0,70.0,6.0,18.0,30.0,0.906468501086,0.132387654065,0.953716538803,0.0640965228642
