,motion_thresh,age_l,age_u,n,med_rsq,CI_95,med_icc,CI_95_icc
0,50.0,6.0,18.0,80.0,0.966743664011,0.0610130692019,0.983479742038,0.0306881429406
