,motion_thresh,age_l,age_u,n,med_rsq,CI_95,med_icc,CI_95_icc
0,30.0,6.0,18.0,80.0,0.965908427884,0.0484658130318,0.982758593068,0.0233405286876
