,motion_thresh,age_l,age_u,n,med_rsq,CI_95,med_icc,CI_95_icc
0,80.0,6.0,18.0,90.0,0.96820348127,0.0464820549216,0.984143810953,0.0221203567151
