,motion_thresh,age_l,age_u,n,med_rsq,CI_95,med_icc,CI_95_icc
0,20.0,6.0,18.0,30.0,0.914885075209,0.0976183049545,0.957889194056,0.0456267692302
