,motion_thresh,age_l,age_u,n,med_rsq,CI_95,med_icc,CI_95_icc
0,65.0,6.0,18.0,100.0,0.971846712257,0.090399030153,0.985903230706,0.0424904831187
