,motion_thresh,age_l,age_u,n,med_rsq,CI_95,med_icc,CI_95_icc
0,5.0,6.0,18.0,30.0,0.91305888532,0.0963001727131,0.956096108103,0.0439308650536
