,motion_thresh,age_l,age_u,n,med_rsq,CI_95,med_icc,CI_95_icc
0,10.0,6.0,18.0,70.0,0.961602281169,0.0526646373212,0.980874113114,0.0267608485589
