,motion_thresh,age_l,age_u,n,med_rsq,CI_95,med_icc,CI_95_icc
0,80.0,6.0,18.0,60.0,0.956100551101,0.0511815515299,0.977746059672,0.0244473246166
