,motion_thresh,age_l,age_u,n,med_rsq,CI_95,med_icc,CI_95_icc
0,25.0,6.0,18.0,80.0,0.963791870321,0.0478938740393,0.982100639077,0.0228326895065
