,motion_thresh,age_l,age_u,n,med_rsq,CI_95,med_icc,CI_95_icc
0,55.0,6.0,18.0,50.0,0.945794305702,0.0716856206312,0.973339948665,0.0376415055994
