,motion_thresh,age_l,age_u,n,med_rsq,CI_95,med_icc,CI_95_icc
0,15.0,6.0,18.0,10.0,0.762934566388,0.298367641404,0.880705361368,0.136468024683
