,motion_thresh,age_l,age_u,n,med_rsq,CI_95,med_icc,CI_95_icc
0,60.0,6.0,18.0,100.0,0.972405014716,0.0544465215027,0.986153588624,0.0283364398328
