,motion_thresh,age_l,age_u,n,med_rsq,CI_95,med_icc,CI_95_icc
0,10.0,6.0,18.0,20.0,0.863754828543,0.168503540867,0.931115063307,0.0760802878669
