,motion_thresh,age_l,age_u,n,med_rsq,CI_95,med_icc,CI_95_icc
0,15.0,6.0,18.0,20.0,0.87113915984,0.169293889978,0.935341592821,0.0784535044347
