,motion_thresh,age_l,age_u,n,med_rsq,CI_95,med_icc,CI_95_icc
0,45.0,6.0,18.0,30.0,0.911895291403,0.125501562012,0.955846495317,0.0602671207652
