,motion_thresh,age_l,age_u,n,med_rsq,CI_95,med_icc,CI_95_icc
0,10.0,6.0,18.0,90.0,0.969989197174,0.0318435822543,0.985145945278,0.0162475866637
