,motion_thresh,age_l,age_u,n,med_rsq,CI_95,med_icc,CI_95_icc
0,65.0,6.0,18.0,30.0,0.911074941102,0.159593037613,0.955509465973,0.071830144908
