,motion_thresh,age_l,age_u,n,med_rsq,CI_95,med_icc,CI_95_icc
0,80.0,6.0,18.0,70.0,0.961752386076,0.064090970705,0.98099796191,0.0305656187069
