,motion_thresh,age_l,age_u,n,med_rsq,CI_95,med_icc,CI_95_icc
0,35.0,6.0,18.0,20.0,0.871578123192,0.169412562016,0.936430295641,0.0755264209117
