,motion_thresh,age_l,age_u,n,med_rsq,CI_95,med_icc,CI_95_icc
0,65.0,6.0,18.0,90.0,0.970101370172,0.0441681427539,0.984932662774,0.0214254957605
