,motion_thresh,age_l,age_u,n,med_rsq,CI_95,med_icc,CI_95_icc
0,5.0,6.0,18.0,100.0,0.972018887653,0.033398038711,0.986244162425,0.0163111181941
