,motion_thresh,age_l,age_u,n,med_rsq,CI_95,med_icc,CI_95_icc
0,40.0,6.0,18.0,100.0,0.972492042855,0.046024979105,0.986241712803,0.0227598144249
