,motion_thresh,age_l,age_u,n,med_rsq,CI_95,med_icc,CI_95_icc
0,70.0,6.0,18.0,100.0,0.973558777368,0.0414938920461,0.986684320619,0.0198368133747
