,motion_thresh,age_l,age_u,n,med_rsq,CI_95,med_icc,CI_95_icc
0,35.0,6.0,18.0,40.0,0.936115879086,0.0925862599507,0.967858686342,0.0455783601803
