,motion_thresh,age_l,age_u,n,med_rsq,CI_95,med_icc,CI_95_icc
0,35.0,6.0,18.0,90.0,0.969389431711,0.0593635830066,0.984767575365,0.0290918479486
