,motion_thresh,age_l,age_u,n,med_rsq,CI_95,med_icc,CI_95_icc
0,45.0,6.0,18.0,40.0,0.931706860577,0.111926746536,0.965365045367,0.0583509080118
