,motion_thresh,age_l,age_u,n,med_rsq,CI_95,med_icc,CI_95_icc
0,80.0,6.0,18.0,100.0,0.972963362265,0.049491435723,0.986430088451,0.0248111012154
