,motion_thresh,age_l,age_u,n,med_rsq,CI_95,med_icc,CI_95_icc
0,30.0,6.0,18.0,50.0,0.94808040836,0.0957542231875,0.97382601499,0.0475813551424
