,motion_thresh,age_l,age_u,n,med_rsq,CI_95,med_icc,CI_95_icc
0,10.0,6.0,18.0,100.0,0.972643771908,0.04609227169,0.986361536941,0.0219010081468
