,motion_thresh,age_l,age_u,n,med_rsq,CI_95,med_icc,CI_95_icc
0,10.0,6.0,18.0,10.0,0.735510222924,0.450659545934,0.871886997206,0.19642966366
