,motion_thresh,age_l,age_u,n,med_rsq,CI_95,med_icc,CI_95_icc
0,5.0,6.0,18.0,20.0,0.86200725653,0.12201874751,0.933596558492,0.0628806731686
