,motion_thresh,age_l,age_u,n,med_rsq,CI_95,med_icc,CI_95_icc
0,65.0,6.0,18.0,80.0,0.967310972001,0.0563733628385,0.98338597527,0.0286915250116
