,motion_thresh,age_l,age_u,n,med_rsq,CI_95,med_icc,CI_95_icc
0,50.0,6.0,18.0,60.0,0.954287475499,0.0715532355496,0.977013035694,0.0362473106898
