,motion_thresh,age_l,age_u,n,med_rsq,CI_95,med_icc,CI_95_icc
0,15.0,6.0,18.0,90.0,0.969613093689,0.0354735017192,0.984687115113,0.0185327996988
