,motion_thresh,age_l,age_u,n,med_rsq,CI_95,med_icc,CI_95_icc
0,60.0,6.0,18.0,10.0,0.734327962554,0.354898752232,0.866695496878,0.149678936235
