,motion_thresh,age_l,age_u,n,med_rsq,CI_95,med_icc,CI_95_icc
0,10.0,6.0,18.0,50.0,0.945366018341,0.0873730343807,0.972452849046,0.0420189595442
