,motion_thresh,age_l,age_u,n,med_rsq,CI_95,med_icc,CI_95_icc
0,35.0,6.0,18.0,10.0,0.735544798755,0.37573137895,0.870445546928,0.153314299866
