,motion_thresh,age_l,age_u,n,med_rsq,CI_95,med_icc,CI_95_icc
0,25.0,6.0,18.0,50.0,0.947227870633,0.0873681431718,0.973741623662,0.042915772555
