,motion_thresh,age_l,age_u,n,med_rsq,CI_95,med_icc,CI_95_icc
0,20.0,6.0,18.0,10.0,0.738419882765,0.384217050653,0.870541043748,0.150500414791
