,motion_thresh,age_l,age_u,n,med_rsq,CI_95,med_icc,CI_95_icc
0,20.0,6.0,18.0,90.0,0.971115950882,0.0319073678863,0.985703251162,0.0155950406042
