,motion_thresh,age_l,age_u,n,med_rsq,CI_95,med_icc,CI_95_icc
0,70.0,6.0,18.0,50.0,0.94606124138,0.0557357712863,0.972900238172,0.0284463309832
