,motion_thresh,age_l,age_u,n,med_rsq,CI_95,med_icc,CI_95_icc
0,25.0,6.0,18.0,70.0,0.960937495978,0.0557006165967,0.980595227707,0.0287872883374
